ISO-10303-21;
HEADER;
FILE_DESCRIPTION(('ViewDefinition [CoordinationView_V2.0]','RevitIdentifiers [ContentGUID: be0d1124-7961-457b-aa04-cd03d7b3b8cb, VersionGUID: 9523de38-5c35-4962-a210-374453de25dc, NumberOfSaves: 91]','CoordinateReference [CoordinateBase: Coordenadas compartilhadas]'),'2;1');
FILE_NAME('CASA-EST.ifc','2026-09-02T23:27:20-03:00',(''),(''),'ODA SDAI 24.6','Autodesk Revit 24.3.30.11 (PTB) - IFC 24.3.30.11','');
FILE_SCHEMA(('IFC2X3'));
ENDSEC;

DATA;
#1=IFCORGANIZATION($,'Autodesk Revit 2024 (PTB)',$,$,$);
#2=IFCAPPLICATION(#1,'2024','Autodesk Revit 2024 (PTB)','Revit');
#3=IFCCARTESIANPOINT((0.,0.,0.));
#4=IFCCARTESIANPOINT((0.,0.));
#5=IFCDIRECTION((1.,0.,0.));
#6=IFCDIRECTION((-1.,0.,0.));
#7=IFCDIRECTION((0.,1.,0.));
#8=IFCDIRECTION((0.,-1.,0.));
#9=IFCDIRECTION((0.,0.,1.));
#10=IFCDIRECTION((0.,0.,-1.));
#11=IFCDIRECTION((1.,0.));
#12=IFCDIRECTION((-1.,0.));
#13=IFCDIRECTION((0.,1.));
#14=IFCDIRECTION((0.,-1.));
#15=IFCPERSON($,'','biaginialmeida',$,$,$,$,$);
#16=IFCORGANIZATION($,'','',$,$);
#17=IFCPERSONANDORGANIZATION(#15,#16,$);
#18=IFCOWNERHISTORY(#17,#2,$,.NOCHANGE.,$,$,$,1788402378);
#19=IFCSIUNIT(*,.LENGTHUNIT.,$,.METRE.);
#20=IFCAXIS2PLACEMENT3D(#3,$,$);
#21=IFCDIRECTION((6.1230317691118863E-17,1.));
#22=IFCGEOMETRICREPRESENTATIONCONTEXT($,'Model',3,1.0000000000000001E-05,#20,#21);
#23=IFCGEOMETRICREPRESENTATIONSUBCONTEXT('Axis','Model',*,*,*,*,#22,$,.GRAPH_VIEW.,$);
#24=IFCGEOMETRICREPRESENTATIONSUBCONTEXT('Body','Model',*,*,*,*,#22,$,.MODEL_VIEW.,$);
#25=IFCGEOMETRICREPRESENTATIONSUBCONTEXT('Box','Model',*,*,*,*,#22,$,.MODEL_VIEW.,$);
#26=IFCGEOMETRICREPRESENTATIONSUBCONTEXT('FootPrint','Model',*,*,*,*,#22,$,.MODEL_VIEW.,$);
#27=IFCPROJECT('2_3H4aUM55Uwe4pGCeJ4Sx',#18,'0001',$,$,'Nome do projeto','Status do projeto',(#22),#4760);
#28=IFCCLASSIFICATION('CSI (Construction Specifications Institute)','1998',$,'Uniformat');
#29=IFCAXIS2PLACEMENT3D(#3,$,$);
#30=IFCLOCALPLACEMENT(#74,#29);
#31=IFCPOSTALADDRESS($,$,$,$,('Insira aqui o endere\X\E7o'),$,'','Bras\X\EDlia','','Brasil');
#32=IFCBUILDING('2_3H4aUM55Uwe4pGCeJ4Sw',#18,'',$,$,#30,$,'',.ELEMENT.,$,$,#31);
#33=IFCCARTESIANPOINT((0.,0.,-0.10000000000014102));
#34=IFCAXIS2PLACEMENT3D(#33,$,$);
#35=IFCLOCALPLACEMENT(#30,#34);
#36=IFCBUILDINGSTOREY('1qv6ynVKX7xf87anS8vNi1',#18,'01-BALDRAMES (-0,10)',$,'N\X\EDvel:Cabe\X\E7a de 8 mm',#35,$,'01-BALDRAMES (-0,10)',.ELEMENT.,-0.10000000000014102);
#37=IFCCARTESIANPOINT((0.,0.,3.1499999999997663));
#38=IFCAXIS2PLACEMENT3D(#37,$,$);
#39=IFCLOCALPLACEMENT(#30,#38);
#40=IFCBUILDINGSTOREY('2XoQAIDBvCs8NlduBsq76Q',#18,'03-VIGAMENTO PORTAS DE VIDRO (PARTE INFERIOR) (+3,75)',$,'N\X\EDvel:Cabe\X\E7a de 8 mm',#39,$,'03-VIGAMENTO PORTAS DE VIDRO (PARTE INFERIOR) (+3,75)',.ELEMENT.,3.1499999999997663);
#41=IFCCARTESIANPOINT((0.,0.,3.3499999999997669));
#42=IFCAXIS2PLACEMENT3D(#41,$,$);
#43=IFCLOCALPLACEMENT(#30,#42);
#44=IFCBUILDINGSTOREY('0NXVOP0$L9hBbOq3O$JqFU',#18,'02-LAJE INFERIOR(+3,35)',$,'N\X\EDvel:Cabe\X\E7a de 8 mm',#43,$,'02-LAJE INFERIOR(+3,35)',.ELEMENT.,3.3499999999997669);
#45=IFCCARTESIANPOINT((0.,0.,3.4499999999999997));
#46=IFCAXIS2PLACEMENT3D(#45,$,$);
#47=IFCLOCALPLACEMENT(#30,#46);
#48=IFCBUILDINGSTOREY('03oS1_rC5BgRSWmGARjplp',#18,'VM',$,'N\X\EDvel:Cabe\X\E7a de 8 mm',#47,$,'VM',.ELEMENT.,3.4499999999999997);
#49=IFCCARTESIANPOINT((0.,0.,4.4500000000000002));
#50=IFCAXIS2PLACEMENT3D(#49,$,$);
#51=IFCLOCALPLACEMENT(#30,#50);
#52=IFCBUILDINGSTOREY('2AnbPH7xHFQBrrfORw34p4',#18,'04-LAJE SALA (+4.45)',$,'N\X\EDvel:Cabe\X\E7a de 8 mm',#51,$,'04-LAJE SALA (+4.45)',.ELEMENT.,4.4500000000000002);
#53=IFCCARTESIANPOINT((0.,0.,4.900000000000075));
#54=IFCAXIS2PLACEMENT3D(#53,$,$);
#55=IFCLOCALPLACEMENT(#30,#54);
#56=IFCBUILDINGSTOREY('03oS1_rC5BgRSWmGARjpYC',#18,'VM FUNDO (+4.90)',$,'N\X\EDvel:Cabe\X\E7a de 8 mm',#55,$,'VM FUNDO (+4.90)',.ELEMENT.,4.900000000000075);
#57=IFCCARTESIANPOINT((0.,0.,5.2000000000000748));
#58=IFCAXIS2PLACEMENT3D(#57,$,$);
#59=IFCLOCALPLACEMENT(#30,#58);
#60=IFCBUILDINGSTOREY('03oS1_rC5BgRSWmGARjpjm',#18,'VM TOPO (+5.20)',$,'N\X\EDvel:Cabe\X\E7a de 8 mm',#59,$,'VM TOPO (+5.20)',.ELEMENT.,5.2000000000000748);
#61=IFCCARTESIANPOINT((0.,0.,5.4500000000000002));
#62=IFCAXIS2PLACEMENT3D(#61,$,$);
#63=IFCLOCALPLACEMENT(#30,#62);
#64=IFCBUILDINGSTOREY('2yt$ycS5r7TQaW_GtXXUxY',#18,'FINAL PLATIBANDA SALA (+5.45)',$,'N\X\EDvel:Cabe\X\E7a de 8 mm',#63,$,'FINAL PLATIBANDA SALA (+5.45)',.ELEMENT.,5.4500000000000002);
#65=IFCCARTESIANPOINT((0.,0.,5.6999999999999993));
#66=IFCAXIS2PLACEMENT3D(#65,$,$);
#67=IFCLOCALPLACEMENT(#30,#66);
#68=IFCBUILDINGSTOREY('0rsgCbE59AdAT6hmjir3An',#18,'05-FINAL PLATIBANDA FRONTAL (+5,70)',$,'N\X\EDvel:Cabe\X\E7a de 8 mm',#67,$,'05-FINAL PLATIBANDA FRONTAL (+5,70)',.ELEMENT.,5.6999999999999993);
#69=IFCCARTESIANPOINT((0.,0.,6.1999999999999993));
#70=IFCAXIS2PLACEMENT3D(#69,$,$);
#71=IFCLOCALPLACEMENT(#30,#70);
#72=IFCBUILDINGSTOREY('2yt$ycS5r7TQaW_GtXXU$F',#18,'05-FINAL PLATIBANDA BARRILETE (+6,20)',$,'N\X\EDvel:Cabe\X\E7a de 8 mm',#71,$,'05-FINAL PLATIBANDA BARRILETE (+6,20)',.ELEMENT.,6.1999999999999993);
#73=IFCAXIS2PLACEMENT3D(#3,$,$);
#74=IFCLOCALPLACEMENT($,#73);
#75=IFCSITE('2_3H4aUM55Uwe4pGCeJ4Sv',#18,'Default',$,$,#74,$,$,.ELEMENT.,(-15,-52,0,-120620),(-47,-55,0,-114440),0.,$,$);
#76=IFCGROUP('0ekhV2_H95TvLl4hLKomqp',#18,'Grupo de modelos:AION-GM_BIM-JD_SUL_60-EST-R06:610800',$,'Grupo de modelos:AION-GM_BIM-JD_SUL_60-EST-R06');
#77=IFCAXIS2PLACEMENT3D(#3,$,$);
#79=IFCAXIS2PLACEMENT3D(#3,$,$);
#81=IFCAXIS2PLACEMENT3D(#3,$,$);
#83=IFCAXIS2PLACEMENT3D(#3,$,$);
#85=IFCAXIS2PLACEMENT3D(#3,$,$);
#87=IFCAXIS2PLACEMENT3D(#3,$,$);
#89=IFCAXIS2PLACEMENT3D(#3,$,$);
#91=IFCAXIS2PLACEMENT3D(#3,$,$);
#93=IFCAXIS2PLACEMENT3D(#3,$,$);
#95=IFCAXIS2PLACEMENT3D(#3,$,$);
#97=IFCAXIS2PLACEMENT3D(#3,$,$);
#99=IFCAXIS2PLACEMENT3D(#3,$,$);
#101=IFCAXIS2PLACEMENT3D(#3,$,$);
#103=IFCAXIS2PLACEMENT3D(#3,$,$);
#105=IFCAXIS2PLACEMENT3D(#3,$,$);
#107=IFCAXIS2PLACEMENT3D(#3,$,$);
#109=IFCAXIS2PLACEMENT3D(#3,$,$);
#111=IFCAXIS2PLACEMENT3D(#3,$,$);
#113=IFCAXIS2PLACEMENT3D(#3,$,$);
#115=IFCAXIS2PLACEMENT3D(#3,$,$);
#117=IFCAXIS2PLACEMENT3D(#3,$,$);
#119=IFCAXIS2PLACEMENT3D(#3,$,$);
#127=IFCAXIS2PLACEMENT3D(#3,$,$);
#129=IFCAXIS2PLACEMENT3D(#3,$,$);
#137=IFCAXIS2PLACEMENT3D(#3,$,$);
#139=IFCAXIS2PLACEMENT3D(#3,$,$);
#141=IFCAXIS2PLACEMENT3D(#3,$,$);
#143=IFCAXIS2PLACEMENT3D(#3,$,$);
#145=IFCCARTESIANPOINT((0.,0.));
#146=IFCAXIS2PLACEMENT2D(#145,#11);
#147=IFCRECTANGLEPROFILEDEF(.AREA.,'P13 3168',#146,0.30000000000000004,0.14000000000000001);
#148=IFCCARTESIANPOINT((0.,0.,6.));
#149=IFCAXIS2PLACEMENT3D(#148,#9,#8);
#150=IFCEXTRUDEDAREASOLID(#147,#149,#9,1.1500000000000006);
#151=IFCSIUNIT(*,.PLANEANGLEUNIT.,$,.RADIAN.);
#152=IFCDIMENSIONALEXPONENTS(0,0,0,0,0,0,0);
#153=IFCMEASUREWITHUNIT(IFCPLANEANGLEMEASURE(0.017453292519943278),#151);
#154=IFCCONVERSIONBASEDUNIT(#152,.PLANEANGLEUNIT.,'DEGREE',#153);
#155=IFCSIUNIT(*,.AREAUNIT.,$,.SQUARE_METRE.);
#156=IFCCOLOURRGB($,0.36078431372549019,0.36078431372549019,0.36078431372549019);
#157=IFCSURFACESTYLERENDERING(#156,0.,$,$,$,$,IFCNORMALISEDRATIOMEASURE(0.5),IFCSPECULAREXPONENT(128.),.NOTDEFINED.);
#158=IFCSURFACESTYLE('Concreto moldado in loco_Pilares',.BOTH.,(#157));
#159=IFCPRESENTATIONSTYLEASSIGNMENT((#158));
#160=IFCSTYLEDITEM(#150,(#159),$);
#161=IFCSHAPEREPRESENTATION(#24,'Body','SweptSolid',(#150));
#162=IFCAXIS2PLACEMENT3D(#3,$,$);
#163=IFCREPRESENTATIONMAP(#162,#161);
#164=IFCCOLUMNTYPE('0ekhV2_H95TvLl4hLKomJ4',#18,'P13 3168:P13 3168',$,$,(#188),(#163),'567677',$,.COLUMN.);
#165=IFCMATERIAL('Concreto moldado in loco_Pilares');
#166=IFCPRESENTATIONSTYLEASSIGNMENT((#158));
#167=IFCSTYLEDITEM($,(#166),$);
#168=IFCSTYLEDREPRESENTATION(#22,'Style','Material',(#167));
#169=IFCMATERIALDEFINITIONREPRESENTATION($,$,(#168),#165);
#170=IFCCARTESIANTRANSFORMATIONOPERATOR3D($,$,#3,1.,$);
#171=IFCMAPPEDITEM(#163,#170);
#172=IFCSHAPEREPRESENTATION(#24,'Body','MappedRepresentation',(#171));
#173=IFCPRODUCTDEFINITIONSHAPE($,$,(#172));
#174=IFCCARTESIANPOINT((-9.750246196152009,0.082949075557449875,-6.1999999999999993));
#175=IFCAXIS2PLACEMENT3D(#174,$,$);
#176=IFCLOCALPLACEMENT(#71,#175);
#177=IFCCOLUMN('0ekhV2_H95TvLl4hLKomlT',#18,'P9',$,'P13 3168:P13 3168',#176,#173,'612126');
#178=IFCPROPERTYSINGLEVALUE('Reference',$,IFCIDENTIFIER('Pilar C-25 - Retangular 14x30'),$);
#179=IFCPROPERTYSINGLEVALUE('IsExternal',$,IFCBOOLEAN(.T.),$);
#180=IFCPROPERTYSINGLEVALUE('LoadBearing',$,IFCBOOLEAN(.T.),$);
#181=IFCPROPERTYSET('0nA$dDtxNYzGXpUcIHPXZz',#18,'Pset_ColumnCommon',$,(#178,#179,#180));
#182=IFCPROPERTYSET('3BOVHrrKRPDx9dOEFJzofl',#18,'Pset_QuantityTakeOff',$,(#178));
#183=IFCPROPERTYSINGLEVALUE('Reference',$,IFCLABEL('Pilar C-25 - Retangular 14x30'),$);
#184=IFCPROPERTYSET('3xEmH61qQWYYuHmixqTdu5',#18,'Pset_ReinforcementBarPitchOfColumn',$,(#183));
#185=IFCRELDEFINESBYPROPERTIES('3MyxTrV4ge2Zwv5$F5QBRz',#18,$,$,(#177),#181);
#186=IFCRELDEFINESBYPROPERTIES('1ZXQpTz72FwzJtah2L7B7o',#18,$,$,(#177),#182);
#187=IFCRELDEFINESBYPROPERTIES('0iIuLjYgIiuuNoJDD86MBn',#18,$,$,(#177),#184);
#188=IFCPROPERTYSET('0YhSRhq6xRgD$e7Umf$yRE',#18,'Pset_ColumnCommon',$,(#180));
#189=IFCMAPPEDITEM(#163,#170);
#190=IFCSHAPEREPRESENTATION(#24,'Body','MappedRepresentation',(#189));
#191=IFCPRODUCTDEFINITIONSHAPE($,$,(#190));
#192=IFCCARTESIANPOINT((-9.750246196152009,4.5329490755574495,-6.1999999999999993));
#193=IFCAXIS2PLACEMENT3D(#192,$,$);
#194=IFCLOCALPLACEMENT(#71,#193);
#195=IFCCOLUMN('0ekhV2_H95TvLl4hLKomlS',#18,'P8',$,'P13 3168:P13 3168',#194,#191,'612127');
#196=IFCPROPERTYSET('2mPwvXa9psaS4_bhKoeoSy',#18,'Pset_ColumnCommon',$,(#178,#179,#180));
#197=IFCPROPERTYSET('23Wzm6wJgki3Fekvvg6hko',#18,'Pset_QuantityTakeOff',$,(#178));
#198=IFCPROPERTYSINGLEVALUE('Reference',$,IFCLABEL('Pilar C-25 - Retangular 14x30'),$);
#199=IFCPROPERTYSET('1DaWsa5A4JLctn6i5_VHBd',#18,'Pset_ReinforcementBarPitchOfColumn',$,(#198));
#200=IFCRELDEFINESBYPROPERTIES('3yD00ptEOC5djJ6BUABL28',#18,$,$,(#195),#196);
#201=IFCRELDEFINESBYPROPERTIES('2PtQ$IWXNV6ODfXnkaOqYt',#18,$,$,(#195),#197);
#202=IFCRELDEFINESBYPROPERTIES('2X0mAv5HZKd$2JHvhrJSCc',#18,$,$,(#195),#199);
#203=IFCAXIS2PLACEMENT3D(#3,$,$);
#205=IFCCARTESIANPOINT((0.,0.));
#206=IFCAXIS2PLACEMENT2D(#205,#11);
#207=IFCRECTANGLEPROFILEDEF(.AREA.,'P11 3106',#206,0.40000000000000002,0.14000000000000001);
#208=IFCCARTESIANPOINT((0.,0.,6.));
#209=IFCAXIS2PLACEMENT3D(#208,#9,#8);
#210=IFCEXTRUDEDAREASOLID(#207,#209,#9,1.1500000000000006);
#211=IFCSTYLEDITEM(#210,(#159),$);
#212=IFCSHAPEREPRESENTATION(#24,'Body','SweptSolid',(#210));
#213=IFCAXIS2PLACEMENT3D(#3,$,$);
#214=IFCREPRESENTATIONMAP(#213,#212);
#215=IFCCOLUMNTYPE('0ekhV2_H95TvLl4hLKomJB',#18,'P11 3106:P11 3106',$,$,(#231),(#214),'567673',$,.COLUMN.);
#216=IFCMAPPEDITEM(#214,#170);
#217=IFCSHAPEREPRESENTATION(#24,'Body','MappedRepresentation',(#216));
#218=IFCPRODUCTDEFINITIONSHAPE($,$,(#217));
#219=IFCCARTESIANPOINT((-14.350246196152009,4.4829490755574506,-6.1999999999999993));
#220=IFCAXIS2PLACEMENT3D(#219,$,$);
#221=IFCLOCALPLACEMENT(#71,#220);
#222=IFCCOLUMN('0ekhV2_H95TvLl4hLKomlZ',#18,'P7',$,'P11 3106:P11 3106',#221,#218,'612128');
#223=IFCPROPERTYSINGLEVALUE('Reference',$,IFCIDENTIFIER('Pilar C-25 - Retangular 14x40'),$);
#224=IFCPROPERTYSET('0mxcsAEE0rYSCkjcYJ6Hbd',#18,'Pset_ColumnCommon',$,(#179,#180,#223));
#225=IFCPROPERTYSET('1qNlDcT000aoEIGaRTdn5i',#18,'Pset_QuantityTakeOff',$,(#223));
#226=IFCPROPERTYSINGLEVALUE('Reference',$,IFCLABEL('Pilar C-25 - Retangular 14x40'),$);
#227=IFCPROPERTYSET('0IXIUzgS$HWEtrhvJg9F6t',#18,'Pset_ReinforcementBarPitchOfColumn',$,(#226));
#228=IFCRELDEFINESBYPROPERTIES('0l_r2q__kAOB$Ej7u6GtG0',#18,$,$,(#222),#224);
#229=IFCRELDEFINESBYPROPERTIES('1BvFRr3kaceRVdN0_1mui9',#18,$,$,(#222),#225);
#230=IFCRELDEFINESBYPROPERTIES('1PjairGyoP9MBcp24ekx1q',#18,$,$,(#222),#227);
#231=IFCPROPERTYSET('1GmmhQkixWffNEbGw30v5x',#18,'Pset_ColumnCommon',$,(#180));
#232=IFCAXIS2PLACEMENT3D(#3,$,$);
#234=IFCCARTESIANPOINT((0.,0.));
#235=IFCAXIS2PLACEMENT2D(#234,#11);
#236=IFCRECTANGLEPROFILEDEF(.AREA.,'P23 19044',#235,0.26000000000000001,0.14000000000000001);
#237=IFCCARTESIANPOINT((0.,0.,6.));
#238=IFCAXIS2PLACEMENT3D(#237,#9,#8);
#239=IFCEXTRUDEDAREASOLID(#236,#238,#9,1.1500000000000006);
#240=IFCSTYLEDITEM(#239,(#159),$);
#241=IFCSHAPEREPRESENTATION(#24,'Body','SweptSolid',(#239));
#242=IFCAXIS2PLACEMENT3D(#3,$,$);
#243=IFCREPRESENTATIONMAP(#242,#241);
#244=IFCCOLUMNTYPE('0ekhV2_H95TvLl4hLKomJA',#18,'P23 19044:P23 19044',$,$,(#260),(#243),'567379',$,.COLUMN.);
#245=IFCMAPPEDITEM(#243,#170);
#246=IFCSHAPEREPRESENTATION(#24,'Body','MappedRepresentation',(#245));
#247=IFCPRODUCTDEFINITIONSHAPE($,$,(#246));
#248=IFCCARTESIANPOINT((-14.350146196152009,0.062949075557450093,-6.1999999999999993));
#249=IFCAXIS2PLACEMENT3D(#248,$,$);
#250=IFCLOCALPLACEMENT(#71,#249);
#251=IFCCOLUMN('0ekhV2_H95TvLl4hLKomlY',#18,'P23',$,'P23 19044:P23 19044',#250,#247,'612129');
#252=IFCPROPERTYSINGLEVALUE('Reference',$,IFCIDENTIFIER('Pilar C-25 - Retangular 14x26'),$);
#253=IFCPROPERTYSET('0T_dbkyuzH1mInHn581Ju1',#18,'Pset_ColumnCommon',$,(#179,#180,#252));
#254=IFCPROPERTYSET('0op05U6l_euUbHnqg_DZHf',#18,'Pset_QuantityTakeOff',$,(#252));
#255=IFCPROPERTYSINGLEVALUE('Reference',$,IFCLABEL('Pilar C-25 - Retangular 14x26'),$);
#256=IFCPROPERTYSET('0nPHP7sFIl5VTNbPZL_xNy',#18,'Pset_ReinforcementBarPitchOfColumn',$,(#255));
#257=IFCRELDEFINESBYPROPERTIES('0ee5rssdROJFTG331tR4kq',#18,$,$,(#251),#253);
#258=IFCRELDEFINESBYPROPERTIES('07ZlVFOkRmBigD8ta9Rd6G',#18,$,$,(#251),#254);
#259=IFCRELDEFINESBYPROPERTIES('1p8GSD3OwLVovMdzJ5c0cs',#18,$,$,(#251),#256);
#260=IFCPROPERTYSET('2htVbSCd2xeQEvnPtw8ZVT',#18,'Pset_ColumnCommon',$,(#180));
#261=IFCAXIS2PLACEMENT3D(#3,$,$);
#262=IFCLOCALPLACEMENT(#71,#261);
#263=IFCCARTESIANPOINT((-2.2204460492503131E-16,0.));
#264=IFCAXIS2PLACEMENT2D(#263,#13);
#265=IFCRECTANGLEPROFILEDEF(.AREA.,'V33 19272',#264,0.20000000000000001,4.1500000000000004);
#266=IFCCARTESIANPOINT((-9.8202461961520093,2.3079490755574508,0.85000000000045761));
#267=IFCAXIS2PLACEMENT3D(#266,#5,#8);
#268=IFCEXTRUDEDAREASOLID(#265,#267,#9,0.14000000000000065);
#269=IFCCOLOURRGB($,0.16078431372549021,0.43137254901960786,0.5490196078431373);
#270=IFCSURFACESTYLERENDERING(#269,0.,$,$,$,$,IFCNORMALISEDRATIOMEASURE(0.5),IFCSPECULAREXPONENT(128.),.NOTDEFINED.);
#271=IFCSURFACESTYLE('Concreto moldado in loco_Vigas',.BOTH.,(#270));
#272=IFCPRESENTATIONSTYLEASSIGNMENT((#271));
#273=IFCSTYLEDITEM(#268,(#272),$);
#274=IFCSHAPEREPRESENTATION(#24,'Body','SweptSolid',(#268));
#275=IFCPRODUCTDEFINITIONSHAPE($,$,(#274));
#276=IFCBEAM('0ekhV2_H95TvLl4hLKomlX',#18,'V33',$,'V33 19272:V33 19272',#262,#275,'612130');
#277=IFCBEAMTYPE('0ekhV2_H95TvLl4hLKolGW',#18,'V33 19272:V33 19272',$,$,(#291),$,'567523',$,.NOTDEFINED.);
#278=IFCMATERIAL('Concreto moldado in loco_Vigas');
#279=IFCPRESENTATIONSTYLEASSIGNMENT((#271));
#280=IFCSTYLEDITEM($,(#279),$);
#281=IFCSTYLEDREPRESENTATION(#22,'Style','Material',(#280));
#282=IFCMATERIALDEFINITIONREPRESENTATION($,$,(#281),#278);
#283=IFCPROPERTYSINGLEVALUE('Reference',$,IFCIDENTIFIER('Viga C-25 - Se\X\E7\X\E3o Retangular 14 X 20'),$);
#284=IFCPROPERTYSET('3KM66GLh1GYmlVwDLuNFXm',#18,'Pset_BeamCommon',$,(#179,#180,#283));
#285=IFCPROPERTYSET('1FvOiYH8dCCMxF68KLhNVU',#18,'Pset_QuantityTakeOff',$,(#283));
#286=IFCPROPERTYSINGLEVALUE('Reference',$,IFCLABEL('Viga C-25 - Se\X\E7\X\E3o Retangular 14 X 20'),$);
#287=IFCPROPERTYSET('27PyrX8c7$IJbSnvIDABIn',#18,'Pset_ReinforcementBarPitchOfBeam',$,(#286));
#288=IFCRELDEFINESBYPROPERTIES('1OtBxeJik$vzpPUi4fdmgH',#18,$,$,(#276),#284);
#289=IFCRELDEFINESBYPROPERTIES('2klpJ82VDJjtWAzLJ9gkd$',#18,$,$,(#276),#285);
#290=IFCRELDEFINESBYPROPERTIES('1iVI4gBpNkPZ$UJtzgNF9i',#18,$,$,(#276),#287);
#291=IFCPROPERTYSET('3AASzsTwT45lPyUMk$1O$n',#18,'Pset_BeamCommon',$,(#180));
#292=IFCAXIS2PLACEMENT3D(#3,$,$);
#293=IFCLOCALPLACEMENT(#71,#292);
#294=IFCCARTESIANPOINT((2.2204460492503131E-16,0.));
#295=IFCAXIS2PLACEMENT2D(#294,#13);
#296=IFCRECTANGLEPROFILEDEF(.AREA.,'V32 19239',#295,0.20000000000000001,4.0899999999999999);
#297=IFCCARTESIANPOINT((-14.420246196152009,2.2379490755574496,0.85000000000045761));
#298=IFCAXIS2PLACEMENT3D(#297,#5,#8);
#299=IFCEXTRUDEDAREASOLID(#296,#298,#9,0.13999999999999849);
#300=IFCSTYLEDITEM(#299,(#272),$);
#301=IFCSHAPEREPRESENTATION(#24,'Body','SweptSolid',(#299));
#302=IFCPRODUCTDEFINITIONSHAPE($,$,(#301));
#303=IFCBEAM('0ekhV2_H95TvLl4hLKomlW',#18,'V32',$,'V32 19239:V32 19239',#293,#302,'612131');
#304=IFCBEAMTYPE('0ekhV2_H95TvLl4hLKolGY',#18,'V32 19239:V32 19239',$,$,(#312),$,'567521',$,.NOTDEFINED.);
#305=IFCPROPERTYSET('0E3fl1V6yJ01TD4wXzpcN0',#18,'Pset_BeamCommon',$,(#179,#180,#283));
#306=IFCPROPERTYSET('2La8PVAIokPv9BLgi6e$$D',#18,'Pset_QuantityTakeOff',$,(#283));
#307=IFCPROPERTYSINGLEVALUE('Reference',$,IFCLABEL('Viga C-25 - Se\X\E7\X\E3o Retangular 14 X 20'),$);
#308=IFCPROPERTYSET('269J55qLFQEtKaOmg7_I8E',#18,'Pset_ReinforcementBarPitchOfBeam',$,(#307));
#309=IFCRELDEFINESBYPROPERTIES('2W5tcgYMErg$aSCf5oasHR',#18,$,$,(#303),#305);
#310=IFCRELDEFINESBYPROPERTIES('1vXwkxJ6vKZblJqUJFxk05',#18,$,$,(#303),#306);
#311=IFCRELDEFINESBYPROPERTIES('0NBYmVgigG$vby6sNDDEsa',#18,$,$,(#303),#308);
#312=IFCPROPERTYSET('0vd2tRqsiejruPpX8fnTk6',#18,'Pset_BeamCommon',$,(#180));
#313=IFCAXIS2PLACEMENT3D(#3,$,$);
#314=IFCLOCALPLACEMENT(#71,#313);
#315=IFCCARTESIANPOINT((0.,0.));
#316=IFCAXIS2PLACEMENT2D(#315,#11);
#317=IFCRECTANGLEPROFILEDEF(.AREA.,'V31 19206',#316,0.20000000000000001,0.14000000000000001);
#318=IFCCARTESIANPOINT((-14.28014619615201,0.0029490755574507321,0.85000000000045761));
#319=IFCAXIS2PLACEMENT3D(#318,#5,#10);
#320=IFCEXTRUDEDAREASOLID(#317,#319,#9,4.4598999999999993);
#321=IFCSTYLEDITEM(#320,(#272),$);
#322=IFCSHAPEREPRESENTATION(#24,'Body','SweptSolid',(#320));
#323=IFCPRODUCTDEFINITIONSHAPE($,$,(#322));
#324=IFCBEAM('0ekhV2_H95TvLl4hLKomld',#18,'V31',$,'V31 19206:V31 19206',#314,#323,'612132');
#325=IFCBEAMTYPE('0ekhV2_H95TvLl4hLKolGS',#18,'V31 19206:V31 19206',$,$,(#333),$,'567519',$,.NOTDEFINED.);
#326=IFCPROPERTYSET('0FSdVHKGjk05VCpaP7taeM',#18,'Pset_BeamCommon',$,(#179,#180,#283));
#327=IFCPROPERTYSET('1qC5KLfgMet4v8dniVUeqq',#18,'Pset_QuantityTakeOff',$,(#283));
#328=IFCPROPERTYSINGLEVALUE('Reference',$,IFCLABEL('Viga C-25 - Se\X\E7\X\E3o Retangular 14 X 20'),$);
#329=IFCPROPERTYSET('3wHa5aTkFafrXn1B_iHCsk',#18,'Pset_ReinforcementBarPitchOfBeam',$,(#328));
#330=IFCRELDEFINESBYPROPERTIES('0IMxnaZASR_rih1lRXi$d8',#18,$,$,(#324),#326);
#331=IFCRELDEFINESBYPROPERTIES('1wJ$ZdNrwmow2_kv7EXiON',#18,$,$,(#324),#327);
#332=IFCRELDEFINESBYPROPERTIES('1ZCk07lyIbDxDyq5KZrq50',#18,$,$,(#324),#329);
#333=IFCPROPERTYSET('1DCI5_4hhn4EJ_ltdZgk51',#18,'Pset_BeamCommon',$,(#180));
#334=IFCAXIS2PLACEMENT3D(#3,$,$);
#335=IFCLOCALPLACEMENT(#71,#334);
#336=IFCCARTESIANPOINT((0.,2.7061686225238191E-16));
#337=IFCAXIS2PLACEMENT2D(#336,#11);
#338=IFCRECTANGLEPROFILEDEF(.AREA.,'V30 19173',#337,0.20000000000000001,0.14000000000000012);
#339=IFCCARTESIANPOINT((-14.28024619615201,4.6129490755574496,0.85000000000045761));
#340=IFCAXIS2PLACEMENT3D(#339,#5,#10);
#341=IFCEXTRUDEDAREASOLID(#338,#340,#9,4.46);
#342=IFCSTYLEDITEM(#341,(#272),$);
#343=IFCSHAPEREPRESENTATION(#24,'Body','SweptSolid',(#341));
#344=IFCPRODUCTDEFINITIONSHAPE($,$,(#343));
#345=IFCBEAM('0ekhV2_H95TvLl4hLKomlc',#18,'V30',$,'V30 19173:V30 19173',#335,#344,'612133');
#346=IFCBEAMTYPE('0ekhV2_H95TvLl4hLKolIM',#18,'V30 19173:V30 19173',$,$,(#354),$,'567381',$,.NOTDEFINED.);
#347=IFCPROPERTYSET('3y2bI77kktlDGv_NkeisoS',#18,'Pset_BeamCommon',$,(#179,#180,#283));
#348=IFCPROPERTYSET('0cqhhSiSSJxkhKtXGs75hA',#18,'Pset_QuantityTakeOff',$,(#283));
#349=IFCPROPERTYSINGLEVALUE('Reference',$,IFCLABEL('Viga C-25 - Se\X\E7\X\E3o Retangular 14 X 20'),$);
#350=IFCPROPERTYSET('2DQcMWN7kE_Q8OhWc$yMhP',#18,'Pset_ReinforcementBarPitchOfBeam',$,(#349));
#351=IFCRELDEFINESBYPROPERTIES('0xso8QyK4XIfb6UiMvguB3',#18,$,$,(#345),#347);
#352=IFCRELDEFINESBYPROPERTIES('2RxuOvjbEpTzjK1dd6km2D',#18,$,$,(#345),#348);
#353=IFCRELDEFINESBYPROPERTIES('0HVvYTK4oDiMJvTm3tH581',#18,$,$,(#345),#350);
#354=IFCPROPERTYSET('3zPoPjs4HOgE$9HkWBPBt5',#18,'Pset_BeamCommon',$,(#180));
#355=IFCAXIS2PLACEMENT3D(#3,$,$);
#357=IFCCARTESIANPOINT((0.,0.));
#358=IFCAXIS2PLACEMENT2D(#357,#11);
#359=IFCRECTANGLEPROFILEDEF(.AREA.,'P13 3168',#358,0.30000000000000004,0.14000000000000001);
#360=IFCCARTESIANPOINT((0.,0.,5.2500000000004565));
#361=IFCAXIS2PLACEMENT3D(#360,#9,#8);
#362=IFCEXTRUDEDAREASOLID(#359,#361,#9,0.75000000000000056);
#363=IFCSTYLEDITEM(#362,(#159),$);
#364=IFCSHAPEREPRESENTATION(#24,'Body','SweptSolid',(#362));
#365=IFCAXIS2PLACEMENT3D(#3,$,$);
#366=IFCREPRESENTATIONMAP(#365,#364);
#367=IFCCOLUMNTYPE('0ekhV2_H95TvLl4hLKomJ9',#18,'P13 3168:P13 3168',$,$,(#382),(#366),'567677',$,.COLUMN.);
#368=IFCMAPPEDITEM(#366,#170);
#369=IFCSHAPEREPRESENTATION(#24,'Body','MappedRepresentation',(#368));
#370=IFCPRODUCTDEFINITIONSHAPE($,$,(#369));
#371=IFCCARTESIANPOINT((-9.750246196152009,0.082949075557449875,-6.1999999999999993));
#372=IFCAXIS2PLACEMENT3D(#371,$,$);
#373=IFCLOCALPLACEMENT(#71,#372);
#374=IFCCOLUMN('0ekhV2_H95TvLl4hLKomla',#18,'P9',$,'P13 3168:P13 3168',#373,#370,'612135');
#375=IFCPROPERTYSET('1u$tgwLfUBAraOIey349wR',#18,'Pset_ColumnCommon',$,(#178,#179,#180));
#376=IFCPROPERTYSET('0mzreXHsZSnkOwhsjiIpvf',#18,'Pset_QuantityTakeOff',$,(#178));
#377=IFCPROPERTYSINGLEVALUE('Reference',$,IFCLABEL('Pilar C-25 - Retangular 14x30'),$);
#378=IFCPROPERTYSET('3az8_lU$lBsgy7kaxCeaAg',#18,'Pset_ReinforcementBarPitchOfColumn',$,(#377));
#379=IFCRELDEFINESBYPROPERTIES('1cQFS98zF2LSkTqiKX9zYb',#18,$,$,(#374),#375);
#380=IFCRELDEFINESBYPROPERTIES('0Y_uQpPbvK4hPIUy8DnzzP',#18,$,$,(#374),#376);
#381=IFCRELDEFINESBYPROPERTIES('2i7bDS$f17$pVmS0J4_QSn',#18,$,$,(#374),#378);
#382=IFCPROPERTYSET('1FiczMBy06mYR7urEddqr4',#18,'Pset_ColumnCommon',$,(#180));
#383=IFCMAPPEDITEM(#366,#170);
#384=IFCSHAPEREPRESENTATION(#24,'Body','MappedRepresentation',(#383));
#385=IFCPRODUCTDEFINITIONSHAPE($,$,(#384));
#386=IFCCARTESIANPOINT((-9.750246196152009,4.5329490755574495,-6.1999999999999993));
#387=IFCAXIS2PLACEMENT3D(#386,$,$);
#388=IFCLOCALPLACEMENT(#71,#387);
#389=IFCCOLUMN('0ekhV2_H95TvLl4hLKomlh',#18,'P8',$,'P13 3168:P13 3168',#388,#385,'612136');
#390=IFCPROPERTYSET('1Ot90rM19udF8TDvPvKvKf',#18,'Pset_ColumnCommon',$,(#178,#179,#180));
#391=IFCPROPERTYSET('2oRAuxbLuZGsboG9d$ykOf',#18,'Pset_QuantityTakeOff',$,(#178));
#392=IFCPROPERTYSINGLEVALUE('Reference',$,IFCLABEL('Pilar C-25 - Retangular 14x30'),$);
#393=IFCPROPERTYSET('2ITFgh5LO20x_IfTUWE8N4',#18,'Pset_ReinforcementBarPitchOfColumn',$,(#392));
#394=IFCRELDEFINESBYPROPERTIES('0HMpYEafRcUlaNjpwar13T',#18,$,$,(#389),#390);
#395=IFCRELDEFINESBYPROPERTIES('10Sv2r82kvSONYWXnXAVED',#18,$,$,(#389),#391);
#396=IFCRELDEFINESBYPROPERTIES('1o8A92dlACu8PXp2yY$Y3S',#18,$,$,(#389),#393);
#397=IFCAXIS2PLACEMENT3D(#3,$,$);
#399=IFCCARTESIANPOINT((0.,0.));
#400=IFCAXIS2PLACEMENT2D(#399,#11);
#401=IFCRECTANGLEPROFILEDEF(.AREA.,'P11 3106',#400,0.40000000000000002,0.14000000000000001);
#402=IFCCARTESIANPOINT((0.,0.,5.2500000000004565));
#403=IFCAXIS2PLACEMENT3D(#402,#9,#8);
#404=IFCEXTRUDEDAREASOLID(#401,#403,#9,0.75000000000000056);
#405=IFCSTYLEDITEM(#404,(#159),$);
#406=IFCSHAPEREPRESENTATION(#24,'Body','SweptSolid',(#404));
#407=IFCAXIS2PLACEMENT3D(#3,$,$);
#408=IFCREPRESENTATIONMAP(#407,#406);
#409=IFCCOLUMNTYPE('0ekhV2_H95TvLl4hLKomJ8',#18,'P11 3106:P11 3106',$,$,(#424),(#408),'567673',$,.COLUMN.);
#410=IFCMAPPEDITEM(#408,#170);
#411=IFCSHAPEREPRESENTATION(#24,'Body','MappedRepresentation',(#410));
#412=IFCPRODUCTDEFINITIONSHAPE($,$,(#411));
#413=IFCCARTESIANPOINT((-14.350246196152009,4.4829490755574506,-6.1999999999999993));
#414=IFCAXIS2PLACEMENT3D(#413,$,$);
#415=IFCLOCALPLACEMENT(#71,#414);
#416=IFCCOLUMN('0ekhV2_H95TvLl4hLKomlg',#18,'P7',$,'P11 3106:P11 3106',#415,#412,'612137');
#417=IFCPROPERTYSET('08c0ajNP0EdvFQLcqA7nIg',#18,'Pset_ColumnCommon',$,(#179,#180,#223));
#418=IFCPROPERTYSET('0mVbYbpghbm_SJBxT$OPMA',#18,'Pset_QuantityTakeOff',$,(#223));
#419=IFCPROPERTYSINGLEVALUE('Reference',$,IFCLABEL('Pilar C-25 - Retangular 14x40'),$);
#420=IFCPROPERTYSET('3td5HdiZshrlCDkmVPbuzh',#18,'Pset_ReinforcementBarPitchOfColumn',$,(#419));
#421=IFCRELDEFINESBYPROPERTIES('3z7jfBB7IBlKifmzrEuLvM',#18,$,$,(#416),#417);
#422=IFCRELDEFINESBYPROPERTIES('30CitM5VcP2iI6yCTLUmQj',#18,$,$,(#416),#418);
#423=IFCRELDEFINESBYPROPERTIES('1PUqAdHtQFu7i7BzanpfEQ',#18,$,$,(#416),#420);
#424=IFCPROPERTYSET('1fv7gwH5M7HXIlzkjbfK6Z',#18,'Pset_ColumnCommon',$,(#180));
#425=IFCAXIS2PLACEMENT3D(#3,$,$);
#427=IFCCARTESIANPOINT((0.,0.));
#428=IFCAXIS2PLACEMENT2D(#427,#11);
#429=IFCRECTANGLEPROFILEDEF(.AREA.,'P23 19044',#428,0.26000000000000001,0.14000000000000001);
#430=IFCCARTESIANPOINT((0.,0.,5.2500000000004565));
#431=IFCAXIS2PLACEMENT3D(#430,#9,#8);
#432=IFCEXTRUDEDAREASOLID(#429,#431,#9,0.75000000000000056);
#433=IFCSTYLEDITEM(#432,(#159),$);
#434=IFCSHAPEREPRESENTATION(#24,'Body','SweptSolid',(#432));
#435=IFCAXIS2PLACEMENT3D(#3,$,$);
#436=IFCREPRESENTATIONMAP(#435,#434);
#437=IFCCOLUMNTYPE('0ekhV2_H95TvLl4hLKomJF',#18,'P23 19044:P23 19044',$,$,(#452),(#436),'567379',$,.COLUMN.);
#438=IFCMAPPEDITEM(#436,#170);
#439=IFCSHAPEREPRESENTATION(#24,'Body','MappedRepresentation',(#438));
#440=IFCPRODUCTDEFINITIONSHAPE($,$,(#439));
#441=IFCCARTESIANPOINT((-14.350146196152009,0.062949075557450093,-6.1999999999999993));
#442=IFCAXIS2PLACEMENT3D(#441,$,$);
#443=IFCLOCALPLACEMENT(#71,#442);
#444=IFCCOLUMN('0ekhV2_H95TvLl4hLKomlf',#18,'P23',$,'P23 19044:P23 19044',#443,#440,'612138');
#445=IFCPROPERTYSET('1K_hU9W2Fu8R$$QTwNUNmn',#18,'Pset_ColumnCommon',$,(#179,#180,#252));
#446=IFCPROPERTYSET('3vimAw2019VUnBLbz2sVDW',#18,'Pset_QuantityTakeOff',$,(#252));
#447=IFCPROPERTYSINGLEVALUE('Reference',$,IFCLABEL('Pilar C-25 - Retangular 14x26'),$);
#448=IFCPROPERTYSET('0dicqi3yLrUYc14yOArKOH',#18,'Pset_ReinforcementBarPitchOfColumn',$,(#447));
#449=IFCRELDEFINESBYPROPERTIES('1UumWFrdCjXyACqvGuhSrD',#18,$,$,(#444),#445);
#450=IFCRELDEFINESBYPROPERTIES('3evz6XZAyurrukCs9JDyTw',#18,$,$,(#444),#446);
#451=IFCRELDEFINESBYPROPERTIES('3BId6UVuvve2DXPhCDxBpN',#18,$,$,(#444),#448);
#452=IFCPROPERTYSET('3FMxwkkMZUj0qWVS4jeIaN',#18,'Pset_ColumnCommon',$,(#180));
#453=IFCMAPPEDITEM(#366,#170);
#454=IFCSHAPEREPRESENTATION(#24,'Body','MappedRepresentation',(#453));
#455=IFCPRODUCTDEFINITIONSHAPE($,$,(#454));
#456=IFCCARTESIANPOINT((-9.750246196152009,-4.3571509244425499,-6.1999999999999993));
#457=IFCAXIS2PLACEMENT3D(#456,$,$);
#458=IFCLOCALPLACEMENT(#71,#457);
#459=IFCCOLUMN('0ekhV2_H95TvLl4hLKomle',#18,'P14',$,'P13 3168:P13 3168',#458,#455,'612139');
#460=IFCPROPERTYSET('39hOJUufDykdIx$AkhAHkB',#18,'Pset_ColumnCommon',$,(#178,#179,#180));
#461=IFCPROPERTYSET('2uTLBbzW_zbZ0Pi7svHZJj',#18,'Pset_QuantityTakeOff',$,(#178));
#462=IFCPROPERTYSINGLEVALUE('Reference',$,IFCLABEL('Pilar C-25 - Retangular 14x30'),$);
#463=IFCPROPERTYSET('0llNcA3zGUpYpTwQTPJ3lb',#18,'Pset_ReinforcementBarPitchOfColumn',$,(#462));
#464=IFCRELDEFINESBYPROPERTIES('3DC0kMzrStAu_4dxGOcWIE',#18,$,$,(#459),#460);
#465=IFCRELDEFINESBYPROPERTIES('3GogUJK0ZXjfVsSn_WzwDH',#18,$,$,(#459),#461);
#466=IFCRELDEFINESBYPROPERTIES('2flA1FJXMhj1zvn6k4k5MY',#18,$,$,(#459),#463);
#467=IFCMAPPEDITEM(#366,#170);
#468=IFCSHAPEREPRESENTATION(#24,'Body','MappedRepresentation',(#467));
#469=IFCPRODUCTDEFINITIONSHAPE($,$,(#468));
#470=IFCCARTESIANPOINT((-14.350146196152009,-4.3571509244425499,-6.1999999999999993));
#471=IFCAXIS2PLACEMENT3D(#470,$,$);
#472=IFCLOCALPLACEMENT(#71,#471);
#473=IFCCOLUMN('0ekhV2_H95TvLl4hLKomll',#18,'P13',$,'P13 3168:P13 3168',#472,#469,'612140');
#474=IFCPROPERTYSET('3Rbg00rSMKDerPR6tVh0Q0',#18,'Pset_ColumnCommon',$,(#178,#179,#180));
#475=IFCPROPERTYSET('3SzFkrVE5170Nr171Zdq56',#18,'Pset_QuantityTakeOff',$,(#178));
#476=IFCPROPERTYSINGLEVALUE('Reference',$,IFCLABEL('Pilar C-25 - Retangular 14x30'),$);
#477=IFCPROPERTYSET('1dtG8JWb68Omd6wsjO_Qfy',#18,'Pset_ReinforcementBarPitchOfColumn',$,(#476));
#478=IFCRELDEFINESBYPROPERTIES('2Vaz0xLNTivL4WEDa68eHk',#18,$,$,(#473),#474);
#479=IFCRELDEFINESBYPROPERTIES('1kKWztiE7RSOnVEDFsCpb3',#18,$,$,(#473),#475);
#480=IFCRELDEFINESBYPROPERTIES('0VCkEYobGJqHvWKrDFUN8M',#18,$,$,(#473),#477);
#481=IFCAXIS2PLACEMENT3D(#3,$,$);
#482=IFCLOCALPLACEMENT(#71,#481);
#483=IFCCARTESIANPOINT((0.025650184667411018,-0.1602304210910338));
#484=IFCCARTESIANPOINT((0.028003957539246883,-0.1602304210910338));
#485=IFCCARTESIANPOINT((0.030328751561166496,-0.15986220989100181));
#486=IFCCARTESIANPOINT((0.032567322588804834,-0.15913485407270581));
#487=IFCCARTESIANPOINT((0.034664549574067928,-0.15806626355034681));
#488=IFCCARTESIANPOINT((0.036568791828281176,-0.15668275056903552));
#489=IFCCARTESIANPOINT((0.038233160587328681,-0.15501838180998812));
#490=IFCCARTESIANPOINT((0.039616673568639099,-0.15311413955577449));
#491=IFCCARTESIANPOINT((0.040685264090996806,-0.15101691257051089));
#492=IFCCARTESIANPOINT((0.041412619909292597,-0.14877834154287303));
#493=IFCCARTESIANPOINT((0.1044428681503594,0.11376153696450557));
#494=IFCCARTESIANPOINT((0.10481107935039102,0.11608633098642768));
#495=IFCCARTESIANPOINT((0.10481107935039079,0.11844010385826247));
#496=IFCCARTESIANPOINT((0.10444286815035901,0.12076489788018316));
#497=IFCCARTESIANPOINT((0.10371551233206276,0.12300346890782045));
#498=IFCCARTESIANPOINT((0.10264692180970481,0.12510069589308326));
#499=IFCCARTESIANPOINT((0.1012634088283938,0.12700493814729757));
#500=IFCCARTESIANPOINT((0.099599040069345043,0.12866930690634429));
#501=IFCCARTESIANPOINT((0.097694797815132753,0.13005281988765549));
#502=IFCCARTESIANPOINT((0.09559757082986918,0.13112141041001321));
#503=IFCCARTESIANPOINT((0.093358999802231307,0.13184876622830899));
#504=IFCCARTESIANPOINT((-0.023325390645491814,0.159862209891004));
#505=IFCCARTESIANPOINT((-0.025650184667413919,0.16023042109103564));
#506=IFCCARTESIANPOINT((-0.028003957539248475,0.16023042109103641));
#507=IFCCARTESIANPOINT((-0.030328751561169407,0.15986220989100364));
#508=IFCCARTESIANPOINT((-0.032567322588807492,0.15913485407270866));
#509=IFCCARTESIANPOINT((-0.034664549574070586,0.15806626355034964));
#510=IFCCARTESIANPOINT((-0.036568791828283827,0.15668275056903841));
#511=IFCCARTESIANPOINT((-0.038233160587332386,0.1550183818099912));
#512=IFCCARTESIANPOINT((-0.039616673568643054,0.15311413955577655));
#513=IFCCARTESIANPOINT((-0.040685264091000269,0.15101691257051508));
#514=IFCCARTESIANPOINT((-0.041412619909295248,0.14877834154287592));
#515=IFCCARTESIANPOINT((-0.10444286815036206,-0.1137615369645027));
#516=IFCCARTESIANPOINT((-0.10481107935039449,-0.1160863309864235));
#517=IFCCARTESIANPOINT((-0.10481107935039449,-0.11844010385825937));
#518=IFCCARTESIANPOINT((-0.10444286815036272,-0.12076489788018005));
#519=IFCCARTESIANPOINT((-0.1037155123320654,-0.12300346890781758));
#520=IFCCARTESIANPOINT((-0.10264692180970746,-0.1251006958930804));
#521=IFCCARTESIANPOINT((-0.10126340882839645,-0.12700493814729472));
#522=IFCCARTESIANPOINT((-0.099599040069347958,-0.12866930690634246));
#523=IFCCARTESIANPOINT((-0.097694797815134335,-0.13005281988765288));
#524=IFCCARTESIANPOINT((-0.095597570829871845,-0.13112141041001035));
#525=IFCCARTESIANPOINT((-0.093358999802234763,-0.13184876622830483));
#526=IFCCARTESIANPOINT((0.023325390645490218,-0.15986220989100139));
#527=IFCPOLYLINE((#483,#484,#485,#486,#487,#488,#489,#490,#491,#492,#493,#494,#495,#496,#497,#498,#499,#500,#501,#502,#503,#504,#505,#506,#507,#508,#509,#510,#511,#512,#513,#514,#515,#516,#517,#518,#519,#520,#521,#522,#523,#524,#525,#526,#483));
#528=IFCARBITRARYCLOSEDPROFILEDEF(.AREA.,'VTM2 18850',#527);
#529=IFCCARTESIANPOINT((-9.750346196152007,-9.9371509244425589,-0.34999999999954035));
#530=IFCDIRECTION((0.97236992039770109,0.,-0.23344536385580361));
#531=IFCAXIS2PLACEMENT3D(#529,#7,#530);
#532=IFCEXTRUDEDAREASOLID(#528,#531,#9,5.4299999999999997);
#533=IFCCOLOURRGB($,0.65098039215686276,0.,0.);
#534=IFCSURFACESTYLERENDERING(#533,0.,$,$,$,$,IFCNORMALISEDRATIOMEASURE(0.5),IFCSPECULAREXPONENT(128.),.NOTDEFINED.);
#535=IFCSURFACESTYLE('A\X\E7o estrutural_Vigas',.BOTH.,(#534));
#536=IFCPRESENTATIONSTYLEASSIGNMENT((#535));
#537=IFCSTYLEDITEM(#532,(#536),$);
#538=IFCSHAPEREPRESENTATION(#24,'Body','SweptSolid',(#532));
#539=IFCPRODUCTDEFINITIONSHAPE($,$,(#538));
#540=IFCBEAM('0ekhV2_H95TvLl4hLKomlk',#18,'VTM3',$,'VTM2 18850:VTM2 18850',#482,#539,'612141');
#541=IFCBEAMTYPE('0ekhV2_H95TvLl4hLKolII',#18,'VTM2 18850:VTM2 18850',$,$,(#555),$,'567377',$,.NOTDEFINED.);
#542=IFCMATERIAL('A\X\E7o estrutural_Vigas');
#543=IFCPRESENTATIONSTYLEASSIGNMENT((#535));
#544=IFCSTYLEDITEM($,(#543),$);
#545=IFCSTYLEDREPRESENTATION(#22,'Style','Material',(#544));
#546=IFCMATERIALDEFINITIONREPRESENTATION($,$,(#545),#542);
#547=IFCPROPERTYSINGLEVALUE('Reference',$,IFCIDENTIFIER('Viga Met\X\E1lica - A\X\E7o estrutural ASTM - A36 - TR - Tubular retangular 300x150x2.65'),$);
#548=IFCPROPERTYSET('28QePFiPezExOgbauZi3e6',#18,'Pset_BeamCommon',$,(#179,#180,#547));
#549=IFCPROPERTYSET('07R9SlC7TIKad8fkynzDTg',#18,'Pset_QuantityTakeOff',$,(#547));
#550=IFCPROPERTYSINGLEVALUE('Reference',$,IFCLABEL('Viga Met\X\E1lica - A\X\E7o estrutural ASTM - A36 - TR - Tubular retangular 300x150x2.65'),$);
#551=IFCPROPERTYSET('3e05i5gYpIIwwsogTJrApD',#18,'Pset_ReinforcementBarPitchOfBeam',$,(#550));
#552=IFCRELDEFINESBYPROPERTIES('2ue_ouvo39zMor9ukEtNih',#18,$,$,(#540),#548);
#553=IFCRELDEFINESBYPROPERTIES('1VcSMCwKphzApp7X9FAAfe',#18,$,$,(#540),#549);
#554=IFCRELDEFINESBYPROPERTIES('2LlF9X0gqjRtBSSZzacuZR',#18,$,$,(#540),#551);
#555=IFCPROPERTYSET('2ZZaiVCaj_vqnQKXarPbdX',#18,'Pset_BeamCommon',$,(#180));
#556=IFCAXIS2PLACEMENT3D(#3,$,$);
#557=IFCLOCALPLACEMENT(#71,#556);
#558=IFCCARTESIANPOINT((0.025650184667400117,-0.16023042109103808));
#559=IFCCARTESIANPOINT((0.02800395753923493,-0.16023042109103808));
#560=IFCCARTESIANPOINT((0.030328751561155647,-0.15986220989100652));
#561=IFCCARTESIANPOINT((0.032567322588794058,-0.15913485407271077));
#562=IFCCARTESIANPOINT((0.03466454957405727,-0.15806626355035203));
#563=IFCCARTESIANPOINT((0.036568791828270664,-0.15668275056904094));
#564=IFCCARTESIANPOINT((0.038233160587317294,-0.15501838180999342));
#565=IFCCARTESIANPOINT((0.03961667356863003,-0.15311413955578049));
#566=IFCCARTESIANPOINT((0.040685264090987959,-0.151016912570517));
#567=IFCCARTESIANPOINT((0.041412619909282931,-0.14877834154287897));
#568=IFCCARTESIANPOINT((0.10444286815037793,0.1137615369644929));
#569=IFCCARTESIANPOINT((0.10481107935041088,0.1160863309864147));
#570=IFCCARTESIANPOINT((0.10481107935041088,0.1184401038582495));
#571=IFCCARTESIANPOINT((0.10444286815037726,0.12076489788017074));
#572=IFCCARTESIANPOINT((0.10371551233208229,0.12300346890780785));
#573=IFCCARTESIANPOINT((0.10264692180972457,0.1251006958930708));
#574=IFCCARTESIANPOINT((0.10126340882841375,0.12700493814728522));
#575=IFCCARTESIANPOINT((0.09959904006936518,0.1286693069063321));
#576=IFCCARTESIANPOINT((0.097694797815151974,0.13005281988764378));
#577=IFCCARTESIANPOINT((0.095597570829889567,0.13112141041000147));
#578=IFCCARTESIANPOINT((0.093358999802250736,0.13184876622829775));
#579=IFCCARTESIANPOINT((-0.023325390645469384,0.15986220989100522));
#580=IFCCARTESIANPOINT((-0.025650184667391447,0.16023042109103711));
#581=IFCCARTESIANPOINT((-0.028003957539225997,0.16023042109103813));
#582=IFCCARTESIANPOINT((-0.030328751561146967,0.15986220989100558));
#583=IFCCARTESIANPOINT((-0.032567322588785128,0.15913485407271089));
#584=IFCCARTESIANPOINT((-0.034664549574048339,0.15806626355035208));
#585=IFCCARTESIANPOINT((-0.036568791828261733,0.15668275056904105));
#586=IFCCARTESIANPOINT((-0.038233160587308357,0.15501838180999353));
#587=IFCCARTESIANPOINT((-0.039616673568619233,0.15311413955577899));
#588=IFCCARTESIANPOINT((-0.040685264090976669,0.15101691257051766));
#589=IFCCARTESIANPOINT((-0.041412619909274008,0.14877834154287908));
#590=IFCCARTESIANPOINT((-0.104442868150369,-0.11376153696449282));
#591=IFCCARTESIANPOINT((-0.10481107935039959,-0.11608633098641406));
#592=IFCCARTESIANPOINT((-0.10481107935039985,-0.11844010385824993));
#593=IFCCARTESIANPOINT((-0.10444286815036832,-0.12076489788017064));
#594=IFCCARTESIANPOINT((-0.10371551233207335,-0.12300346890780776));
#595=IFCCARTESIANPOINT((-0.10264692180971563,-0.12510069589307071));
#596=IFCCARTESIANPOINT((-0.10126340882840483,-0.12700493814728514));
#597=IFCCARTESIANPOINT((-0.099599040069356506,-0.12866930690633308));
#598=IFCCARTESIANPOINT((-0.097694797815143036,-0.13005281988764372));
#599=IFCCARTESIANPOINT((-0.095597570829880657,-0.13112141041000139));
#600=IFCCARTESIANPOINT((-0.093358999802241549,-0.13184876622829664));
#601=IFCCARTESIANPOINT((0.023325390645478315,-0.15986220989100516));
#602=IFCPOLYLINE((#558,#559,#560,#561,#562,#563,#564,#565,#566,#567,#568,#569,#570,#571,#572,#573,#574,#575,#576,#577,#578,#579,#580,#581,#582,#583,#584,#585,#586,#587,#588,#589,#590,#591,#592,#593,#594,#595,#596,#597,#598,#599,#600,#601,#558));
#603=IFCARBITRARYCLOSEDPROFILEDEF(.AREA.,'VTM2 18850',#602);
#604=IFCCARTESIANPOINT((-14.350146196152012,-9.9371509244425589,-0.34999999999954035));
#605=IFCDIRECTION((0.972369920397676,0.,-0.23344536385590806));
#606=IFCAXIS2PLACEMENT3D(#604,#7,#605);
#607=IFCEXTRUDEDAREASOLID(#603,#606,#9,5.4299999999999997);
#608=IFCSTYLEDITEM(#607,(#536),$);
#609=IFCSHAPEREPRESENTATION(#24,'Body','SweptSolid',(#607));
#610=IFCPRODUCTDEFINITIONSHAPE($,$,(#609));
#611=IFCBEAM('0ekhV2_H95TvLl4hLKomlj',#18,'VTM2',$,'VTM2 18850:VTM2 18850',#557,#610,'612142');
#612=IFCPROPERTYSET('2jtI168TwYV$xJpTA4ltVu',#18,'Pset_BeamCommon',$,(#179,#180,#547));
#613=IFCPROPERTYSET('34dAOTLhdkJTPvJiBhlSuf',#18,'Pset_QuantityTakeOff',$,(#547));
#614=IFCPROPERTYSINGLEVALUE('Reference',$,IFCLABEL('Viga Met\X\E1lica - A\X\E7o estrutural ASTM - A36 - TR - Tubular retangular 300x150x2.65'),$);
#615=IFCPROPERTYSET('0gZYXxhMsVFtmGoRcLnBda',#18,'Pset_ReinforcementBarPitchOfBeam',$,(#614));
#616=IFCRELDEFINESBYPROPERTIES('0$dsdkUoe2GzNovanwZAO1',#18,$,$,(#611),#612);
#617=IFCRELDEFINESBYPROPERTIES('2tQm0ARLsDbhMmwsCf64Sh',#18,$,$,(#611),#613);
#618=IFCRELDEFINESBYPROPERTIES('3EoFClC42dqaIqxpVFNZfb',#18,$,$,(#611),#615);
#619=IFCAXIS2PLACEMENT3D(#3,$,$);
#620=IFCLOCALPLACEMENT(#71,#619);
#621=IFCCARTESIANPOINT((0.025650184667395912,-0.16023042109103711));
#622=IFCCARTESIANPOINT((0.028003957539230719,-0.16023042109103711));
#623=IFCCARTESIANPOINT((0.030328751561149329,-0.15986220989100505));
#624=IFCCARTESIANPOINT((0.032567322588787737,-0.15913485407270928));
#625=IFCCARTESIANPOINT((0.034664549574055167,-0.1580662635503515));
#626=IFCCARTESIANPOINT((0.036568791828266452,-0.15668275056903996));
#627=IFCCARTESIANPOINT((0.038233160587313082,-0.15501838180999244));
#628=IFCCARTESIANPOINT((0.039616673568625818,-0.15311413955577949));
#629=IFCCARTESIANPOINT((0.040685264090981645,-0.15101691257051553));
#630=IFCCARTESIANPOINT((0.041412619909278719,-0.14877834154287797));
#631=IFCCARTESIANPOINT((0.10444286815037372,0.11376153696449386));
#632=IFCCARTESIANPOINT((0.10481107935040457,0.11608633098641616));
#633=IFCCARTESIANPOINT((0.10481107935040666,0.11844010385825048));
#634=IFCCARTESIANPOINT((0.10444286815037304,0.12076489788017171));
#635=IFCCARTESIANPOINT((0.10371551233207807,0.12300346890780881));
#636=IFCCARTESIANPOINT((0.10264692180972244,0.12510069589307124));
#637=IFCCARTESIANPOINT((0.10126340882840743,0.12700493814728669));
#638=IFCCARTESIANPOINT((0.099599040069358852,0.12866930690633357));
#639=IFCCARTESIANPOINT((0.097694797815147769,0.13005281988764475));
#640=IFCCARTESIANPOINT((0.095597570829885375,0.13112141041000244));
#641=IFCCARTESIANPOINT((0.093358999802246531,0.13184876622829872));
#642=IFCCARTESIANPOINT((-0.023325390645473596,0.15986220989100625));
#643=IFCCARTESIANPOINT((-0.025650184667395659,0.16023042109103813));
#644=IFCCARTESIANPOINT((-0.028003957539230209,0.16023042109103919));
#645=IFCCARTESIANPOINT((-0.030328751561149076,0.15986220989100611));
#646=IFCCARTESIANPOINT((-0.03256732258878723,0.15913485407271138));
#647=IFCCARTESIANPOINT((-0.034664549574052551,0.15806626355035311));
#648=IFCCARTESIANPOINT((-0.036568791828265945,0.15668275056904205));
#649=IFCCARTESIANPOINT((-0.038233160587312576,0.15501838180999453));
#650=IFCCARTESIANPOINT((-0.039616673568623445,0.15311413955578004));
#651=IFCCARTESIANPOINT((-0.040685264090978786,0.15101691257051819));
#652=IFCCARTESIANPOINT((-0.04141261990927822,0.14877834154288008));
#653=IFCCARTESIANPOINT((-0.10444286815037322,-0.11376153696449175));
#654=IFCCARTESIANPOINT((-0.1048110793504017,-0.11608633098641351));
#655=IFCCARTESIANPOINT((-0.10481107935040405,-0.11844010385824887));
#656=IFCCARTESIANPOINT((-0.10444286815037253,-0.12076489788016957));
#657=IFCCARTESIANPOINT((-0.10371551233207757,-0.1230034689078067));
#658=IFCCARTESIANPOINT((-0.10264692180971985,-0.12510069589306966));
#659=IFCCARTESIANPOINT((-0.10126340882840693,-0.12700493814728459));
#660=IFCCARTESIANPOINT((-0.099599040069358616,-0.12866930690633252));
#661=IFCCARTESIANPOINT((-0.097694797815147269,-0.13005281988764264));
#662=IFCCARTESIANPOINT((-0.095597570829884862,-0.13112141041000033));
#663=IFCCARTESIANPOINT((-0.093358999802245768,-0.13184876622829556));
#664=IFCCARTESIANPOINT((0.023325390645474099,-0.15986220989100414));
#665=IFCPOLYLINE((#621,#622,#623,#624,#625,#626,#627,#628,#629,#630,#631,#632,#633,#634,#635,#636,#637,#638,#639,#640,#641,#642,#643,#644,#645,#646,#647,#648,#649,#650,#651,#652,#653,#654,#655,#656,#657,#658,#659,#660,#661,#662,#663,#664,#621));
#666=IFCARBITRARYCLOSEDPROFILEDEF(.AREA.,'VTM1 18784',#665);
#667=IFCCARTESIANPOINT((-14.350146196152,-9.9371509244425482,-0.34999999999954035));
#668=IFCDIRECTION((0.,-0.972369920397676,-0.23344536385590806));
#669=IFCAXIS2PLACEMENT3D(#667,#5,#668);
#670=IFCEXTRUDEDAREASOLID(#666,#669,#9,4.5997999999999992);
#671=IFCSTYLEDITEM(#670,(#536),$);
#672=IFCSHAPEREPRESENTATION(#24,'Body','SweptSolid',(#670));
#673=IFCPRODUCTDEFINITIONSHAPE($,$,(#672));
#674=IFCBEAM('0ekhV2_H95TvLl4hLKomli',#18,'VTM1',$,'VTM1 18784:VTM1 18784',#620,#673,'612143');
#675=IFCBEAMTYPE('0ekhV2_H95TvLl4hLKolIC',#18,'VTM1 18784:VTM1 18784',$,$,(#683),$,'567375',$,.NOTDEFINED.);
#676=IFCPROPERTYSET('3aJHCkBiB3No4IVkUMfwvf',#18,'Pset_BeamCommon',$,(#179,#180,#547));
#677=IFCPROPERTYSET('0qYBeKLblseRu80kbGfxQ7',#18,'Pset_QuantityTakeOff',$,(#547));
#678=IFCPROPERTYSINGLEVALUE('Reference',$,IFCLABEL('Viga Met\X\E1lica - A\X\E7o estrutural ASTM - A36 - TR - Tubular retangular 300x150x2.65'),$);
#679=IFCPROPERTYSET('0NCKT8AyR6EUw80pXM1hle',#18,'Pset_ReinforcementBarPitchOfBeam',$,(#678));
#680=IFCRELDEFINESBYPROPERTIES('0dVrwekHvgfSZpWslsJQwg',#18,$,$,(#674),#676);
#681=IFCRELDEFINESBYPROPERTIES('3Z3EY0XiwlFdxqRszkulEh',#18,$,$,(#674),#677);
#682=IFCRELDEFINESBYPROPERTIES('1o_PuJcENSadcSvxkTnWCY',#18,$,$,(#674),#679);
#683=IFCPROPERTYSET('2JmpHtdq2UxlhiAILjckS4',#18,'Pset_BeamCommon',$,(#180));
#684=IFCAXIS2PLACEMENT3D(#3,$,$);
#685=IFCLOCALPLACEMENT(#71,#684);
#686=IFCCARTESIANPOINT((-5.4123372450476381E-16,2.7061686225238191E-16));
#687=IFCAXIS2PLACEMENT2D(#686,#11);
#688=IFCRECTANGLEPROFILEDEF(.AREA.,'V29 18751',#687,0.30000000000000004,0.14000000000000012);
#689=IFCCARTESIANPOINT((-14.28014619615201,-4.4371509244425518,-0.34999999999954251));
#690=IFCAXIS2PLACEMENT3D(#689,#5,#10);
#691=IFCEXTRUDEDAREASOLID(#688,#690,#9,4.4598999999999993);
#692=IFCSTYLEDITEM(#691,(#272),$);
#693=IFCSHAPEREPRESENTATION(#24,'Body','SweptSolid',(#691));
#694=IFCPRODUCTDEFINITIONSHAPE($,$,(#693));
#695=IFCBEAM('0ekhV2_H95TvLl4hLKomlp',#18,'V29',$,'V29 18751:V29 18751',#685,#694,'612144');
#696=IFCBEAMTYPE('0ekhV2_H95TvLl4hLKolIE',#18,'V29 18751:V29 18751',$,$,(#705),$,'567373',$,.NOTDEFINED.);
#697=IFCPROPERTYSINGLEVALUE('Reference',$,IFCIDENTIFIER('Viga C-25 - Se\X\E7\X\E3o Retangular 14 X 30'),$);
#698=IFCPROPERTYSET('1wQcJrnIAqN9B5sSiAcBuO',#18,'Pset_BeamCommon',$,(#179,#180,#697));
#699=IFCPROPERTYSET('0NCm7FnYIakneub3YvkOzA',#18,'Pset_QuantityTakeOff',$,(#697));
#700=IFCPROPERTYSINGLEVALUE('Reference',$,IFCLABEL('Viga C-25 - Se\X\E7\X\E3o Retangular 14 X 30'),$);
#701=IFCPROPERTYSET('26JYKQmkE8Aq2E7Rn1RyQd',#18,'Pset_ReinforcementBarPitchOfBeam',$,(#700));
#702=IFCRELDEFINESBYPROPERTIES('09XH7veZFCX3oOvJ6w4d6s',#18,$,$,(#695),#698);
#703=IFCRELDEFINESBYPROPERTIES('1UDIive$C6zUYc3yeOxv9i',#18,$,$,(#695),#699);
#704=IFCRELDEFINESBYPROPERTIES('2Pkng7FUl39cCB2i_LzfY3',#18,$,$,(#695),#701);
#705=IFCPROPERTYSET('2hqeNTQtabQshZf2ynRZMT',#18,'Pset_BeamCommon',$,(#180));
#706=IFCAXIS2PLACEMENT3D(#3,$,$);
#708=IFCCARTESIANPOINT((0.,0.));
#709=IFCAXIS2PLACEMENT2D(#708,#11);
#710=IFCRECTANGLEPROFILEDEF(.AREA.,'P13 3168',#709,0.30000000000000004,0.14000000000000001);
#711=IFCCARTESIANPOINT((0.,0.,4.1500000000004569));
#712=IFCAXIS2PLACEMENT3D(#711,#9,#8);
#713=IFCEXTRUDEDAREASOLID(#710,#712,#9,1.0999999999999996);
#714=IFCSTYLEDITEM(#713,(#159),$);
#715=IFCSHAPEREPRESENTATION(#24,'Body','SweptSolid',(#713));
#716=IFCAXIS2PLACEMENT3D(#3,$,$);
#717=IFCREPRESENTATIONMAP(#716,#715);
#718=IFCCOLUMNTYPE('0ekhV2_H95TvLl4hLKomJE',#18,'P13 3168:P13 3168',$,$,(#733),(#717),'567677',$,.COLUMN.);
#719=IFCMAPPEDITEM(#717,#170);
#720=IFCSHAPEREPRESENTATION(#24,'Body','MappedRepresentation',(#719));
#721=IFCPRODUCTDEFINITIONSHAPE($,$,(#720));
#722=IFCCARTESIANPOINT((-9.750246196152009,0.082949075557449875,-6.1999999999999993));
#723=IFCAXIS2PLACEMENT3D(#722,$,$);
#724=IFCLOCALPLACEMENT(#71,#723);
#725=IFCCOLUMN('0ekhV2_H95TvLl4hLKomln',#18,'P9',$,'P13 3168:P13 3168',#724,#721,'612146');
#726=IFCPROPERTYSET('1x7fPgBeMFuFEl2LAWuBNl',#18,'Pset_ColumnCommon',$,(#178,#179,#180));
#727=IFCPROPERTYSET('2WzjKSxOEJjxHkdAW0CaEo',#18,'Pset_QuantityTakeOff',$,(#178));
#728=IFCPROPERTYSINGLEVALUE('Reference',$,IFCLABEL('Pilar C-25 - Retangular 14x30'),$);
#729=IFCPROPERTYSET('03igPC5t0VOIXyQ3tH_ps7',#18,'Pset_ReinforcementBarPitchOfColumn',$,(#728));
#730=IFCRELDEFINESBYPROPERTIES('3OqyPJkEZc2Lwv047Ju69f',#18,$,$,(#725),#726);
#731=IFCRELDEFINESBYPROPERTIES('1pwKf$knlMHCy6gv0_T2Z1',#18,$,$,(#725),#727);
#732=IFCRELDEFINESBYPROPERTIES('3$OrFr_m43bx$gSWqkQ2Hr',#18,$,$,(#725),#729);
#733=IFCPROPERTYSET('09mmPTVs4Z3doOjOLcvF_t',#18,'Pset_ColumnCommon',$,(#180));
#734=IFCMAPPEDITEM(#717,#170);
#735=IFCSHAPEREPRESENTATION(#24,'Body','MappedRepresentation',(#734));
#736=IFCPRODUCTDEFINITIONSHAPE($,$,(#735));
#737=IFCCARTESIANPOINT((-9.750246196152009,4.5329490755574495,-6.1999999999999993));
#738=IFCAXIS2PLACEMENT3D(#737,$,$);
#739=IFCLOCALPLACEMENT(#71,#738);
#740=IFCCOLUMN('0ekhV2_H95TvLl4hLKomlm',#18,'P8',$,'P13 3168:P13 3168',#739,#736,'612147');
#741=IFCPROPERTYSET('1BckgclKko1K1O41fAZx$k',#18,'Pset_ColumnCommon',$,(#178,#179,#180));
#742=IFCPROPERTYSET('1E50XoX2twAhQv9XSdK8NV',#18,'Pset_QuantityTakeOff',$,(#178));
#743=IFCPROPERTYSINGLEVALUE('Reference',$,IFCLABEL('Pilar C-25 - Retangular 14x30'),$);
#744=IFCPROPERTYSET('0Ug$RRsviX9vYbZ2uUkWqo',#18,'Pset_ReinforcementBarPitchOfColumn',$,(#743));
#745=IFCRELDEFINESBYPROPERTIES('0ZYcr27aemAfVjRWU_pN6G',#18,$,$,(#740),#741);
#746=IFCRELDEFINESBYPROPERTIES('2pxGw22bzpBZLw0FXAVKui',#18,$,$,(#740),#742);
#747=IFCRELDEFINESBYPROPERTIES('3TEZd6YtVolXd5knMKqhVl',#18,$,$,(#740),#744);
#748=IFCAXIS2PLACEMENT3D(#3,$,$);
#750=IFCCARTESIANPOINT((0.,0.));
#751=IFCAXIS2PLACEMENT2D(#750,#11);
#752=IFCRECTANGLEPROFILEDEF(.AREA.,'P11 3106',#751,0.40000000000000002,0.14000000000000001);
#753=IFCCARTESIANPOINT((0.,0.,4.1500000000004569));
#754=IFCAXIS2PLACEMENT3D(#753,#9,#8);
#755=IFCEXTRUDEDAREASOLID(#752,#754,#9,1.0999999999999996);
#756=IFCSTYLEDITEM(#755,(#159),$);
#757=IFCSHAPEREPRESENTATION(#24,'Body','SweptSolid',(#755));
#758=IFCAXIS2PLACEMENT3D(#3,$,$);
#759=IFCREPRESENTATIONMAP(#758,#757);
#760=IFCCOLUMNTYPE('0ekhV2_H95TvLl4hLKomJD',#18,'P11 3106:P11 3106',$,$,(#775),(#759),'567673',$,.COLUMN.);
#761=IFCMAPPEDITEM(#759,#170);
#762=IFCSHAPEREPRESENTATION(#24,'Body','MappedRepresentation',(#761));
#763=IFCPRODUCTDEFINITIONSHAPE($,$,(#762));
#764=IFCCARTESIANPOINT((-14.350246196152009,4.4829490755574506,-6.1999999999999993));
#765=IFCAXIS2PLACEMENT3D(#764,$,$);
#766=IFCLOCALPLACEMENT(#71,#765);
#767=IFCCOLUMN('0ekhV2_H95TvLl4hLKomlt',#18,'P7',$,'P11 3106:P11 3106',#766,#763,'612148');
#768=IFCPROPERTYSET('0uD51Uhr2ouQ0V2EJ1JEyb',#18,'Pset_ColumnCommon',$,(#179,#180,#223));
#769=IFCPROPERTYSET('1x1zHQrQsdAy_gknL0Yghd',#18,'Pset_QuantityTakeOff',$,(#223));
#770=IFCPROPERTYSINGLEVALUE('Reference',$,IFCLABEL('Pilar C-25 - Retangular 14x40'),$);
#771=IFCPROPERTYSET('3GcvI$JV79N2ZbHNj4JoS5',#18,'Pset_ReinforcementBarPitchOfColumn',$,(#770));
#772=IFCRELDEFINESBYPROPERTIES('1I_rZP985N1wonXLzIxmaO',#18,$,$,(#767),#768);
#773=IFCRELDEFINESBYPROPERTIES('3X3l49TGsxj1b8N1x$u4L1',#18,$,$,(#767),#769);
#774=IFCRELDEFINESBYPROPERTIES('2dcavRmovfZOT3liA5Dqfr',#18,$,$,(#767),#771);
#775=IFCPROPERTYSET('0Of2ooQD4C6b4Tqx0E8xd$',#18,'Pset_ColumnCommon',$,(#180));
#776=IFCMAPPEDITEM(#759,#170);
#777=IFCSHAPEREPRESENTATION(#24,'Body','MappedRepresentation',(#776));
#778=IFCPRODUCTDEFINITIONSHAPE($,$,(#777));
#779=IFCCARTESIANPOINT((-14.350246196152009,6.7329490755574497,-6.1999999999999993));
#780=IFCAXIS2PLACEMENT3D(#779,$,$);
#781=IFCLOCALPLACEMENT(#71,#780);
#782=IFCCOLUMN('0ekhV2_H95TvLl4hLKomls',#18,'P6',$,'P11 3106:P11 3106',#781,#778,'612149');
#783=IFCPROPERTYSET('0M4ZCULA7VMm2hEOkPDlXH',#18,'Pset_ColumnCommon',$,(#179,#180,#223));
#784=IFCPROPERTYSET('3$D7xDvnaO42lodizYs0lA',#18,'Pset_QuantityTakeOff',$,(#223));
#785=IFCPROPERTYSINGLEVALUE('Reference',$,IFCLABEL('Pilar C-25 - Retangular 14x40'),$);
#786=IFCPROPERTYSET('1dyYojp87RIapjn7nU3kDA',#18,'Pset_ReinforcementBarPitchOfColumn',$,(#785));
#787=IFCRELDEFINESBYPROPERTIES('1uHEAFhh$XOtQFVqvhODq_',#18,$,$,(#782),#783);
#788=IFCRELDEFINESBYPROPERTIES('26UCy2V8bdbrKiWg0JnXjs',#18,$,$,(#782),#784);
#789=IFCRELDEFINESBYPROPERTIES('3OxLF$Nz8eHtGoPgg395OI',#18,$,$,(#782),#786);
#790=IFCAXIS2PLACEMENT3D(#3,$,$);
#792=IFCCARTESIANPOINT((0.,0.));
#793=IFCAXIS2PLACEMENT2D(#792,#11);
#794=IFCRECTANGLEPROFILEDEF(.AREA.,'P5 3416',#793,0.20000000000000001,0.20000000000000001);
#795=IFCCARTESIANPOINT((0.,0.,4.1500000000004569));
#796=IFCAXIS2PLACEMENT3D(#795,#9,#8);
#797=IFCEXTRUDEDAREASOLID(#794,#796,#9,1.0999999999999996);
#798=IFCSTYLEDITEM(#797,(#159),$);
#799=IFCSHAPEREPRESENTATION(#24,'Body','SweptSolid',(#797));
#800=IFCAXIS2PLACEMENT3D(#3,$,$);
#801=IFCREPRESENTATIONMAP(#800,#799);
#802=IFCCOLUMNTYPE('0ekhV2_H95TvLl4hLKomJC',#18,'P5 3416:P5 3416',$,$,(#818),(#801),'567681',$,.COLUMN.);
#803=IFCMAPPEDITEM(#801,#170);
#804=IFCSHAPEREPRESENTATION(#24,'Body','MappedRepresentation',(#803));
#805=IFCPRODUCTDEFINITIONSHAPE($,$,(#804));
#806=IFCCARTESIANPOINT((-19.31834619615201,6.8329490755574502,-6.1999999999999993));
#807=IFCAXIS2PLACEMENT3D(#806,$,$);
#808=IFCLOCALPLACEMENT(#71,#807);
#809=IFCCOLUMN('0ekhV2_H95TvLl4hLKomlr',#18,'P5',$,'P5 3416:P5 3416',#808,#805,'612150');
#810=IFCPROPERTYSINGLEVALUE('Reference',$,IFCIDENTIFIER('Pilar C-25 - Retangular 20x20'),$);
#811=IFCPROPERTYSET('1QYwSfpK9P5wE0EMqm92R7',#18,'Pset_ColumnCommon',$,(#179,#180,#810));
#812=IFCPROPERTYSET('3g2WagopNA0qLSoXHfaPrQ',#18,'Pset_QuantityTakeOff',$,(#810));
#813=IFCPROPERTYSINGLEVALUE('Reference',$,IFCLABEL('Pilar C-25 - Retangular 20x20'),$);
#814=IFCPROPERTYSET('2LNyrcxvKSVz7VuZ51$Zak',#18,'Pset_ReinforcementBarPitchOfColumn',$,(#813));
#815=IFCRELDEFINESBYPROPERTIES('178dmxLaKFduPvNn6SnNGF',#18,$,$,(#809),#811);
#816=IFCRELDEFINESBYPROPERTIES('04Ct2htZGfX3n7qt07_tDE',#18,$,$,(#809),#812);
#817=IFCRELDEFINESBYPROPERTIES('3dXvOzaoOIh$pAfLhUsAeW',#18,$,$,(#809),#814);
#818=IFCPROPERTYSET('0S2xnEWxAiF$Xk71W2q9Pk',#18,'Pset_ColumnCommon',$,(#180));
#819=IFCMAPPEDITEM(#717,#170);
#820=IFCSHAPEREPRESENTATION(#24,'Body','MappedRepresentation',(#819));
#821=IFCPRODUCTDEFINITIONSHAPE($,$,(#820));
#822=IFCCARTESIANPOINT((-15.750146196152009,-6.4370509244425511,-6.1999999999999993));
#823=IFCAXIS2PLACEMENT3D(#822,$,$);
#824=IFCLOCALPLACEMENT(#71,#823);
#825=IFCCOLUMN('0ekhV2_H95TvLl4hLKomlq',#18,'P21',$,'P13 3168:P13 3168',#824,#821,'612151');
#826=IFCPROPERTYSET('2oMZUCd1QE1$VtuxiNtH0I',#18,'Pset_ColumnCommon',$,(#178,#179,#180));
#827=IFCPROPERTYSET('199HlSaP3xaDNQRnC32PSA',#18,'Pset_QuantityTakeOff',$,(#178));
#828=IFCPROPERTYSINGLEVALUE('Reference',$,IFCLABEL('Pilar C-25 - Retangular 14x30'),$);
#829=IFCPROPERTYSET('0Na$tYPMAIHCTDCDvArPa2',#18,'Pset_ReinforcementBarPitchOfColumn',$,(#828));
#830=IFCRELDEFINESBYPROPERTIES('1Kt3PXZ4Fp2vRePqpYMtxV',#18,$,$,(#825),#826);
#831=IFCRELDEFINESBYPROPERTIES('3MesBPQckEvowWfz8tAiAT',#18,$,$,(#825),#827);
#832=IFCRELDEFINESBYPROPERTIES('2cqeAtP$sO_ppPSt78fw5a',#18,$,$,(#825),#829);
#833=IFCAXIS2PLACEMENT3D(#3,$,$);
#835=IFCCARTESIANPOINT((0.,0.));
#836=IFCAXIS2PLACEMENT2D(#835,#11);
#837=IFCRECTANGLEPROFILEDEF(.AREA.,'P19 3292',#836,0.40000000000000002,0.14000000000000001);
#838=IFCCARTESIANPOINT((0.,0.,4.1500000000004569));
#839=IFCAXIS2PLACEMENT3D(#838,$,$);
#840=IFCEXTRUDEDAREASOLID(#837,#839,#9,1.0999999999999996);
#841=IFCSTYLEDITEM(#840,(#159),$);
#842=IFCSHAPEREPRESENTATION(#24,'Body','SweptSolid',(#840));
#843=IFCAXIS2PLACEMENT3D(#3,$,$);
#844=IFCREPRESENTATIONMAP(#843,#842);
#845=IFCCOLUMNTYPE('0ekhV2_H95TvLl4hLKomJJ',#18,'P19 3292:P19 3292',$,$,(#860),(#844),'567679',$,.COLUMN.);
#846=IFCMAPPEDITEM(#844,#170);
#847=IFCSHAPEREPRESENTATION(#24,'Body','MappedRepresentation',(#846));
#848=IFCPRODUCTDEFINITIONSHAPE($,$,(#847));
#849=IFCCARTESIANPOINT((-15.879746196152009,-9.7370509244425456,-6.1999999999999993));
#850=IFCAXIS2PLACEMENT3D(#849,$,$);
#851=IFCLOCALPLACEMENT(#71,#850);
#852=IFCCOLUMN('0ekhV2_H95TvLl4hLKomlx',#18,'P19',$,'P19 3292:P19 3292',#851,#848,'612152');
#853=IFCPROPERTYSET('1HlaexGyMJlqXRGxbNkww3',#18,'Pset_ColumnCommon',$,(#179,#180,#223));
#854=IFCPROPERTYSET('1M9ATANZ12xskxrC0T_xK0',#18,'Pset_QuantityTakeOff',$,(#223));
#855=IFCPROPERTYSINGLEVALUE('Reference',$,IFCLABEL('Pilar C-25 - Retangular 14x40'),$);
#856=IFCPROPERTYSET('1vmYzEMKxC6V9Z1LrR6Fgt',#18,'Pset_ReinforcementBarPitchOfColumn',$,(#855));
#857=IFCRELDEFINESBYPROPERTIES('0zBMVRKn1kNY6wvFRmo37B',#18,$,$,(#852),#853);
#858=IFCRELDEFINESBYPROPERTIES('1dw_p_$ykUA59q54hKfm6j',#18,$,$,(#852),#854);
#859=IFCRELDEFINESBYPROPERTIES('0OFNNcmGoyPTjLpA$LtW3K',#18,$,$,(#852),#856);
#860=IFCPROPERTYSET('1NBMlYBXHm9xaKsTfl8wRZ',#18,'Pset_ColumnCommon',$,(#180));
#861=IFCAXIS2PLACEMENT3D(#3,$,$);
#863=IFCCARTESIANPOINT((0.,0.));
#864=IFCAXIS2PLACEMENT2D(#863,#11);
#865=IFCRECTANGLEPROFILEDEF(.AREA.,'P11 3106',#864,0.40000000000000002,0.14000000000000001);
#866=IFCCARTESIANPOINT((0.,0.,4.1500000000004569));
#867=IFCAXIS2PLACEMENT3D(#866,#9,#8);
#868=IFCEXTRUDEDAREASOLID(#865,#867,#9,1.55);
#869=IFCSTYLEDITEM(#868,(#159),$);
#870=IFCSHAPEREPRESENTATION(#24,'Body','SweptSolid',(#868));
#871=IFCAXIS2PLACEMENT3D(#3,$,$);
#872=IFCREPRESENTATIONMAP(#871,#870);
#873=IFCCOLUMNTYPE('0ekhV2_H95TvLl4hLKomJI',#18,'P11 3106:P11 3106',$,$,(#888),(#872),'567673',$,.COLUMN.);
#874=IFCMAPPEDITEM(#872,#170);
#875=IFCSHAPEREPRESENTATION(#24,'Body','MappedRepresentation',(#874));
#876=IFCPRODUCTDEFINITIONSHAPE($,$,(#875));
#877=IFCCARTESIANPOINT((-14.34974619615201,-6.3870509244425495,-6.1999999999999993));
#878=IFCAXIS2PLACEMENT3D(#877,$,$);
#879=IFCLOCALPLACEMENT(#71,#878);
#880=IFCCOLUMN('0ekhV2_H95TvLl4hLKomlw',#18,'P17',$,'P11 3106:P11 3106',#879,#876,'612153');
#881=IFCPROPERTYSET('2RaEUeNi$7zatUop3Ghw88',#18,'Pset_ColumnCommon',$,(#179,#180,#223));
#882=IFCPROPERTYSET('1CYx0elJZ4Egi4mXbJhOkN',#18,'Pset_QuantityTakeOff',$,(#223));
#883=IFCPROPERTYSINGLEVALUE('Reference',$,IFCLABEL('Pilar C-25 - Retangular 14x40'),$);
#884=IFCPROPERTYSET('0TYPrPrAchxtISITZ6qPsD',#18,'Pset_ReinforcementBarPitchOfColumn',$,(#883));
#885=IFCRELDEFINESBYPROPERTIES('1tzSlaLkg2H2MOve3vnT6B',#18,$,$,(#880),#881);
#886=IFCRELDEFINESBYPROPERTIES('1lxDOkoGw11zYbTH$iigit',#18,$,$,(#880),#882);
#887=IFCRELDEFINESBYPROPERTIES('0twUOEuVsEpqo589LYP6We',#18,$,$,(#880),#884);
#888=IFCPROPERTYSET('3Dn4BubB3YSgK$e4YlWXUK',#18,'Pset_ColumnCommon',$,(#180));
#889=IFCMAPPEDITEM(#717,#170);
#890=IFCSHAPEREPRESENTATION(#24,'Body','MappedRepresentation',(#889));
#891=IFCPRODUCTDEFINITIONSHAPE($,$,(#890));
#892=IFCCARTESIANPOINT((-15.749746196152008,-5.0170509244425494,-6.1999999999999993));
#893=IFCAXIS2PLACEMENT3D(#892,$,$);
#894=IFCLOCALPLACEMENT(#71,#893);
#895=IFCCOLUMN('0ekhV2_H95TvLl4hLKomlv',#18,'P15',$,'P13 3168:P13 3168',#894,#891,'612154');
#896=IFCPROPERTYSET('1pgtDCaqvvijkZE83Bu_uJ',#18,'Pset_ColumnCommon',$,(#178,#179,#180));
#897=IFCPROPERTYSET('08qTKqwBHwNmykAhiU2w5a',#18,'Pset_QuantityTakeOff',$,(#178));
#898=IFCPROPERTYSINGLEVALUE('Reference',$,IFCLABEL('Pilar C-25 - Retangular 14x30'),$);
#899=IFCPROPERTYSET('2xPBZ9IyBIHcJZY1s$JeaQ',#18,'Pset_ReinforcementBarPitchOfColumn',$,(#898));
#900=IFCRELDEFINESBYPROPERTIES('0kaMQncFuMyKQ64ROX6VQB',#18,$,$,(#895),#896);
#901=IFCRELDEFINESBYPROPERTIES('2l50KXpO2UPLDE6yTbqGu2',#18,$,$,(#895),#897);
#902=IFCRELDEFINESBYPROPERTIES('2v3$cG8x6ugyjZqFvGvRj_',#18,$,$,(#895),#899);
#903=IFCMAPPEDITEM(#717,#170);
#904=IFCSHAPEREPRESENTATION(#24,'Body','MappedRepresentation',(#903));
#905=IFCPRODUCTDEFINITIONSHAPE($,$,(#904));
#906=IFCCARTESIANPOINT((-9.750246196152009,-4.3571509244425499,-6.1999999999999993));
#907=IFCAXIS2PLACEMENT3D(#906,$,$);
#908=IFCLOCALPLACEMENT(#71,#907);
#909=IFCCOLUMN('0ekhV2_H95TvLl4hLKomlu',#18,'P14',$,'P13 3168:P13 3168',#908,#905,'612155');
#910=IFCPROPERTYSET('14F9LQ1gmG9GKxMhb9uvVR',#18,'Pset_ColumnCommon',$,(#178,#179,#180));
#911=IFCPROPERTYSET('2nwyCNGNY4otPYTJMDSpa$',#18,'Pset_QuantityTakeOff',$,(#178));
#912=IFCPROPERTYSINGLEVALUE('Reference',$,IFCLABEL('Pilar C-25 - Retangular 14x30'),$);
#913=IFCPROPERTYSET('25yzJZQ7x3sNCi8sTuUCYp',#18,'Pset_ReinforcementBarPitchOfColumn',$,(#912));
#914=IFCRELDEFINESBYPROPERTIES('3F5W7SkBKelOI6M3CjSJ1c',#18,$,$,(#909),#910);
#915=IFCRELDEFINESBYPROPERTIES('0x0T4oYpvzggvKLj40tVvs',#18,$,$,(#909),#911);
#916=IFCRELDEFINESBYPROPERTIES('18AHATvhBBli6IoQvF99fT',#18,$,$,(#909),#913);
#917=IFCMAPPEDITEM(#717,#170);
#918=IFCSHAPEREPRESENTATION(#24,'Body','MappedRepresentation',(#917));
#919=IFCPRODUCTDEFINITIONSHAPE($,$,(#918));
#920=IFCCARTESIANPOINT((-14.350146196152009,-4.3571509244425499,-6.1999999999999993));
#921=IFCAXIS2PLACEMENT3D(#920,$,$);
#922=IFCLOCALPLACEMENT(#71,#921);
#923=IFCCOLUMN('0ekhV2_H95TvLl4hLKoml$',#18,'P13',$,'P13 3168:P13 3168',#922,#919,'612156');
#924=IFCPROPERTYSET('1k$L83pgBiGpC9K_NWnwnc',#18,'Pset_ColumnCommon',$,(#178,#179,#180));
#925=IFCPROPERTYSET('3OBQiViVuiE1TqIrF_pXg2',#18,'Pset_QuantityTakeOff',$,(#178));
#926=IFCPROPERTYSINGLEVALUE('Reference',$,IFCLABEL('Pilar C-25 - Retangular 14x30'),$);
#927=IFCPROPERTYSET('26wfpcGFVu7nMzW3z85g0D',#18,'Pset_ReinforcementBarPitchOfColumn',$,(#926));
#928=IFCRELDEFINESBYPROPERTIES('3HOCNz9L2mPE444XpGXH7g',#18,$,$,(#923),#924);
#929=IFCRELDEFINESBYPROPERTIES('2jZg4jhEIdec3C9xpJdUnK',#18,$,$,(#923),#925);
#930=IFCRELDEFINESBYPROPERTIES('282sUo5tQR1zuXb31Qvqn0',#18,$,$,(#923),#927);
#931=IFCAXIS2PLACEMENT3D(#3,$,$);
#933=IFCCARTESIANPOINT((0.,0.));
#934=IFCAXIS2PLACEMENT2D(#933,#11);
#935=IFCRECTANGLEPROFILEDEF(.AREA.,'P12 3137',#934,0.30000000000000004,0.19000000000000003);
#936=IFCCARTESIANPOINT((0.,0.,4.1500000000004569));
#937=IFCAXIS2PLACEMENT3D(#936,#9,#8);
#938=IFCEXTRUDEDAREASOLID(#935,#937,#9,1.0999999999999996);
#939=IFCSTYLEDITEM(#938,(#159),$);
#940=IFCSHAPEREPRESENTATION(#24,'Body','SweptSolid',(#938));
#941=IFCAXIS2PLACEMENT3D(#3,$,$);
#942=IFCREPRESENTATIONMAP(#941,#940);
#943=IFCCOLUMNTYPE('0ekhV2_H95TvLl4hLKomJH',#18,'P12 3137:P12 3137',$,$,(#959),(#942),'567675',$,.COLUMN.);
#944=IFCMAPPEDITEM(#942,#170);
#945=IFCSHAPEREPRESENTATION(#24,'Body','MappedRepresentation',(#944));
#946=IFCPRODUCTDEFINITIONSHAPE($,$,(#945));
#947=IFCCARTESIANPOINT((-19.323346196152013,-4.857050924442551,-6.1999999999999993));
#948=IFCAXIS2PLACEMENT3D(#947,$,$);
#949=IFCLOCALPLACEMENT(#71,#948);
#950=IFCCOLUMN('0ekhV2_H95TvLl4hLKoml_',#18,'P12',$,'P12 3137:P12 3137',#949,#946,'612157');
#951=IFCPROPERTYSINGLEVALUE('Reference',$,IFCIDENTIFIER('Pilar C-25 - Retangular 19x30'),$);
#952=IFCPROPERTYSET('0hbFpCWJTw_jBm$mskh8IQ',#18,'Pset_ColumnCommon',$,(#179,#180,#951));
#953=IFCPROPERTYSET('1iJM_YRF96X8qjnTIuVE8s',#18,'Pset_QuantityTakeOff',$,(#951));
#954=IFCPROPERTYSINGLEVALUE('Reference',$,IFCLABEL('Pilar C-25 - Retangular 19x30'),$);
#955=IFCPROPERTYSET('0dwwUxyxEEUsIJ4fdlcYRu',#18,'Pset_ReinforcementBarPitchOfColumn',$,(#954));
#956=IFCRELDEFINESBYPROPERTIES('165ghl6BbIKgIuWAuElFHB',#18,$,$,(#950),#952);
#957=IFCRELDEFINESBYPROPERTIES('1u28Kef0xbb0fv45ZN6qix',#18,$,$,(#950),#953);
#958=IFCRELDEFINESBYPROPERTIES('3T89hRmYy527S7eczpeOlQ',#18,$,$,(#950),#955);
#959=IFCPROPERTYSET('0tlYMx4uXucaqkz_fceUJC',#18,'Pset_ColumnCommon',$,(#180));
#960=IFCMAPPEDITEM(#759,#170);
#961=IFCSHAPEREPRESENTATION(#24,'Body','MappedRepresentation',(#960));
#962=IFCPRODUCTDEFINITIONSHAPE($,$,(#961));
#963=IFCCARTESIANPOINT((-14.350146196152009,-0.42705092444255116,-6.1999999999999993));
#964=IFCAXIS2PLACEMENT3D(#963,$,$);
#965=IFCLOCALPLACEMENT(#71,#964);
#966=IFCCOLUMN('0ekhV2_H95TvLl4hLKomlz',#18,'P11',$,'P11 3106:P11 3106',#965,#962,'612158');
#967=IFCPROPERTYSET('2Rjv0ueEaDVi0Yea0lahVm',#18,'Pset_ColumnCommon',$,(#179,#180,#223));
#968=IFCPROPERTYSET('1wqX6CvBXppRqzE0OALyCy',#18,'Pset_QuantityTakeOff',$,(#223));
#969=IFCPROPERTYSINGLEVALUE('Reference',$,IFCLABEL('Pilar C-25 - Retangular 14x40'),$);
#970=IFCPROPERTYSET('2DSGXATtA1akjsvJdFAdF$',#18,'Pset_ReinforcementBarPitchOfColumn',$,(#969));
#971=IFCRELDEFINESBYPROPERTIES('1rfpXGVCDkTcf1WMvtrMgu',#18,$,$,(#966),#967);
#972=IFCRELDEFINESBYPROPERTIES('33C2V0mbICjC1B5WHUbZ9B',#18,$,$,(#966),#968);
#973=IFCRELDEFINESBYPROPERTIES('2rbVVbOnd1c22MrJj9oQQ4',#18,$,$,(#966),#970);
#974=IFCAXIS2PLACEMENT3D(#3,$,$);
#976=IFCCARTESIANPOINT((0.,0.));
#977=IFCAXIS2PLACEMENT2D(#976,#11);
#978=IFCRECTANGLEPROFILEDEF(.AREA.,'P10 3075',#977,0.40000000000000002,0.19000000000000003);
#979=IFCCARTESIANPOINT((0.,0.,4.1500000000004569));
#980=IFCAXIS2PLACEMENT3D(#979,#9,#8);
#981=IFCEXTRUDEDAREASOLID(#978,#980,#9,1.0999999999999996);
#982=IFCSTYLEDITEM(#981,(#159),$);
#983=IFCSHAPEREPRESENTATION(#24,'Body','SweptSolid',(#981));
#984=IFCAXIS2PLACEMENT3D(#3,$,$);
#985=IFCREPRESENTATIONMAP(#984,#983);
#986=IFCCOLUMNTYPE('0ekhV2_H95TvLl4hLKomJG',#18,'P10 3075:P10 3075',$,$,(#1002),(#985),'567671',$,.COLUMN.);
#987=IFCMAPPEDITEM(#985,#170);
#988=IFCSHAPEREPRESENTATION(#24,'Body','MappedRepresentation',(#987));
#989=IFCPRODUCTDEFINITIONSHAPE($,$,(#988));
#990=IFCCARTESIANPOINT((-19.323346196152013,-0.41715092444254909,-6.1999999999999993));
#991=IFCAXIS2PLACEMENT3D(#990,$,$);
#992=IFCLOCALPLACEMENT(#71,#991);
#993=IFCCOLUMN('0ekhV2_H95TvLl4hLKomly',#18,'P10',$,'P10 3075:P10 3075',#992,#989,'612159');
#994=IFCPROPERTYSINGLEVALUE('Reference',$,IFCIDENTIFIER('Pilar C-25 - Retangular 19x40'),$);
#995=IFCPROPERTYSET('2KGznukdNBt9$lp505tRRq',#18,'Pset_ColumnCommon',$,(#179,#180,#994));
#996=IFCPROPERTYSET('0dP16PM0KpOhJu0SloUD0Q',#18,'Pset_QuantityTakeOff',$,(#994));
#997=IFCPROPERTYSINGLEVALUE('Reference',$,IFCLABEL('Pilar C-25 - Retangular 19x40'),$);
#998=IFCPROPERTYSET('2oMn1djudeEkk4ttj2nmd2',#18,'Pset_ReinforcementBarPitchOfColumn',$,(#997));
#999=IFCRELDEFINESBYPROPERTIES('0Skap9kjnDQ0Z3el2WnigD',#18,$,$,(#993),#995);
#1000=IFCRELDEFINESBYPROPERTIES('16SgIFJjAsNvj_f7xI9phI',#18,$,$,(#993),#996);
#1001=IFCRELDEFINESBYPROPERTIES('2mzAVgfta9wqSbd39ZXdpi',#18,$,$,(#993),#998);
#1002=IFCPROPERTYSET('2Vpkwp5VpcaCsgzB_vzY7y',#18,'Pset_ColumnCommon',$,(#180));
#1003=IFCAXIS2PLACEMENT3D(#3,$,$);
#1004=IFCLOCALPLACEMENT(#71,#1003);
#1005=IFCCARTESIANPOINT((0.025650184667397893,-0.16023042109103811));
#1006=IFCCARTESIANPOINT((0.028003957539232696,-0.16023042109103811));
#1007=IFCCARTESIANPOINT((0.030328751561153541,-0.15986220989100605));
#1008=IFCCARTESIANPOINT((0.032567322588791824,-0.1591348540727108));
#1009=IFCCARTESIANPOINT((0.034664549574054786,-0.15806626355035308));
#1010=IFCCARTESIANPOINT((0.03656879182826818,-0.15668275056904202));
#1011=IFCCARTESIANPOINT((0.038233160587317037,-0.1550183818099945));
#1012=IFCCARTESIANPOINT((0.039616673568627657,-0.15311413955578101));
#1013=IFCCARTESIANPOINT((0.040685264090985468,-0.15101691257051811));
#1014=IFCCARTESIANPOINT((0.041412619909280454,-0.14877834154288005));
#1015=IFCCARTESIANPOINT((0.10444286815037569,0.11376153696449284));
#1016=IFCCARTESIANPOINT((0.10481107935040838,0.11608633098641362));
#1017=IFCCARTESIANPOINT((0.10481107935040852,0.11844010385824895));
#1018=IFCCARTESIANPOINT((0.10444286815037687,0.12076489788016913));
#1019=IFCCARTESIANPOINT((0.10371551233208005,0.12300346890780779));
#1020=IFCCARTESIANPOINT((0.10264692180972219,0.12510069589307021));
#1021=IFCCARTESIANPOINT((0.10126340882841127,0.12700493814728414));
#1022=IFCCARTESIANPOINT((0.099599040069362821,0.12866930690633155));
#1023=IFCCARTESIANPOINT((0.097694797815149503,0.13005281988764272));
#1024=IFCCARTESIANPOINT((0.095597570829887096,0.13112141041000039));
#1025=IFCCARTESIANPOINT((0.093358999802248252,0.13184876622829667));
#1026=IFCCARTESIANPOINT((-0.023325390645471619,0.15986220989100522));
#1027=IFCCARTESIANPOINT((-0.025650184667393681,0.16023042109103711));
#1028=IFCCARTESIANPOINT((-0.028003957539228484,0.16023042109103711));
#1029=IFCCARTESIANPOINT((-0.030328751561149329,0.15986220989100505));
#1030=IFCCARTESIANPOINT((-0.032567322588787612,0.1591348540727098));
#1031=IFCCARTESIANPOINT((-0.034664549574048589,0.15806626355035103));
#1032=IFCCARTESIANPOINT((-0.036568791828263968,0.15668275056904102));
#1033=IFCCARTESIANPOINT((-0.038233160587310848,0.15501838180999244));
#1034=IFCCARTESIANPOINT((-0.039616673568621467,0.15311413955577899));
#1035=IFCCARTESIANPOINT((-0.04068526409097916,0.15101691257051658));
#1036=IFCCARTESIANPOINT((-0.041412619909276242,0.14877834154287906));
#1037=IFCCARTESIANPOINT((-0.10444286815037149,-0.11376153696449386));
#1038=IFCCARTESIANPOINT((-0.10481107935040208,-0.11608633098641515));
#1039=IFCCARTESIANPOINT((-0.10481107935040219,-0.11844010385825048));
#1040=IFCCARTESIANPOINT((-0.10444286815037067,-0.1207648978801712));
#1041=IFCCARTESIANPOINT((-0.10371551233207585,-0.12300346890780881));
#1042=IFCCARTESIANPOINT((-0.102646921809716,-0.12510069589307227));
#1043=IFCCARTESIANPOINT((-0.10126340882840705,-0.12700493814728517));
#1044=IFCCARTESIANPOINT((-0.099599040069358616,-0.12866930690633258));
#1045=IFCCARTESIANPOINT((-0.097694797815145271,-0.13005281988764372));
#1046=IFCCARTESIANPOINT((-0.095597570829882891,-0.13112141041000142));
#1047=IFCCARTESIANPOINT((-0.093358999802244047,-0.13184876622829766));
#1048=IFCCARTESIANPOINT((0.02332539064547583,-0.15986220989100625));
#1049=IFCPOLYLINE((#1005,#1006,#1007,#1008,#1009,#1010,#1011,#1012,#1013,#1014,#1015,#1016,#1017,#1018,#1019,#1020,#1021,#1022,#1023,#1024,#1025,#1026,#1027,#1028,#1029,#1030,#1031,#1032,#1033,#1034,#1035,#1036,#1037,#1038,#1039,#1040,#1041,#1042,#1043,#1044,#1045,#1046,#1047,#1048,#1005));
#1050=IFCARBITRARYCLOSEDPROFILEDEF(.AREA.,'VM2 13414',#1049);
#1051=IFCCARTESIANPOINT((-19.343346196152012,-0.21715092444254935,-2.0999999999995422));
#1052=IFCDIRECTION((0.972369920397676,0.,-0.23344536385590806));
#1053=IFCAXIS2PLACEMENT3D(#1051,#7,#1052);
#1054=IFCEXTRUDEDAREASOLID(#1050,#1053,#9,6.9500999999999991);
#1055=IFCSTYLEDITEM(#1054,(#536),$);
#1056=IFCSHAPEREPRESENTATION(#24,'Body','SweptSolid',(#1054));
#1057=IFCPRODUCTDEFINITIONSHAPE($,$,(#1056));
#1058=IFCBEAM('0ekhV2_H95TvLl4hLKomk3',#18,'VM2',$,'VM2 13414:VM2 13414',#1004,#1057,'612160');
#1059=IFCBEAMTYPE('0ekhV2_H95TvLl4hLKolI8',#18,'VM2 13414:VM2 13414',$,$,(#1067),$,'567371',$,.NOTDEFINED.);
#1060=IFCPROPERTYSET('3cMhtT7cnpLCiTLaHO_EZP',#18,'Pset_BeamCommon',$,(#179,#180,#547));
#1061=IFCPROPERTYSET('3aB7L4rpsTMceFsnD7gK$n',#18,'Pset_QuantityTakeOff',$,(#547));
#1062=IFCPROPERTYSINGLEVALUE('Reference',$,IFCLABEL('Viga Met\X\E1lica - A\X\E7o estrutural ASTM - A36 - TR - Tubular retangular 300x150x2.65'),$);
#1063=IFCPROPERTYSET('2Vc1qvLHXSIAPAuxmE_SVA',#18,'Pset_ReinforcementBarPitchOfBeam',$,(#1062));
#1064=IFCRELDEFINESBYPROPERTIES('1o6ohFaLK5HWxT6Fbs3Mew',#18,$,$,(#1058),#1060);
#1065=IFCRELDEFINESBYPROPERTIES('3kn$a8AGqnESU$NaXVqPCo',#18,$,$,(#1058),#1061);
#1066=IFCRELDEFINESBYPROPERTIES('2CvVK4m0Uw83FxQGLqzPXH',#18,$,$,(#1058),#1063);
#1067=IFCPROPERTYSET('3mdLSygoZz5ofPlHatDaDr',#18,'Pset_BeamCommon',$,(#180));
#1068=IFCAXIS2PLACEMENT3D(#3,$,$);
#1069=IFCLOCALPLACEMENT(#71,#1068);
#1070=IFCCARTESIANPOINT((0.025650184667412999,-0.16023042109103486));
#1071=IFCCARTESIANPOINT((0.028003957539248857,-0.16023042109103486));
#1072=IFCCARTESIANPOINT((0.03032875156116966,-0.15986220989100258));
#1073=IFCCARTESIANPOINT((0.032567322588806812,-0.15913485407270686));
#1074=IFCCARTESIANPOINT((0.034664549574068608,-0.15806626355034864));
#1075=IFCCARTESIANPOINT((0.036568791828282904,-0.15668275056903763));
#1076=IFCCARTESIANPOINT((0.038233160587330534,-0.15501838180998967));
#1077=IFCCARTESIANPOINT((0.039616673568640959,-0.15311413955577605));
#1078=IFCCARTESIANPOINT((0.040685264090999589,-0.15101691257051325));
#1079=IFCCARTESIANPOINT((0.041412619909294325,-0.14877834154287514));
#1080=IFCCARTESIANPOINT((0.10444286815036138,0.11376153696450451));
#1081=IFCCARTESIANPOINT((0.1048110793503938,0.11608633098642532));
#1082=IFCCARTESIANPOINT((0.10481107935039263,0.11844010385826091));
#1083=IFCCARTESIANPOINT((0.10444286815036075,0.12076489788018106));
#1084=IFCCARTESIANPOINT((0.10371551233206475,0.12300346890781939));
#1085=IFCCARTESIANPOINT((0.10264692180970561,0.12510069589308195));
#1086=IFCCARTESIANPOINT((0.10126340882839552,0.12700493814729549));
#1087=IFCCARTESIANPOINT((0.099599040069347958,0.12866930690634243));
#1088=IFCCARTESIANPOINT((0.097694797815134474,0.13005281988765338));
#1089=IFCCARTESIANPOINT((0.095597570829870915,0.1311214104100111));
#1090=IFCCARTESIANPOINT((0.093358999802233042,0.13184876622830688));
#1091=IFCCARTESIANPOINT((-0.023325390645490895,0.15986220989100322));
#1092=IFCCARTESIANPOINT((-0.025650184667411941,0.16023042109103464));
#1093=IFCCARTESIANPOINT((-0.028003957539247806,0.16023042109103464));
#1094=IFCCARTESIANPOINT((-0.030328751561168606,0.1598622098910023));
#1095=IFCCARTESIANPOINT((-0.032567322588805764,0.15913485407270661));
#1096=IFCCARTESIANPOINT((-0.034664549574068733,0.15806626355034809));
#1097=IFCCARTESIANPOINT((-0.036568791828282904,0.15668275056903763));
#1098=IFCCARTESIANPOINT((-0.038233160587330658,0.15501838180998914));
#1099=IFCCARTESIANPOINT((-0.039616673568641077,0.15311413955577555));
#1100=IFCCARTESIANPOINT((-0.040685264090998541,0.151016912570513));
#1101=IFCCARTESIANPOINT((-0.04141261990929327,0.14877834154287489));
#1102=IFCCARTESIANPOINT((-0.10444286815036033,-0.11376153696450478));
#1103=IFCCARTESIANPOINT((-0.10481107935039276,-0.11608633098642557));
#1104=IFCCARTESIANPOINT((-0.10481107935039263,-0.11844010385826091));
#1105=IFCCARTESIANPOINT((-0.10444286815036087,-0.12076489788018159));
#1106=IFCCARTESIANPOINT((-0.10371551233206475,-0.12300346890781939));
#1107=IFCCARTESIANPOINT((-0.10264692180970574,-0.12510069589308248));
#1108=IFCCARTESIANPOINT((-0.10126340882839446,-0.12700493814729574));
#1109=IFCCARTESIANPOINT((-0.099599040069346889,-0.12866930690634271));
#1110=IFCCARTESIANPOINT((-0.097694797815133433,-0.13005281988765366));
#1111=IFCCARTESIANPOINT((-0.095597570829869846,-0.13112141041001135));
#1112=IFCCARTESIANPOINT((-0.093358999802231987,-0.13184876622830713));
#1113=IFCCARTESIANPOINT((0.023325390645491943,-0.1598622098910035));
#1114=IFCPOLYLINE((#1070,#1071,#1072,#1073,#1074,#1075,#1076,#1077,#1078,#1079,#1080,#1081,#1082,#1083,#1084,#1085,#1086,#1087,#1088,#1089,#1090,#1091,#1092,#1093,#1094,#1095,#1096,#1097,#1098,#1099,#1100,#1101,#1102,#1103,#1104,#1105,#1106,#1107,#1108,#1109,#1110,#1111,#1112,#1113,#1070));
#1115=IFCARBITRARYCLOSEDPROFILEDEF(.AREA.,'VM1 13348',#1114);
#1116=IFCCARTESIANPOINT((-19.218346196152023,6.8579490755574497,-2.0999999999995422));
#1117=IFCDIRECTION((0.,-0.97236992039770109,-0.23344536385580361));
#1118=IFCAXIS2PLACEMENT3D(#1116,#5,#1117);
#1119=IFCEXTRUDEDAREASOLID(#1115,#1118,#9,4.7981000000000007);
#1120=IFCSTYLEDITEM(#1119,(#536),$);
#1121=IFCSHAPEREPRESENTATION(#24,'Body','SweptSolid',(#1119));
#1122=IFCPRODUCTDEFINITIONSHAPE($,$,(#1121));
#1123=IFCBEAM('0ekhV2_H95TvLl4hLKomk2',#18,'VM1',$,'VM1 13348:VM1 13348',#1069,#1122,'612161');
#1124=IFCBEAMTYPE('0ekhV2_H95TvLl4hLKolIA',#18,'VM1 13348:VM1 13348',$,$,(#1132),$,'567369',$,.NOTDEFINED.);
#1125=IFCPROPERTYSET('036zSQXToPoC7I3$Pd7FdY',#18,'Pset_BeamCommon',$,(#179,#180,#547));
#1126=IFCPROPERTYSET('1UGQRg4j1uMtzYctDGTqd5',#18,'Pset_QuantityTakeOff',$,(#547));
#1127=IFCPROPERTYSINGLEVALUE('Reference',$,IFCLABEL('Viga Met\X\E1lica - A\X\E7o estrutural ASTM - A36 - TR - Tubular retangular 300x150x2.65'),$);
#1128=IFCPROPERTYSET('18M9USWSVzuo9Jy2slb1c0',#18,'Pset_ReinforcementBarPitchOfBeam',$,(#1127));
#1129=IFCRELDEFINESBYPROPERTIES('2f3vom4xtyKhqZ6KSOJ9zC',#18,$,$,(#1123),#1125);
#1130=IFCRELDEFINESBYPROPERTIES('2uqqlgOSJs5FQt827uFtc4',#18,$,$,(#1123),#1126);
#1131=IFCRELDEFINESBYPROPERTIES('36WGIUp$tiheW$qxYX8WPx',#18,$,$,(#1123),#1128);
#1132=IFCPROPERTYSET('1PydTjDp_ywLeLHFMxeSxG',#18,'Pset_BeamCommon',$,(#180));
#1133=IFCAXIS2PLACEMENT3D(#3,$,$);
#1134=IFCLOCALPLACEMENT(#71,#1133);
#1135=IFCCARTESIANPOINT((-2.2204460492503131E-16,-5.4123372450476381E-16));
#1136=IFCAXIS2PLACEMENT2D(#1135,#13);
#1137=IFCRECTANGLEPROFILEDEF(.AREA.,'V28 13315',#1136,0.30000000000000004,4.1500000000000004);
#1138=IFCCARTESIANPOINT((-9.8202461961520093,2.3079490755574508,-0.6999999999995431));
#1139=IFCAXIS2PLACEMENT3D(#1138,#5,#8);
#1140=IFCEXTRUDEDAREASOLID(#1137,#1139,#9,0.14000000000000065);
#1141=IFCSTYLEDITEM(#1140,(#272),$);
#1142=IFCSHAPEREPRESENTATION(#24,'Body','SweptSolid',(#1140));
#1143=IFCPRODUCTDEFINITIONSHAPE($,$,(#1142));
#1144=IFCBEAM('0ekhV2_H95TvLl4hLKomk1',#18,'V28',$,'V28 13315:V28 13315',#1134,#1143,'612162');
#1145=IFCBEAMTYPE('0ekhV2_H95TvLl4hLKolI4',#18,'V28 13315:V28 13315',$,$,(#1153),$,'567367',$,.NOTDEFINED.);
#1146=IFCPROPERTYSET('36GOhSN9XmxN5XBVNezLHH',#18,'Pset_BeamCommon',$,(#179,#180,#697));
#1147=IFCPROPERTYSET('1RK31hE3tGPT_3ebEr_$Dc',#18,'Pset_QuantityTakeOff',$,(#697));
#1148=IFCPROPERTYSINGLEVALUE('Reference',$,IFCLABEL('Viga C-25 - Se\X\E7\X\E3o Retangular 14 X 30'),$);
#1149=IFCPROPERTYSET('20Pl7a$UXgBRHdRB0EeaWb',#18,'Pset_ReinforcementBarPitchOfBeam',$,(#1148));
#1150=IFCRELDEFINESBYPROPERTIES('3JSNHRFdSQMXJFAVlmB803',#18,$,$,(#1144),#1146);
#1151=IFCRELDEFINESBYPROPERTIES('1lSeUrM26iKAXqR1uDcXqg',#18,$,$,(#1144),#1147);
#1152=IFCRELDEFINESBYPROPERTIES('11bEIHF4gRuhv9Q7RElA6g',#18,$,$,(#1144),#1149);
#1153=IFCPROPERTYSET('17ujQ0Jhk$lhDgPpiSGllt',#18,'Pset_BeamCommon',$,(#180));
#1154=IFCAXIS2PLACEMENT3D(#3,$,$);
#1155=IFCLOCALPLACEMENT(#71,#1154);
#1156=IFCCARTESIANPOINT((0.,-5.4123372450476381E-16));
#1157=IFCAXIS2PLACEMENT2D(#1156,#13);
#1158=IFCRECTANGLEPROFILEDEF(.AREA.,'V27 13282',#1157,0.30000000000000004,4.6100000000000003);
#1159=IFCCARTESIANPOINT((-12.920246196152011,2.3079490755574508,-1.0999999999995431));
#1160=IFCAXIS2PLACEMENT3D(#1159,#5,#8);
#1161=IFCEXTRUDEDAREASOLID(#1158,#1160,#9,0.13999999999999849);
#1162=IFCSTYLEDITEM(#1161,(#272),$);
#1163=IFCSHAPEREPRESENTATION(#24,'Body','SweptSolid',(#1161));
#1164=IFCPRODUCTDEFINITIONSHAPE($,$,(#1163));
#1165=IFCBEAM('0ekhV2_H95TvLl4hLKomk0',#18,'V27',$,'V27 13282:V27 13282',#1155,#1164,'612163');
#1166=IFCBEAMTYPE('0ekhV2_H95TvLl4hLKolI6',#18,'V27 13282:V27 13282',$,$,(#1174),$,'567365',$,.NOTDEFINED.);
#1167=IFCPROPERTYSET('2JpKTSHojTz_7fnqeDcbm3',#18,'Pset_BeamCommon',$,(#179,#180,#697));
#1168=IFCPROPERTYSET('1HABWYG3HhT0dCY_DEP253',#18,'Pset_QuantityTakeOff',$,(#697));
#1169=IFCPROPERTYSINGLEVALUE('Reference',$,IFCLABEL('Viga C-25 - Se\X\E7\X\E3o Retangular 14 X 30'),$);
#1170=IFCPROPERTYSET('14R5OXqgeg7$VGI3IwInCc',#18,'Pset_ReinforcementBarPitchOfBeam',$,(#1169));
#1171=IFCRELDEFINESBYPROPERTIES('3t8OdVbL6Ggb970XD3vZDt',#18,$,$,(#1165),#1167);
#1172=IFCRELDEFINESBYPROPERTIES('2m5bj76pZ0dBmqPJf8xq9H',#18,$,$,(#1165),#1168);
#1173=IFCRELDEFINESBYPROPERTIES('2ODg60c9ud2tFM3daF6$5f',#18,$,$,(#1165),#1170);
#1174=IFCPROPERTYSET('2SYhEGCxaAspZgf1HZ3U0F',#18,'Pset_BeamCommon',$,(#180));
#1175=IFCAXIS2PLACEMENT3D(#3,$,$);
#1176=IFCLOCALPLACEMENT(#71,#1175);
#1177=IFCCARTESIANPOINT((-1.3877787807814457E-17,0.));
#1178=IFCAXIS2PLACEMENT2D(#1177,#13);
#1179=IFCRECTANGLEPROFILEDEF(.AREA.,'V26 13249',#1178,0.40000000000000002,0.22999999999999998);
#1180=IFCCARTESIANPOINT((-14.420146196152011,-0.11205092444255128,-1.1499999999995425));
#1181=IFCAXIS2PLACEMENT3D(#1180,#5,#8);
#1182=IFCEXTRUDEDAREASOLID(#1179,#1181,#9,0.13999999999999849);
#1183=IFCSTYLEDITEM(#1182,(#272),$);
#1184=IFCSHAPEREPRESENTATION(#24,'Body','SweptSolid',(#1182));
#1185=IFCPRODUCTDEFINITIONSHAPE($,$,(#1184));
#1186=IFCBEAM('0ekhV2_H95TvLl4hLKomk7',#18,'V26',$,'V26 13249:V26 13249',#1176,#1185,'612164');
#1187=IFCBEAMTYPE('0ekhV2_H95TvLl4hLKolI0',#18,'V26 13249:V26 13249',$,$,(#1196),$,'567363',$,.NOTDEFINED.);
#1188=IFCPROPERTYSINGLEVALUE('Reference',$,IFCIDENTIFIER('Viga C-25 - Se\X\E7\X\E3o Retangular 14 X 40'),$);
#1189=IFCPROPERTYSET('1GCLX2qJotpTbCbdRYRe4W',#18,'Pset_BeamCommon',$,(#179,#180,#1188));
#1190=IFCPROPERTYSET('1EFdsB_rk9ARZErAsZ15zB',#18,'Pset_QuantityTakeOff',$,(#1188));
#1191=IFCPROPERTYSINGLEVALUE('Reference',$,IFCLABEL('Viga C-25 - Se\X\E7\X\E3o Retangular 14 X 40'),$);
#1192=IFCPROPERTYSET('0bXaBwfBDkjiiJfcdvMXPx',#18,'Pset_ReinforcementBarPitchOfBeam',$,(#1191));
#1193=IFCRELDEFINESBYPROPERTIES('3RwcXL4WYAGx$SvvA1DvjB',#18,$,$,(#1186),#1189);
#1194=IFCRELDEFINESBYPROPERTIES('1BmzMNXS_Qr775m1dTelAm',#18,$,$,(#1186),#1190);
#1195=IFCRELDEFINESBYPROPERTIES('0mBTlb3bP28IJOl2E6XAVV',#18,$,$,(#1186),#1192);
#1196=IFCPROPERTYSET('0qTs5sBlDju7q9gkPHxc7I',#18,'Pset_BeamCommon',$,(#180));
#1197=IFCAXIS2PLACEMENT3D(#3,$,$);
#1198=IFCLOCALPLACEMENT(#71,#1197);
#1199=IFCCARTESIANPOINT((1.1102230246251565E-16,0.));
#1200=IFCAXIS2PLACEMENT2D(#1199,#13);
#1201=IFCRECTANGLEPROFILEDEF(.AREA.,'V13 5737',#1200,0.40000000000000002,3.5800999999999998);
#1202=IFCCARTESIANPOINT((-14.420146196152011,-2.4171009244425492,-1.1499999999995425));
#1203=IFCAXIS2PLACEMENT3D(#1202,#5,#8);
#1204=IFCEXTRUDEDAREASOLID(#1201,#1203,#9,0.13999999999999849);
#1205=IFCSTYLEDITEM(#1204,(#272),$);
#1206=IFCSHAPEREPRESENTATION(#24,'Body','SweptSolid',(#1204));
#1207=IFCPRODUCTDEFINITIONSHAPE($,$,(#1206));
#1208=IFCBEAM('0ekhV2_H95TvLl4hLKomk6',#18,'V26',$,'V13 5737:V13 5737',#1198,#1207,'612165');
#1209=IFCBEAMTYPE('0ekhV2_H95TvLl4hLKolLI',#18,'V13 5737:V13 5737',$,$,(#1217),$,'567697',$,.NOTDEFINED.);
#1210=IFCPROPERTYSET('2IW6PwrPrYHTfZgGsZ65p$',#18,'Pset_BeamCommon',$,(#179,#180,#1188));
#1211=IFCPROPERTYSET('0vx8xo6D$ZDKVExnaQMbCl',#18,'Pset_QuantityTakeOff',$,(#1188));
#1212=IFCPROPERTYSINGLEVALUE('Reference',$,IFCLABEL('Viga C-25 - Se\X\E7\X\E3o Retangular 14 X 40'),$);
#1213=IFCPROPERTYSET('0OYXTwYkohOnrIqL3f1ojC',#18,'Pset_ReinforcementBarPitchOfBeam',$,(#1212));
#1214=IFCRELDEFINESBYPROPERTIES('0RwKLkp2oeqcyxA7pQAJK9',#18,$,$,(#1208),#1210);
#1215=IFCRELDEFINESBYPROPERTIES('0hArR8M_wDPtCy3gn8tpYp',#18,$,$,(#1208),#1211);
#1216=IFCRELDEFINESBYPROPERTIES('0So7bYKRC1uW65c5TKLhXJ',#18,$,$,(#1208),#1213);
#1217=IFCPROPERTYSET('3gYMJGHsaSmnpEdVHXOtzr',#18,'Pset_BeamCommon',$,(#180));
#1218=IFCAXIS2PLACEMENT3D(#3,$,$);
#1219=IFCLOCALPLACEMENT(#71,#1218);
#1220=IFCCARTESIANPOINT((0.,0.));
#1221=IFCAXIS2PLACEMENT2D(#1220,#13);
#1222=IFCRECTANGLEPROFILEDEF(.AREA.,'V13 5671',#1221,0.40000000000000002,1.8500000000000001);
#1223=IFCCARTESIANPOINT((-14.420246196152009,5.6079490755574497,-1.1499999999995425));
#1224=IFCAXIS2PLACEMENT3D(#1223,#5,#8);
#1225=IFCEXTRUDEDAREASOLID(#1222,#1224,#9,0.13999999999999849);
#1226=IFCSTYLEDITEM(#1225,(#272),$);
#1227=IFCSHAPEREPRESENTATION(#24,'Body','SweptSolid',(#1225));
#1228=IFCPRODUCTDEFINITIONSHAPE($,$,(#1227));
#1229=IFCBEAM('0ekhV2_H95TvLl4hLKomk5',#18,'V26',$,'V13 5671:V13 5671',#1219,#1228,'612166');
#1230=IFCBEAMTYPE('0ekhV2_H95TvLl4hLKolLE',#18,'V13 5671:V13 5671',$,$,(#1238),$,'567693',$,.NOTDEFINED.);
#1231=IFCPROPERTYSET('3dP7E8ipsQGDfzfH4W_g5E',#18,'Pset_BeamCommon',$,(#179,#180,#1188));
#1232=IFCPROPERTYSET('02jMnsjZdmPwMhR5kajD_s',#18,'Pset_QuantityTakeOff',$,(#1188));
#1233=IFCPROPERTYSINGLEVALUE('Reference',$,IFCLABEL('Viga C-25 - Se\X\E7\X\E3o Retangular 14 X 40'),$);
#1234=IFCPROPERTYSET('0DkOEznhqf5PS5qE6olQQR',#18,'Pset_ReinforcementBarPitchOfBeam',$,(#1233));
#1235=IFCRELDEFINESBYPROPERTIES('3wo739LWWFlaHAnCmHRQYX',#18,$,$,(#1229),#1231);
#1236=IFCRELDEFINESBYPROPERTIES('2mr3PfiQ0BppTIPXGgLHmt',#18,$,$,(#1229),#1232);
#1237=IFCRELDEFINESBYPROPERTIES('3l8UGekjs7yCfMzev2gedA',#18,$,$,(#1229),#1234);
#1238=IFCPROPERTYSET('3EndWzzEHUy$bQ$9r9sR2x',#18,'Pset_BeamCommon',$,(#180));
#1239=IFCAXIS2PLACEMENT3D(#3,$,$);
#1240=IFCLOCALPLACEMENT(#71,#1239);
#1241=IFCCARTESIANPOINT((2.2204460492503131E-16,0.));
#1242=IFCAXIS2PLACEMENT2D(#1241,#13);
#1243=IFCRECTANGLEPROFILEDEF(.AREA.,'V26 13150',#1242,0.40000000000000002,4.2799999999999994);
#1244=IFCCARTESIANPOINT((-14.420146196152011,2.1429490755574494,-1.1499999999995425));
#1245=IFCAXIS2PLACEMENT3D(#1244,#5,#8);
#1246=IFCEXTRUDEDAREASOLID(#1243,#1245,#9,0.13999999999999849);
#1247=IFCSTYLEDITEM(#1246,(#272),$);
#1248=IFCSHAPEREPRESENTATION(#24,'Body','SweptSolid',(#1246));
#1249=IFCPRODUCTDEFINITIONSHAPE($,$,(#1248));
#1250=IFCBEAM('0ekhV2_H95TvLl4hLKomk4',#18,'V26',$,'V26 13150:V26 13150',#1240,#1249,'612167');
#1251=IFCBEAMTYPE('0ekhV2_H95TvLl4hLKolI2',#18,'V26 13150:V26 13150',$,$,(#1259),$,'567361',$,.NOTDEFINED.);
#1252=IFCPROPERTYSET('1Mew$HhByR24CDtm_lz64G',#18,'Pset_BeamCommon',$,(#179,#180,#1188));
#1253=IFCPROPERTYSET('1T3044$vekGEwLPq5OgJ3t',#18,'Pset_QuantityTakeOff',$,(#1188));
#1254=IFCPROPERTYSINGLEVALUE('Reference',$,IFCLABEL('Viga C-25 - Se\X\E7\X\E3o Retangular 14 X 40'),$);
#1255=IFCPROPERTYSET('3020i_o5UUyxaEE9Ugez7v',#18,'Pset_ReinforcementBarPitchOfBeam',$,(#1254));
#1256=IFCRELDEFINESBYPROPERTIES('17_1sCkCUVAZ39eXxxeJE$',#18,$,$,(#1250),#1252);
#1257=IFCRELDEFINESBYPROPERTIES('0fehpxnDz2Da9zdIR2mQb7',#18,$,$,(#1250),#1253);
#1258=IFCRELDEFINESBYPROPERTIES('1HZjKB8zgNkNutqcVYCwmZ',#18,$,$,(#1250),#1255);
#1259=IFCPROPERTYSET('3U94Ep_yj14wyVdATFMPdF',#18,'Pset_BeamCommon',$,(#180));
#1260=IFCAXIS2PLACEMENT3D(#3,$,$);
#1261=IFCLOCALPLACEMENT(#71,#1260);
#1262=IFCCARTESIANPOINT((0.,0.));
#1263=IFCAXIS2PLACEMENT2D(#1262,#13);
#1264=IFCRECTANGLEPROFILEDEF(.AREA.,'V25 13117',#1263,0.40000000000000002,1.2500000000000007);
#1265=IFCCARTESIANPOINT((-14.420146196152011,-5.5620509244425511,-1.1499999999995425));
#1266=IFCAXIS2PLACEMENT3D(#1265,#5,#8);
#1267=IFCEXTRUDEDAREASOLID(#1264,#1266,#9,0.13999999999999849);
#1268=IFCSTYLEDITEM(#1267,(#272),$);
#1269=IFCSHAPEREPRESENTATION(#24,'Body','SweptSolid',(#1267));
#1270=IFCPRODUCTDEFINITIONSHAPE($,$,(#1269));
#1271=IFCBEAM('0ekhV2_H95TvLl4hLKomkB',#18,'V25',$,'V25 13117:V25 13117',#1261,#1270,'612168');
#1272=IFCBEAMTYPE('0ekhV2_H95TvLl4hLKolJy',#18,'V25 13117:V25 13117',$,$,(#1280),$,'567359',$,.NOTDEFINED.);
#1273=IFCPROPERTYSET('1cJg7PsTnid1Ardy843pbB',#18,'Pset_BeamCommon',$,(#179,#180,#1188));
#1274=IFCPROPERTYSET('3PbhxZ4N9I9z7TFCYa8lXO',#18,'Pset_QuantityTakeOff',$,(#1188));
#1275=IFCPROPERTYSINGLEVALUE('Reference',$,IFCLABEL('Viga C-25 - Se\X\E7\X\E3o Retangular 14 X 40'),$);
#1276=IFCPROPERTYSET('1OpB_1SWwCnZQyQ52qfTPd',#18,'Pset_ReinforcementBarPitchOfBeam',$,(#1275));
#1277=IFCRELDEFINESBYPROPERTIES('369qcMJ3qNp3n_jTLgi1yU',#18,$,$,(#1271),#1273);
#1278=IFCRELDEFINESBYPROPERTIES('0cQTb6d1pyNh2MTrELP4VF',#18,$,$,(#1271),#1274);
#1279=IFCRELDEFINESBYPROPERTIES('3amueRDL7B9EdW5gU6AWXn',#18,$,$,(#1271),#1276);
#1280=IFCPROPERTYSET('06PVyTDLfB3TMOqCakCcIY',#18,'Pset_BeamCommon',$,(#180));
#1281=IFCAXIS2PLACEMENT3D(#3,$,$);
#1282=IFCLOCALPLACEMENT(#71,#1281);
#1283=IFCCARTESIANPOINT((-2.7755575615628914E-16,0.));
#1284=IFCAXIS2PLACEMENT2D(#1283,#13);
#1285=IFCRECTANGLEPROFILEDEF(.AREA.,'V25 13084',#1284,0.40000000000000002,0.49989999999999951);
#1286=IFCCARTESIANPOINT((-14.420146196152011,-4.7571009244425504,-1.1499999999995425));
#1287=IFCAXIS2PLACEMENT3D(#1286,#5,#8);
#1288=IFCEXTRUDEDAREASOLID(#1285,#1287,#9,0.13999999999999849);
#1289=IFCSTYLEDITEM(#1288,(#272),$);
#1290=IFCSHAPEREPRESENTATION(#24,'Body','SweptSolid',(#1288));
#1291=IFCPRODUCTDEFINITIONSHAPE($,$,(#1290));
#1292=IFCBEAM('0ekhV2_H95TvLl4hLKomkA',#18,'V25',$,'V25 13084:V25 13084',#1282,#1291,'612169');
#1293=IFCBEAMTYPE('0ekhV2_H95TvLl4hLKolJ_',#18,'V25 13084:V25 13084',$,$,(#1301),$,'567357',$,.NOTDEFINED.);
#1294=IFCPROPERTYSET('1d_ZiEKRb0JOcCnqX2dNpB',#18,'Pset_BeamCommon',$,(#179,#180,#1188));
#1295=IFCPROPERTYSET('0Q$FDlulNfTjJVp_RPe5ha',#18,'Pset_QuantityTakeOff',$,(#1188));
#1296=IFCPROPERTYSINGLEVALUE('Reference',$,IFCLABEL('Viga C-25 - Se\X\E7\X\E3o Retangular 14 X 40'),$);
#1297=IFCPROPERTYSET('1teYnsqlHg3X68U8_QGQN6',#18,'Pset_ReinforcementBarPitchOfBeam',$,(#1296));
#1298=IFCRELDEFINESBYPROPERTIES('0rurx$3DIWI7fdHh4B6Wui',#18,$,$,(#1292),#1294);
#1299=IFCRELDEFINESBYPROPERTIES('0JY8jY3mhlxIwL6uW$W_a2',#18,$,$,(#1292),#1295);
#1300=IFCRELDEFINESBYPROPERTIES('248OP$YW7RMP0czcC9QVNK',#18,$,$,(#1292),#1297);
#1301=IFCPROPERTYSET('38BjoNBgE1cIdZGXbVJr1N',#18,'Pset_BeamCommon',$,(#180));
#1302=IFCAXIS2PLACEMENT3D(#3,$,$);
#1303=IFCLOCALPLACEMENT(#71,#1302);
#1304=IFCCARTESIANPOINT((0.,0.));
#1305=IFCAXIS2PLACEMENT2D(#1304,#13);
#1306=IFCRECTANGLEPROFILEDEF(.AREA.,'V24 13051',#1305,0.40000000000000002,1.1199999999999999);
#1307=IFCCARTESIANPOINT((-15.820146196152011,-5.7270509244425503,-1.1499999999995425));
#1308=IFCAXIS2PLACEMENT3D(#1307,#5,#8);
#1309=IFCEXTRUDEDAREASOLID(#1306,#1308,#9,0.13999999999999849);
#1310=IFCSTYLEDITEM(#1309,(#272),$);
#1311=IFCSHAPEREPRESENTATION(#24,'Body','SweptSolid',(#1309));
#1312=IFCPRODUCTDEFINITIONSHAPE($,$,(#1311));
#1313=IFCBEAM('0ekhV2_H95TvLl4hLKomk9',#18,'V24',$,'V24 13051:V24 13051',#1303,#1312,'612170');
#1314=IFCBEAMTYPE('0ekhV2_H95TvLl4hLKolJu',#18,'V24 13051:V24 13051',$,$,(#1322),$,'567355',$,.NOTDEFINED.);
#1315=IFCPROPERTYSET('3Unhuqs85fh6eGzXfJwV1s',#18,'Pset_BeamCommon',$,(#179,#180,#1188));
#1316=IFCPROPERTYSET('1VakSUl8SEicO6vJnVKou4',#18,'Pset_QuantityTakeOff',$,(#1188));
#1317=IFCPROPERTYSINGLEVALUE('Reference',$,IFCLABEL('Viga C-25 - Se\X\E7\X\E3o Retangular 14 X 40'),$);
#1318=IFCPROPERTYSET('1DZH$jP9FwxxNz6dyXKDLK',#18,'Pset_ReinforcementBarPitchOfBeam',$,(#1317));
#1319=IFCRELDEFINESBYPROPERTIES('19xvGNkoQtEZ4dqfQ7KlCe',#18,$,$,(#1313),#1315);
#1320=IFCRELDEFINESBYPROPERTIES('1tkum19TwhI2KyVqzqSMgH',#18,$,$,(#1313),#1316);
#1321=IFCRELDEFINESBYPROPERTIES('1tu2rZsJi8Hka7WPVXzWRF',#18,$,$,(#1313),#1318);
#1322=IFCPROPERTYSET('0bbU0Dhzov4K7xXggCpPQZ',#18,'Pset_BeamCommon',$,(#180));
#1323=IFCAXIS2PLACEMENT3D(#3,$,$);
#1324=IFCLOCALPLACEMENT(#71,#1323);
#1325=IFCCARTESIANPOINT((0.,0.));
#1326=IFCAXIS2PLACEMENT2D(#1325,#13);
#1327=IFCRECTANGLEPROFILEDEF(.AREA.,'V10 5572',#1326,0.40000000000000002,3.0800000000000001);
#1328=IFCCARTESIANPOINT((-15.820146196152011,-8.127050924442548,-1.1499999999995425));
#1329=IFCAXIS2PLACEMENT3D(#1328,#5,#8);
#1330=IFCEXTRUDEDAREASOLID(#1327,#1329,#9,0.13999999999999849);
#1331=IFCSTYLEDITEM(#1330,(#272),$);
#1332=IFCSHAPEREPRESENTATION(#24,'Body','SweptSolid',(#1330));
#1333=IFCPRODUCTDEFINITIONSHAPE($,$,(#1332));
#1334=IFCBEAM('0ekhV2_H95TvLl4hLKomk8',#18,'V24',$,'V10 5572:V10 5572',#1324,#1333,'612171');
#1335=IFCBEAMTYPE('0ekhV2_H95TvLl4hLKolL4',#18,'V10 5572:V10 5572',$,$,(#1343),$,'567687',$,.NOTDEFINED.);
#1336=IFCPROPERTYSET('1ZJ6fGB$ttbKm5nC2xZyHO',#18,'Pset_BeamCommon',$,(#179,#180,#1188));
#1337=IFCPROPERTYSET('0dqkSXy_WbK6v0f4uo8ARG',#18,'Pset_QuantityTakeOff',$,(#1188));
#1338=IFCPROPERTYSINGLEVALUE('Reference',$,IFCLABEL('Viga C-25 - Se\X\E7\X\E3o Retangular 14 X 40'),$);
#1339=IFCPROPERTYSET('3GoK0rPjEKfwwO3tCfYBRH',#18,'Pset_ReinforcementBarPitchOfBeam',$,(#1338));
#1340=IFCRELDEFINESBYPROPERTIES('218_7YmyB3dTml9gHi_4mG',#18,$,$,(#1334),#1336);
#1341=IFCRELDEFINESBYPROPERTIES('2Wcww3Nnc6iTMtNfAK1a0J',#18,$,$,(#1334),#1337);
#1342=IFCRELDEFINESBYPROPERTIES('3cLhTrfyAI7H3qptnYpPAc',#18,$,$,(#1334),#1339);
#1343=IFCPROPERTYSET('0oZnV0gV8Ed9O7kjCWg$z_',#18,'Pset_BeamCommon',$,(#180));
#1344=IFCAXIS2PLACEMENT3D(#3,$,$);
#1345=IFCLOCALPLACEMENT(#71,#1344);
#1346=IFCCARTESIANPOINT((0.,5.4123372450476381E-16));
#1347=IFCAXIS2PLACEMENT2D(#1346,#13);
#1348=IFCRECTANGLEPROFILEDEF(.AREA.,'V23 12985',#1347,0.5,4.0899000000000001);
#1349=IFCCARTESIANPOINT((-19.418346196152012,-2.6621009244425498,-1.1999999999995421));
#1350=IFCAXIS2PLACEMENT3D(#1349,#5,#8);
#1351=IFCEXTRUDEDAREASOLID(#1348,#1350,#9,0.19000000000000011);
#1352=IFCSTYLEDITEM(#1351,(#272),$);
#1353=IFCSHAPEREPRESENTATION(#24,'Body','SweptSolid',(#1351));
#1354=IFCPRODUCTDEFINITIONSHAPE($,$,(#1353));
#1355=IFCBEAM('0ekhV2_H95TvLl4hLKomkF',#18,'V23',$,'V23 12985:V23 12985',#1345,#1354,'612172');
#1356=IFCBEAMTYPE('0ekhV2_H95TvLl4hLKolJw',#18,'V23 12985:V23 12985',$,$,(#1365),$,'567353',$,.NOTDEFINED.);
#1357=IFCPROPERTYSINGLEVALUE('Reference',$,IFCIDENTIFIER('Viga C-25 - Se\X\E7\X\E3o Retangular 19 X 50'),$);
#1358=IFCPROPERTYSET('1DvLFVGeovVVTfsLiTbYPq',#18,'Pset_BeamCommon',$,(#179,#180,#1357));
#1359=IFCPROPERTYSET('2PMyMYVZSK3haZ0GPgXb5X',#18,'Pset_QuantityTakeOff',$,(#1357));
#1360=IFCPROPERTYSINGLEVALUE('Reference',$,IFCLABEL('Viga C-25 - Se\X\E7\X\E3o Retangular 19 X 50'),$);
#1361=IFCPROPERTYSET('00bUpOqderDJKPIG1p01$Y',#18,'Pset_ReinforcementBarPitchOfBeam',$,(#1360));
#1362=IFCRELDEFINESBYPROPERTIES('2lJtdt1l43nGzc_vwGSpwm',#18,$,$,(#1355),#1358);
#1363=IFCRELDEFINESBYPROPERTIES('17yDKypWDS9T5QmFB8nzP6',#18,$,$,(#1355),#1359);
#1364=IFCRELDEFINESBYPROPERTIES('1VMgFqT36oTwLczQJJUCtB',#18,$,$,(#1355),#1361);
#1365=IFCPROPERTYSET('3B$GhWRVt9OVWvLgK61JsF',#18,'Pset_BeamCommon',$,(#180));
#1366=IFCAXIS2PLACEMENT3D(#3,$,$);
#1367=IFCLOCALPLACEMENT(#71,#1366);
#1368=IFCCARTESIANPOINT((2.2204460492503131E-16,5.4123372450476381E-16));
#1369=IFCAXIS2PLACEMENT2D(#1368,#13);
#1370=IFCRECTANGLEPROFILEDEF(.AREA.,'V23 12952',#1369,0.5,6.9500999999999999);
#1371=IFCCARTESIANPOINT((-19.418346196152012,3.2578990755574506,-1.1999999999995421));
#1372=IFCAXIS2PLACEMENT3D(#1371,#5,#8);
#1373=IFCEXTRUDEDAREASOLID(#1370,#1372,#9,0.19000000000000011);
#1374=IFCSTYLEDITEM(#1373,(#272),$);
#1375=IFCSHAPEREPRESENTATION(#24,'Body','SweptSolid',(#1373));
#1376=IFCPRODUCTDEFINITIONSHAPE($,$,(#1375));
#1377=IFCBEAM('0ekhV2_H95TvLl4hLKomkE',#18,'V23',$,'V23 12952:V23 12952',#1367,#1376,'612173');
#1378=IFCBEAMTYPE('0ekhV2_H95TvLl4hLKolJq',#18,'V23 12952:V23 12952',$,$,(#1386),$,'567351',$,.NOTDEFINED.);
#1379=IFCPROPERTYSET('1mnVT0A6iSS5swmFF_nNHh',#18,'Pset_BeamCommon',$,(#179,#180,#1357));
#1380=IFCPROPERTYSET('1g8lLUir5U5_uP66DYNTHj',#18,'Pset_QuantityTakeOff',$,(#1357));
#1381=IFCPROPERTYSINGLEVALUE('Reference',$,IFCLABEL('Viga C-25 - Se\X\E7\X\E3o Retangular 19 X 50'),$);
#1382=IFCPROPERTYSET('1U3ykYLb8XGzsNGZEWrHka',#18,'Pset_ReinforcementBarPitchOfBeam',$,(#1381));
#1383=IFCRELDEFINESBYPROPERTIES('12a_kSOae6Nd7XfVz03sOk',#18,$,$,(#1377),#1379);
#1384=IFCRELDEFINESBYPROPERTIES('0BZZNWyJKiavTZA3ezZJHe',#18,$,$,(#1377),#1380);
#1385=IFCRELDEFINESBYPROPERTIES('3QRNGLkRFhDS2X5owWxtMc',#18,$,$,(#1377),#1382);
#1386=IFCPROPERTYSET('2$sZn_2nZt3S_h0RVMWstN',#18,'Pset_BeamCommon',$,(#180));
#1387=IFCAXIS2PLACEMENT3D(#3,$,$);
#1388=IFCLOCALPLACEMENT(#71,#1387);
#1389=IFCCARTESIANPOINT((0.,-5.4123372450476381E-16));
#1390=IFCAXIS2PLACEMENT2D(#1389,#11);
#1391=IFCRECTANGLEPROFILEDEF(.AREA.,'V22 12919',#1390,0.40000000000000002,0.13999999999999957);
#1392=IFCCARTESIANPOINT((-15.680146196152009,-6.5170509244425503,-1.1499999999995425));
#1393=IFCAXIS2PLACEMENT3D(#1392,#5,#10);
#1394=IFCEXTRUDEDAREASOLID(#1391,#1393,#9,1.2603999999999993);
#1395=IFCSTYLEDITEM(#1394,(#272),$);
#1396=IFCSHAPEREPRESENTATION(#24,'Body','SweptSolid',(#1394));
#1397=IFCPRODUCTDEFINITIONSHAPE($,$,(#1396));
#1398=IFCBEAM('0ekhV2_H95TvLl4hLKomkD',#18,'V22',$,'V22 12919:V22 12919',#1388,#1397,'612174');
#1399=IFCBEAMTYPE('0ekhV2_H95TvLl4hLKolJs',#18,'V22 12919:V22 12919',$,$,(#1407),$,'567349',$,.NOTDEFINED.);
#1400=IFCPROPERTYSET('0y$t$Q0dWxa7aQIusCUYB_',#18,'Pset_BeamCommon',$,(#179,#180,#1188));
#1401=IFCPROPERTYSET('3Ae21Gb57ElOnRmeNq2B_K',#18,'Pset_QuantityTakeOff',$,(#1188));
#1402=IFCPROPERTYSINGLEVALUE('Reference',$,IFCLABEL('Viga C-25 - Se\X\E7\X\E3o Retangular 14 X 40'),$);
#1403=IFCPROPERTYSET('1OHlhNo$v9C6$3IxRgmAsS',#18,'Pset_ReinforcementBarPitchOfBeam',$,(#1402));
#1404=IFCRELDEFINESBYPROPERTIES('3KNuJaTv2vBPhcW_Chzz0k',#18,$,$,(#1398),#1400);
#1405=IFCRELDEFINESBYPROPERTIES('3yfbuabjjs9mo49OI_P4Ls',#18,$,$,(#1398),#1401);
#1406=IFCRELDEFINESBYPROPERTIES('0EZUQ35i6a1YLQXbKJLiJ4',#18,$,$,(#1398),#1403);
#1407=IFCPROPERTYSET('2WEGsSYkPZ4k45vEq3p4VE',#18,'Pset_BeamCommon',$,(#180));
#1408=IFCAXIS2PLACEMENT3D(#3,$,$);
#1409=IFCLOCALPLACEMENT(#71,#1408);
#1410=IFCCARTESIANPOINT((0.,-2.7061686225238191E-16));
#1411=IFCAXIS2PLACEMENT2D(#1410,#11);
#1412=IFCRECTANGLEPROFILEDEF(.AREA.,'V4 6232',#1411,0.40000000000000002,0.14000000000000012);
#1413=IFCCARTESIANPOINT((-19.22834619615201,-4.9370509244425502,-1.1499999999995425));
#1414=IFCAXIS2PLACEMENT3D(#1413,#5,#10);
#1415=IFCEXTRUDEDAREASOLID(#1412,#1414,#9,3.4086000000000003);
#1416=IFCSTYLEDITEM(#1415,(#272),$);
#1417=IFCSHAPEREPRESENTATION(#24,'Body','SweptSolid',(#1415));
#1418=IFCPRODUCTDEFINITIONSHAPE($,$,(#1417));
#1419=IFCBEAM('0ekhV2_H95TvLl4hLKomkC',#18,'V21',$,'V4 6232:V4 6232',#1409,#1418,'612175');
#1420=IFCBEAMTYPE('0ekhV2_H95TvLl4hLKolLi',#18,'V4 6232:V4 6232',$,$,(#1428),$,'567727',$,.NOTDEFINED.);
#1421=IFCPROPERTYSET('2tQhBdArutxf$rlB9m7lbr',#18,'Pset_BeamCommon',$,(#179,#180,#1188));
#1422=IFCPROPERTYSET('2PbedRFE4$f2vd3WkrE6u_',#18,'Pset_QuantityTakeOff',$,(#1188));
#1423=IFCPROPERTYSINGLEVALUE('Reference',$,IFCLABEL('Viga C-25 - Se\X\E7\X\E3o Retangular 14 X 40'),$);
#1424=IFCPROPERTYSET('1EQi0CedHDzh4KYi101Pb5',#18,'Pset_ReinforcementBarPitchOfBeam',$,(#1423));
#1425=IFCRELDEFINESBYPROPERTIES('0eA$_IfFkuUHQwt1mzuw99',#18,$,$,(#1419),#1421);
#1426=IFCRELDEFINESBYPROPERTIES('169T3k3HyxLdZMFda7E87h',#18,$,$,(#1419),#1422);
#1427=IFCRELDEFINESBYPROPERTIES('3iO5VMg8KI4TLwWaX9n90P',#18,$,$,(#1419),#1424);
#1428=IFCPROPERTYSET('2kTvus6CNZVvjCRJLDmHW3',#18,'Pset_BeamCommon',$,(#180));
#1429=IFCAXIS2PLACEMENT3D(#3,$,$);
#1430=IFCLOCALPLACEMENT(#71,#1429);
#1431=IFCCARTESIANPOINT((0.,-2.7061686225238191E-16));
#1432=IFCAXIS2PLACEMENT2D(#1431,#11);
#1433=IFCRECTANGLEPROFILEDEF(.AREA.,'V21 12853',#1432,0.40000000000000002,0.14000000000000012);
#1434=IFCCARTESIANPOINT((-15.67974619615201,-4.9370509244425502,-1.1499999999995425));
#1435=IFCAXIS2PLACEMENT3D(#1434,#5,#10);
#1436=IFCEXTRUDEDAREASOLID(#1433,#1435,#9,1.2595999999999996);
#1437=IFCSTYLEDITEM(#1436,(#272),$);
#1438=IFCSHAPEREPRESENTATION(#24,'Body','SweptSolid',(#1436));
#1439=IFCPRODUCTDEFINITIONSHAPE($,$,(#1438));
#1440=IFCBEAM('0ekhV2_H95TvLl4hLKomkJ',#18,'V21',$,'V21 12853:V21 12853',#1430,#1439,'612176');
#1441=IFCBEAMTYPE('0ekhV2_H95TvLl4hLKolJm',#18,'V21 12853:V21 12853',$,$,(#1449),$,'567347',$,.NOTDEFINED.);
#1442=IFCPROPERTYSET('0gVZPm9XxHKi5Kj_Z$JN3A',#18,'Pset_BeamCommon',$,(#179,#180,#1188));
#1443=IFCPROPERTYSET('1wZ$GXKUafRPUagNhTnvFg',#18,'Pset_QuantityTakeOff',$,(#1188));
#1444=IFCPROPERTYSINGLEVALUE('Reference',$,IFCLABEL('Viga C-25 - Se\X\E7\X\E3o Retangular 14 X 40'),$);
#1445=IFCPROPERTYSET('1QYZydnJSjmdUJ$$9vTGRu',#18,'Pset_ReinforcementBarPitchOfBeam',$,(#1444));
#1446=IFCRELDEFINESBYPROPERTIES('3AWuCZWFuXIsSTQbgEaWmk',#18,$,$,(#1440),#1442);
#1447=IFCRELDEFINESBYPROPERTIES('2MXLpbisF2At_soCPbre2F',#18,$,$,(#1440),#1443);
#1448=IFCRELDEFINESBYPROPERTIES('0$8qYXzFOnE7npW1G$HMZo',#18,$,$,(#1440),#1445);
#1449=IFCPROPERTYSET('0nIAL89LC8z9tuU$m4YLF4',#18,'Pset_BeamCommon',$,(#180));
#1450=IFCAXIS2PLACEMENT3D(#3,$,$);
#1451=IFCLOCALPLACEMENT(#71,#1450);
#1452=IFCCARTESIANPOINT((-5.4123372450476381E-16,0.));
#1453=IFCAXIS2PLACEMENT2D(#1452,#11);
#1454=IFCRECTANGLEPROFILEDEF(.AREA.,'V19 12721',#1453,0.30000000000000004,0.14000000000000001);
#1455=IFCCARTESIANPOINT((-12.85024619615201,0.0029490755574507321,-1.0999999999995431));
#1456=IFCAXIS2PLACEMENT3D(#1455,#5,#10);
#1457=IFCEXTRUDEDAREASOLID(#1454,#1456,#9,3.0299999999999998);
#1458=IFCSTYLEDITEM(#1457,(#272),$);
#1459=IFCSHAPEREPRESENTATION(#24,'Body','SweptSolid',(#1457));
#1460=IFCPRODUCTDEFINITIONSHAPE($,$,(#1459));
#1461=IFCBEAM('0ekhV2_H95TvLl4hLKomkI',#18,'V20',$,'V19 12721:V19 12721',#1451,#1460,'612177');
#1462=IFCBEAMTYPE('0ekhV2_H95TvLl4hLKolJk',#18,'V19 12721:V19 12721',$,$,(#1470),$,'567341',$,.NOTDEFINED.);
#1463=IFCPROPERTYSET('3Wd1w_E7bjId05lr0uDIMg',#18,'Pset_BeamCommon',$,(#179,#180,#697));
#1464=IFCPROPERTYSET('12_YetnA4XjeQxpTJqceus',#18,'Pset_QuantityTakeOff',$,(#697));
#1465=IFCPROPERTYSINGLEVALUE('Reference',$,IFCLABEL('Viga C-25 - Se\X\E7\X\E3o Retangular 14 X 30'),$);
#1466=IFCPROPERTYSET('2cX5SKGZd4G_GPL2VUToee',#18,'Pset_ReinforcementBarPitchOfBeam',$,(#1465));
#1467=IFCRELDEFINESBYPROPERTIES('2SfYB36gIvjJET$7p5yF4_',#18,$,$,(#1461),#1463);
#1468=IFCRELDEFINESBYPROPERTIES('1T1Qke89vLARM0SkkArK3K',#18,$,$,(#1461),#1464);
#1469=IFCRELDEFINESBYPROPERTIES('2H3tIrWNPbkxW9lGbeLXBv',#18,$,$,(#1461),#1466);
#1470=IFCPROPERTYSET('0SC1zsFvhoOVUNEyR5q2_W',#18,'Pset_BeamCommon',$,(#180));
#1471=IFCAXIS2PLACEMENT3D(#3,$,$);
#1472=IFCLOCALPLACEMENT(#71,#1471);
#1473=IFCCARTESIANPOINT((-5.4123372450476381E-16,0.));
#1474=IFCAXIS2PLACEMENT2D(#1473,#11);
#1475=IFCRECTANGLEPROFILEDEF(.AREA.,'V20 12787',#1474,0.30000000000000004,0.14000000000000001);
#1476=IFCCARTESIANPOINT((-14.420146196152007,0.0029490755574507321,-1.0999999999995431));
#1477=IFCAXIS2PLACEMENT3D(#1476,#5,#10);
#1478=IFCEXTRUDEDAREASOLID(#1475,#1477,#9,1.5698999999999983);
#1479=IFCSTYLEDITEM(#1478,(#272),$);
#1480=IFCSHAPEREPRESENTATION(#24,'Body','SweptSolid',(#1478));
#1481=IFCPRODUCTDEFINITIONSHAPE($,$,(#1480));
#1482=IFCBEAM('0ekhV2_H95TvLl4hLKomkH',#18,'V20',$,'V20 12787:V20 12787',#1472,#1481,'612178');
#1483=IFCBEAMTYPE('0ekhV2_H95TvLl4hLKolJo',#18,'V20 12787:V20 12787',$,$,(#1491),$,'567345',$,.NOTDEFINED.);
#1484=IFCPROPERTYSET('3qIIhoR6QqSxxPPgE1c6vN',#18,'Pset_BeamCommon',$,(#179,#180,#697));
#1485=IFCPROPERTYSET('3XWtkgIQ81X2iR3NR7s7I1',#18,'Pset_QuantityTakeOff',$,(#697));
#1486=IFCPROPERTYSINGLEVALUE('Reference',$,IFCLABEL('Viga C-25 - Se\X\E7\X\E3o Retangular 14 X 30'),$);
#1487=IFCPROPERTYSET('0A2nWAmWjHhmXSMMBcmfS0',#18,'Pset_ReinforcementBarPitchOfBeam',$,(#1486));
#1488=IFCRELDEFINESBYPROPERTIES('2z$4YB0HCqantv0n7r4TWB',#18,$,$,(#1482),#1484);
#1489=IFCRELDEFINESBYPROPERTIES('2TDeXzVuHMLlGpY2c8qYPX',#18,$,$,(#1482),#1485);
#1490=IFCRELDEFINESBYPROPERTIES('15x3EwrYJhf4EcUR3bpFtS',#18,$,$,(#1482),#1487);
#1491=IFCPROPERTYSET('15j4grByF_NoYGqnlI7bWI',#18,'Pset_BeamCommon',$,(#180));
#1492=IFCAXIS2PLACEMENT3D(#3,$,$);
#1493=IFCLOCALPLACEMENT(#71,#1492);
#1494=IFCCARTESIANPOINT((-5.4123372450476381E-16,2.7061686225238191E-16));
#1495=IFCAXIS2PLACEMENT2D(#1494,#11);
#1496=IFCRECTANGLEPROFILEDEF(.AREA.,'V19 12754',#1495,0.30000000000000004,0.14000000000000012);
#1497=IFCCARTESIANPOINT((-14.28024619615201,4.6129490755574496,-1.0999999999995431));
#1498=IFCAXIS2PLACEMENT3D(#1497,#5,#10);
#1499=IFCEXTRUDEDAREASOLID(#1496,#1498,#9,1.4299999999999997);
#1500=IFCSTYLEDITEM(#1499,(#272),$);
#1501=IFCSHAPEREPRESENTATION(#24,'Body','SweptSolid',(#1499));
#1502=IFCPRODUCTDEFINITIONSHAPE($,$,(#1501));
#1503=IFCBEAM('0ekhV2_H95TvLl4hLKomkG',#18,'V19',$,'V19 12754:V19 12754',#1493,#1502,'612179');
#1504=IFCBEAMTYPE('0ekhV2_H95TvLl4hLKolJi',#18,'V19 12754:V19 12754',$,$,(#1512),$,'567343',$,.NOTDEFINED.);
#1505=IFCPROPERTYSET('2zG26_Xb2CzBlarBl5fzcM',#18,'Pset_BeamCommon',$,(#179,#180,#697));
#1506=IFCPROPERTYSET('1Q7Nh6SJbZAgiakKo4pn6R',#18,'Pset_QuantityTakeOff',$,(#697));
#1507=IFCPROPERTYSINGLEVALUE('Reference',$,IFCLABEL('Viga C-25 - Se\X\E7\X\E3o Retangular 14 X 30'),$);
#1508=IFCPROPERTYSET('37Ym9kf7fzeyItsCXNa3wD',#18,'Pset_ReinforcementBarPitchOfBeam',$,(#1507));
#1509=IFCRELDEFINESBYPROPERTIES('3YgMEuQQuoQOBSkxtHZ3Ao',#18,$,$,(#1503),#1505);
#1510=IFCRELDEFINESBYPROPERTIES('3gSqFMakIBLA8clYzxiFKe',#18,$,$,(#1503),#1506);
#1511=IFCRELDEFINESBYPROPERTIES('19Av5AYpxST$VP5NhEVVXk',#18,$,$,(#1503),#1508);
#1512=IFCPROPERTYSET('2YSLMTD$qL2paoUDLG6T9r',#18,'Pset_BeamCommon',$,(#180));
#1513=IFCAXIS2PLACEMENT3D(#3,$,$);
#1514=IFCLOCALPLACEMENT(#71,#1513);
#1515=IFCCARTESIANPOINT((-5.4123372450476381E-16,2.7061686225238191E-16));
#1516=IFCAXIS2PLACEMENT2D(#1515,#11);
#1517=IFCRECTANGLEPROFILEDEF(.AREA.,'V19 12721',#1516,0.30000000000000004,0.14000000000000012);
#1518=IFCCARTESIANPOINT((-12.85024619615201,4.6129490755574496,-1.0999999999995431));
#1519=IFCAXIS2PLACEMENT3D(#1518,#5,#10);
#1520=IFCEXTRUDEDAREASOLID(#1517,#1519,#9,3.0299999999999998);
#1521=IFCSTYLEDITEM(#1520,(#272),$);
#1522=IFCSHAPEREPRESENTATION(#24,'Body','SweptSolid',(#1520));
#1523=IFCPRODUCTDEFINITIONSHAPE($,$,(#1522));
#1524=IFCBEAM('0ekhV2_H95TvLl4hLKomkN',#18,'V19',$,'V19 12721:V19 12721',#1514,#1523,'612180');
#1525=IFCPROPERTYSET('0dXwbtN4T1jNBx63TVRDR7',#18,'Pset_BeamCommon',$,(#179,#180,#697));
#1526=IFCPROPERTYSET('3cUpVeS7iDkcb64cSo6zcz',#18,'Pset_QuantityTakeOff',$,(#697));
#1527=IFCPROPERTYSINGLEVALUE('Reference',$,IFCLABEL('Viga C-25 - Se\X\E7\X\E3o Retangular 14 X 30'),$);
#1528=IFCPROPERTYSET('0x$dJYtGIG096oejbDA$pd',#18,'Pset_ReinforcementBarPitchOfBeam',$,(#1527));
#1529=IFCRELDEFINESBYPROPERTIES('2mnx7Rqb0cit9nWmgRLb4Z',#18,$,$,(#1524),#1525);
#1530=IFCRELDEFINESBYPROPERTIES('2kxKSsAYxalS76Qt1GchVf',#18,$,$,(#1524),#1526);
#1531=IFCRELDEFINESBYPROPERTIES('3Mv5UBKwCM9JZbx44C_6rD',#18,$,$,(#1524),#1528);
#1532=IFCAXIS2PLACEMENT3D(#3,$,$);
#1533=IFCLOCALPLACEMENT(#71,#1532);
#1534=IFCCARTESIANPOINT((0.,-5.4123372450476381E-16));
#1535=IFCAXIS2PLACEMENT2D(#1534,#11);
#1536=IFCRECTANGLEPROFILEDEF(.AREA.,'V18 12688',#1535,0.40000000000000002,0.13999999999999957);
#1537=IFCCARTESIANPOINT((-19.218346196152009,6.8629490755574496,-1.1499999999995425));
#1538=IFCAXIS2PLACEMENT3D(#1537,#5,#10);
#1539=IFCEXTRUDEDAREASOLID(#1536,#1538,#9,4.7981000000000007);
#1540=IFCSTYLEDITEM(#1539,(#272),$);
#1541=IFCSHAPEREPRESENTATION(#24,'Body','SweptSolid',(#1539));
#1542=IFCPRODUCTDEFINITIONSHAPE($,$,(#1541));
#1543=IFCBEAM('0ekhV2_H95TvLl4hLKomkM',#18,'V18',$,'V18 12688:V18 12688',#1533,#1542,'612181');
#1544=IFCBEAMTYPE('0ekhV2_H95TvLl4hLKolJe',#18,'V18 12688:V18 12688',$,$,(#1552),$,'567339',$,.NOTDEFINED.);
#1545=IFCPROPERTYSET('3nobMpb9VC7QOGIgbyr5nX',#18,'Pset_BeamCommon',$,(#179,#180,#1188));
#1546=IFCPROPERTYSET('1mRoHgxA5aZF8NYGJdChP0',#18,'Pset_QuantityTakeOff',$,(#1188));
#1547=IFCPROPERTYSINGLEVALUE('Reference',$,IFCLABEL('Viga C-25 - Se\X\E7\X\E3o Retangular 14 X 40'),$);
#1548=IFCPROPERTYSET('31c3zgogQY0QUEELUzpspf',#18,'Pset_ReinforcementBarPitchOfBeam',$,(#1547));
#1549=IFCRELDEFINESBYPROPERTIES('3eU7coNGI8gpqUCUvbCdnR',#18,$,$,(#1543),#1545);
#1550=IFCRELDEFINESBYPROPERTIES('2SkXzeyIVGAGCajlPSQH8v',#18,$,$,(#1543),#1546);
#1551=IFCRELDEFINESBYPROPERTIES('136qx8EX3Jsv5EVVSv0HCh',#18,$,$,(#1543),#1548);
#1552=IFCPROPERTYSET('1usXFDcv5p_N0Yl1WZIgCK',#18,'Pset_BeamCommon',$,(#180));
#1553=IFCAXIS2PLACEMENT3D(#3,$,$);
#1555=IFCCARTESIANPOINT((0.,0.));
#1556=IFCAXIS2PLACEMENT2D(#1555,#11);
#1557=IFCRECTANGLEPROFILEDEF(.AREA.,'P13 3168',#1556,0.30000000000000004,0.14000000000000001);
#1558=IFCCARTESIANPOINT((0.,0.,0.75000000000045708));
#1559=IFCAXIS2PLACEMENT3D(#1558,#9,#8);
#1560=IFCEXTRUDEDAREASOLID(#1557,#1559,#9,3.4000000000000004);
#1561=IFCSTYLEDITEM(#1560,(#159),$);
#1562=IFCSHAPEREPRESENTATION(#24,'Body','SweptSolid',(#1560));
#1563=IFCAXIS2PLACEMENT3D(#3,$,$);
#1564=IFCREPRESENTATIONMAP(#1563,#1562);
#1565=IFCCOLUMNTYPE('0ekhV2_H95TvLl4hLKomJN',#18,'P13 3168:P13 3168',$,$,(#1580),(#1564),'567677',$,.COLUMN.);
#1566=IFCMAPPEDITEM(#1564,#170);
#1567=IFCSHAPEREPRESENTATION(#24,'Body','MappedRepresentation',(#1566));
#1568=IFCPRODUCTDEFINITIONSHAPE($,$,(#1567));
#1569=IFCCARTESIANPOINT((-9.750246196152009,0.082949075557449875,-4.4500000000000002));
#1570=IFCAXIS2PLACEMENT3D(#1569,$,$);
#1571=IFCLOCALPLACEMENT(#51,#1570);
#1572=IFCCOLUMN('0ekhV2_H95TvLl4hLKomkK',#18,'P9',$,'P13 3168:P13 3168',#1571,#1568,'612183');
#1573=IFCPROPERTYSET('1KjcFyylnDo7OIQhFC25Sx',#18,'Pset_ColumnCommon',$,(#178,#179,#180));
#1574=IFCPROPERTYSET('1$62amWn4YTBX6nPjdEwJ0',#18,'Pset_QuantityTakeOff',$,(#178));
#1575=IFCPROPERTYSINGLEVALUE('Reference',$,IFCLABEL('Pilar C-25 - Retangular 14x30'),$);
#1576=IFCPROPERTYSET('07oeheakkNs2$ZoBqAtVnW',#18,'Pset_ReinforcementBarPitchOfColumn',$,(#1575));
#1577=IFCRELDEFINESBYPROPERTIES('05QAj19kmS5JX3mfbFZbYL',#18,$,$,(#1572),#1573);
#1578=IFCRELDEFINESBYPROPERTIES('37Kgmti4NhQMqvBPy6zKgG',#18,$,$,(#1572),#1574);
#1579=IFCRELDEFINESBYPROPERTIES('0etAqUSdX7Pth4pygB_dRz',#18,$,$,(#1572),#1576);
#1580=IFCPROPERTYSET('1v4NrHcJCmT5HuuvEI15RE',#18,'Pset_ColumnCommon',$,(#180));
#1581=IFCMAPPEDITEM(#1564,#170);
#1582=IFCSHAPEREPRESENTATION(#24,'Body','MappedRepresentation',(#1581));
#1583=IFCPRODUCTDEFINITIONSHAPE($,$,(#1582));
#1584=IFCCARTESIANPOINT((-9.750246196152009,4.5329490755574495,-4.4500000000000002));
#1585=IFCAXIS2PLACEMENT3D(#1584,$,$);
#1586=IFCLOCALPLACEMENT(#51,#1585);
#1587=IFCCOLUMN('0ekhV2_H95TvLl4hLKomkR',#18,'P8',$,'P13 3168:P13 3168',#1586,#1583,'612184');
#1588=IFCPROPERTYSET('1sw_3GwCcltnwuGhRq$x_f',#18,'Pset_ColumnCommon',$,(#178,#179,#180));
#1589=IFCPROPERTYSET('1ba60AkUEZ$IS9gclJtK2D',#18,'Pset_QuantityTakeOff',$,(#178));
#1590=IFCPROPERTYSINGLEVALUE('Reference',$,IFCLABEL('Pilar C-25 - Retangular 14x30'),$);
#1591=IFCPROPERTYSET('3wn8JpGz$lj9$Bo1FpkWUN',#18,'Pset_ReinforcementBarPitchOfColumn',$,(#1590));
#1592=IFCRELDEFINESBYPROPERTIES('23uZYPTKwervAhmoxASGUo',#18,$,$,(#1587),#1588);
#1593=IFCRELDEFINESBYPROPERTIES('1SuKOm0SqlPwECWlhWD0Ux',#18,$,$,(#1587),#1589);
#1594=IFCRELDEFINESBYPROPERTIES('1M8JDG7d1XLsOhP0coHzZF',#18,$,$,(#1587),#1591);
#1595=IFCAXIS2PLACEMENT3D(#3,$,$);
#1597=IFCCARTESIANPOINT((0.,0.));
#1598=IFCAXIS2PLACEMENT2D(#1597,#11);
#1599=IFCRECTANGLEPROFILEDEF(.AREA.,'P11 3106',#1598,0.40000000000000002,0.14000000000000001);
#1600=IFCCARTESIANPOINT((0.,0.,0.75000000000045708));
#1601=IFCAXIS2PLACEMENT3D(#1600,#9,#8);
#1602=IFCEXTRUDEDAREASOLID(#1599,#1601,#9,3.4000000000000004);
#1603=IFCSTYLEDITEM(#1602,(#159),$);
#1604=IFCSHAPEREPRESENTATION(#24,'Body','SweptSolid',(#1602));
#1605=IFCAXIS2PLACEMENT3D(#3,$,$);
#1606=IFCREPRESENTATIONMAP(#1605,#1604);
#1607=IFCCOLUMNTYPE('0ekhV2_H95TvLl4hLKomJM',#18,'P11 3106:P11 3106',$,$,(#1622),(#1606),'567673',$,.COLUMN.);
#1608=IFCMAPPEDITEM(#1606,#170);
#1609=IFCSHAPEREPRESENTATION(#24,'Body','MappedRepresentation',(#1608));
#1610=IFCPRODUCTDEFINITIONSHAPE($,$,(#1609));
#1611=IFCCARTESIANPOINT((-14.350246196152009,4.4829490755574506,-4.4500000000000002));
#1612=IFCAXIS2PLACEMENT3D(#1611,$,$);
#1613=IFCLOCALPLACEMENT(#51,#1612);
#1614=IFCCOLUMN('0ekhV2_H95TvLl4hLKomkQ',#18,'P7',$,'P11 3106:P11 3106',#1613,#1610,'612185');
#1615=IFCPROPERTYSET('22ebSAcOykqzm29qCJwcwu',#18,'Pset_ColumnCommon',$,(#179,#180,#223));
#1616=IFCPROPERTYSET('1hWAKKFSVKiDuKYSIzNmVQ',#18,'Pset_QuantityTakeOff',$,(#223));
#1617=IFCPROPERTYSINGLEVALUE('Reference',$,IFCLABEL('Pilar C-25 - Retangular 14x40'),$);
#1618=IFCPROPERTYSET('0gcMLmDYgHUhphh_xJ5iPY',#18,'Pset_ReinforcementBarPitchOfColumn',$,(#1617));
#1619=IFCRELDEFINESBYPROPERTIES('0Rxd3iE2oobDNNX1QkpXzU',#18,$,$,(#1614),#1615);
#1620=IFCRELDEFINESBYPROPERTIES('3afwjI_D4YsLH9JLgAota1',#18,$,$,(#1614),#1616);
#1621=IFCRELDEFINESBYPROPERTIES('1Avn2rMS_tUKW$qcUryJ0c',#18,$,$,(#1614),#1618);
#1622=IFCPROPERTYSET('1EWTKytQfElfTvaDqrjCI$',#18,'Pset_ColumnCommon',$,(#180));
#1623=IFCMAPPEDITEM(#1606,#170);
#1624=IFCSHAPEREPRESENTATION(#24,'Body','MappedRepresentation',(#1623));
#1625=IFCPRODUCTDEFINITIONSHAPE($,$,(#1624));
#1626=IFCCARTESIANPOINT((-14.350246196152009,6.7329490755574497,-4.4500000000000002));
#1627=IFCAXIS2PLACEMENT3D(#1626,$,$);
#1628=IFCLOCALPLACEMENT(#51,#1627);
#1629=IFCCOLUMN('0ekhV2_H95TvLl4hLKomkP',#18,'P6',$,'P11 3106:P11 3106',#1628,#1625,'612186');
#1630=IFCPROPERTYSET('0hIvIfK8W75QpQ6LspHmKL',#18,'Pset_ColumnCommon',$,(#179,#180,#223));
#1631=IFCPROPERTYSET('3SrXz$dGBISzmx0cgOx5Nw',#18,'Pset_QuantityTakeOff',$,(#223));
#1632=IFCPROPERTYSINGLEVALUE('Reference',$,IFCLABEL('Pilar C-25 - Retangular 14x40'),$);
#1633=IFCPROPERTYSET('34xfs_Pdv$33$prSXagPJg',#18,'Pset_ReinforcementBarPitchOfColumn',$,(#1632));
#1634=IFCRELDEFINESBYPROPERTIES('2KkVRRAKUrCnULcsPeP27W',#18,$,$,(#1629),#1630);
#1635=IFCRELDEFINESBYPROPERTIES('1yP22fqdiIuCTZAam79RvD',#18,$,$,(#1629),#1631);
#1636=IFCRELDEFINESBYPROPERTIES('01xvhGVlTDXi3abVXjoU_9',#18,$,$,(#1629),#1633);
#1637=IFCAXIS2PLACEMENT3D(#3,$,$);
#1639=IFCCARTESIANPOINT((0.,0.));
#1640=IFCAXIS2PLACEMENT2D(#1639,#11);
#1641=IFCRECTANGLEPROFILEDEF(.AREA.,'P5 3416',#1640,0.20000000000000001,0.20000000000000001);
#1642=IFCCARTESIANPOINT((0.,0.,0.75000000000045708));
#1643=IFCAXIS2PLACEMENT3D(#1642,#9,#8);
#1644=IFCEXTRUDEDAREASOLID(#1641,#1643,#9,3.4000000000000004);
#1645=IFCSTYLEDITEM(#1644,(#159),$);
#1646=IFCSHAPEREPRESENTATION(#24,'Body','SweptSolid',(#1644));
#1647=IFCAXIS2PLACEMENT3D(#3,$,$);
#1648=IFCREPRESENTATIONMAP(#1647,#1646);
#1649=IFCCOLUMNTYPE('0ekhV2_H95TvLl4hLKomJL',#18,'P5 3416:P5 3416',$,$,(#1664),(#1648),'567681',$,.COLUMN.);
#1650=IFCMAPPEDITEM(#1648,#170);
#1651=IFCSHAPEREPRESENTATION(#24,'Body','MappedRepresentation',(#1650));
#1652=IFCPRODUCTDEFINITIONSHAPE($,$,(#1651));
#1653=IFCCARTESIANPOINT((-19.31834619615201,6.8329490755574502,-4.4500000000000002));
#1654=IFCAXIS2PLACEMENT3D(#1653,$,$);
#1655=IFCLOCALPLACEMENT(#51,#1654);
#1656=IFCCOLUMN('0ekhV2_H95TvLl4hLKomkO',#18,'P5',$,'P5 3416:P5 3416',#1655,#1652,'612187');
#1657=IFCPROPERTYSET('3HNK5I9U3We8V0Dqg2ftGS',#18,'Pset_ColumnCommon',$,(#179,#180,#810));
#1658=IFCPROPERTYSET('09zDYBQ0cJe833bzvNyEGE',#18,'Pset_QuantityTakeOff',$,(#810));
#1659=IFCPROPERTYSINGLEVALUE('Reference',$,IFCLABEL('Pilar C-25 - Retangular 20x20'),$);
#1660=IFCPROPERTYSET('1GTv7CLOjWcy6TTwUuBd76',#18,'Pset_ReinforcementBarPitchOfColumn',$,(#1659));
#1661=IFCRELDEFINESBYPROPERTIES('2$YfCOWSsieF5hdB0Kls92',#18,$,$,(#1656),#1657);
#1662=IFCRELDEFINESBYPROPERTIES('1DYxfWImNKY0Ph13rnbzUB',#18,$,$,(#1656),#1658);
#1663=IFCRELDEFINESBYPROPERTIES('3H9s1mzbD3Aw23x9eIv8DN',#18,$,$,(#1656),#1660);
#1664=IFCPROPERTYSET('2KIrGsK1mdXHk1VsWYQvHJ',#18,'Pset_ColumnCommon',$,(#180));
#1665=IFCMAPPEDITEM(#1606,#170);
#1666=IFCSHAPEREPRESENTATION(#24,'Body','MappedRepresentation',(#1665));
#1667=IFCPRODUCTDEFINITIONSHAPE($,$,(#1666));
#1668=IFCCARTESIANPOINT((-9.750246196152009,8.7947490755574496,-4.4500000000000002));
#1669=IFCAXIS2PLACEMENT3D(#1668,$,$);
#1670=IFCLOCALPLACEMENT(#51,#1669);
#1671=IFCCOLUMN('0ekhV2_H95TvLl4hLKomkV',#18,'P4',$,'P11 3106:P11 3106',#1670,#1667,'612188');
#1672=IFCPROPERTYSET('3CJClEKRMxPS$OWXeIvP1G',#18,'Pset_ColumnCommon',$,(#179,#180,#223));
#1673=IFCPROPERTYSET('3msyWbmf6voePA7pODfk8u',#18,'Pset_QuantityTakeOff',$,(#223));
#1674=IFCPROPERTYSINGLEVALUE('Reference',$,IFCLABEL('Pilar C-25 - Retangular 14x40'),$);
#1675=IFCPROPERTYSET('09$aByixVKAYUheu9vYznD',#18,'Pset_ReinforcementBarPitchOfColumn',$,(#1674));
#1676=IFCRELDEFINESBYPROPERTIES('0LSg$5srNGYgObZ2knJGbd',#18,$,$,(#1671),#1672);
#1677=IFCRELDEFINESBYPROPERTIES('2Cjl$jZ1uwEMnk7uFgWBf6',#18,$,$,(#1671),#1673);
#1678=IFCRELDEFINESBYPROPERTIES('21PfCn59jPLE5_8_9J$a_r',#18,$,$,(#1671),#1675);
#1679=IFCMAPPEDITEM(#1606,#170);
#1680=IFCSHAPEREPRESENTATION(#24,'Body','MappedRepresentation',(#1679));
#1681=IFCPRODUCTDEFINITIONSHAPE($,$,(#1680));
#1682=IFCCARTESIANPOINT((-15.149746196152011,11.032849075557449,-4.4500000000000002));
#1683=IFCAXIS2PLACEMENT3D(#1682,$,$);
#1684=IFCLOCALPLACEMENT(#51,#1683);
#1685=IFCCOLUMN('0ekhV2_H95TvLl4hLKomkU',#18,'P3',$,'P11 3106:P11 3106',#1684,#1681,'612189');
#1686=IFCPROPERTYSET('2ylPrTJpszNnZMlYwZyZ96',#18,'Pset_ColumnCommon',$,(#179,#180,#223));
#1687=IFCPROPERTYSET('17Fn426o0U_UAu3z2fS4xm',#18,'Pset_QuantityTakeOff',$,(#223));
#1688=IFCPROPERTYSINGLEVALUE('Reference',$,IFCLABEL('Pilar C-25 - Retangular 14x40'),$);
#1689=IFCPROPERTYSET('2Ci2McYOd3DF6huA0uOiXE',#18,'Pset_ReinforcementBarPitchOfColumn',$,(#1688));
#1690=IFCRELDEFINESBYPROPERTIES('0XaCyfje2DCYyZDoMYp_k9',#18,$,$,(#1685),#1686);
#1691=IFCRELDEFINESBYPROPERTIES('0LhpJl8$mU2NnmXdJz2C2u',#18,$,$,(#1685),#1687);
#1692=IFCRELDEFINESBYPROPERTIES('2zLh0k4kFaSG$tHV60W4Rc',#18,$,$,(#1685),#1689);
#1693=IFCAXIS2PLACEMENT3D(#3,$,$);
#1695=IFCCARTESIANPOINT((0.,0.));
#1696=IFCAXIS2PLACEMENT2D(#1695,#11);
#1697=IFCRECTANGLEPROFILEDEF(.AREA.,'P10 3075',#1696,0.40000000000000002,0.19000000000000003);
#1698=IFCCARTESIANPOINT((0.,0.,0.45000000000045692));
#1699=IFCAXIS2PLACEMENT3D(#1698,#9,#8);
#1700=IFCEXTRUDEDAREASOLID(#1697,#1699,#9,3.7000000000000002);
#1701=IFCSTYLEDITEM(#1700,(#159),$);
#1702=IFCSHAPEREPRESENTATION(#24,'Body','SweptSolid',(#1700));
#1703=IFCAXIS2PLACEMENT3D(#3,$,$);
#1704=IFCREPRESENTATIONMAP(#1703,#1702);
#1705=IFCCOLUMNTYPE('0ekhV2_H95TvLl4hLKomJK',#18,'P10 3075:P10 3075',$,$,(#1720),(#1704),'567671',$,.COLUMN.);
#1706=IFCMAPPEDITEM(#1704,#170);
#1707=IFCSHAPEREPRESENTATION(#24,'Body','MappedRepresentation',(#1706));
#1708=IFCPRODUCTDEFINITIONSHAPE($,$,(#1707));
#1709=IFCCARTESIANPOINT((-7.7503461961520097,-9.8070509244425477,-4.4500000000000002));
#1710=IFCAXIS2PLACEMENT3D(#1709,$,$);
#1711=IFCLOCALPLACEMENT(#51,#1710);
#1712=IFCCOLUMN('0ekhV2_H95TvLl4hLKomkT',#18,'P20',$,'P10 3075:P10 3075',#1711,#1708,'612190');
#1713=IFCPROPERTYSET('00wRHgFuMG_9VmoX5C1Lhf',#18,'Pset_ColumnCommon',$,(#179,#180,#994));
#1714=IFCPROPERTYSET('23wPHLt9YeJoRrrRPZzP9s',#18,'Pset_QuantityTakeOff',$,(#994));
#1715=IFCPROPERTYSINGLEVALUE('Reference',$,IFCLABEL('Pilar C-25 - Retangular 19x40'),$);
#1716=IFCPROPERTYSET('1JtvfDs8eZfBiIzvQPY6YB',#18,'Pset_ReinforcementBarPitchOfColumn',$,(#1715));
#1717=IFCRELDEFINESBYPROPERTIES('3i8NdB4778kolOCgGQzHY5',#18,$,$,(#1712),#1713);
#1718=IFCRELDEFINESBYPROPERTIES('1tGXzHSQPetk8nuD2PGUTy',#18,$,$,(#1712),#1714);
#1719=IFCRELDEFINESBYPROPERTIES('2oZMJxR1wVzGZzOyZI0sMf',#18,$,$,(#1712),#1716);
#1720=IFCPROPERTYSET('2sWHIwQHNAWQm_hyKW3$Y1',#18,'Pset_ColumnCommon',$,(#180));
#1721=IFCMAPPEDITEM(#1606,#170);
#1722=IFCSHAPEREPRESENTATION(#24,'Body','MappedRepresentation',(#1721));
#1723=IFCPRODUCTDEFINITIONSHAPE($,$,(#1722));
#1724=IFCCARTESIANPOINT((-9.7504461961520104,12.73284907555745,-4.4500000000000002));
#1725=IFCAXIS2PLACEMENT3D(#1724,$,$);
#1726=IFCLOCALPLACEMENT(#51,#1725);
#1727=IFCCOLUMN('0ekhV2_H95TvLl4hLKomkS',#18,'P2',$,'P11 3106:P11 3106',#1726,#1723,'612191');
#1728=IFCPROPERTYSET('1oTRM1TLnpKj23_tAbqf9j',#18,'Pset_ColumnCommon',$,(#179,#180,#223));
#1729=IFCPROPERTYSET('2XNJ3q9DDB4MzsPJbiua7K',#18,'Pset_QuantityTakeOff',$,(#223));
#1730=IFCPROPERTYSINGLEVALUE('Reference',$,IFCLABEL('Pilar C-25 - Retangular 14x40'),$);
#1731=IFCPROPERTYSET('2uYr8k5POfhZFvtaNbPgx_',#18,'Pset_ReinforcementBarPitchOfColumn',$,(#1730));
#1732=IFCRELDEFINESBYPROPERTIES('2KJUI4NfAnU_q9XANsy$1o',#18,$,$,(#1727),#1728);
#1733=IFCRELDEFINESBYPROPERTIES('1TdyXdH8VyhmC00XzqjTg3',#18,$,$,(#1727),#1729);
#1734=IFCRELDEFINESBYPROPERTIES('0HsoPDGcu0D06WjJHmaHKh',#18,$,$,(#1727),#1731);
#1735=IFCAXIS2PLACEMENT3D(#3,$,$);
#1737=IFCCARTESIANPOINT((0.,0.));
#1738=IFCAXIS2PLACEMENT2D(#1737,#11);
#1739=IFCRECTANGLEPROFILEDEF(.AREA.,'P19 3292',#1738,0.40000000000000002,0.14000000000000001);
#1740=IFCCARTESIANPOINT((0.,0.,0.75000000000045708));
#1741=IFCAXIS2PLACEMENT3D(#1740,$,$);
#1742=IFCEXTRUDEDAREASOLID(#1739,#1741,#9,3.4000000000000004);
#1743=IFCSTYLEDITEM(#1742,(#159),$);
#1744=IFCSHAPEREPRESENTATION(#24,'Body','SweptSolid',(#1742));
#1745=IFCAXIS2PLACEMENT3D(#3,$,$);
#1746=IFCREPRESENTATIONMAP(#1745,#1744);
#1747=IFCCOLUMNTYPE('0ekhV2_H95TvLl4hLKomJR',#18,'P19 3292:P19 3292',$,$,(#1762),(#1746),'567679',$,.COLUMN.);
#1748=IFCMAPPEDITEM(#1746,#170);
#1749=IFCSHAPEREPRESENTATION(#24,'Body','MappedRepresentation',(#1748));
#1750=IFCPRODUCTDEFINITIONSHAPE($,$,(#1749));
#1751=IFCCARTESIANPOINT((-15.879746196152009,-9.7370509244425456,-4.4500000000000002));
#1752=IFCAXIS2PLACEMENT3D(#1751,$,$);
#1753=IFCLOCALPLACEMENT(#51,#1752);
#1754=IFCCOLUMN('0ekhV2_H95TvLl4hLKomkZ',#18,'P19',$,'P19 3292:P19 3292',#1753,#1750,'612192');
#1755=IFCPROPERTYSET('3e_RpnOR2HxTRqMiG15PRW',#18,'Pset_ColumnCommon',$,(#179,#180,#223));
#1756=IFCPROPERTYSET('0TAWeZS27EwZsYu97_a09x',#18,'Pset_QuantityTakeOff',$,(#223));
#1757=IFCPROPERTYSINGLEVALUE('Reference',$,IFCLABEL('Pilar C-25 - Retangular 14x40'),$);
#1758=IFCPROPERTYSET('0LVO5NObMk3E8wExVLBWXx',#18,'Pset_ReinforcementBarPitchOfColumn',$,(#1757));
#1759=IFCRELDEFINESBYPROPERTIES('3lj3aJgLZbX9UNxcLx06M3',#18,$,$,(#1754),#1755);
#1760=IFCRELDEFINESBYPROPERTIES('2YjTGVVY7YXWHB_UTSlNT1',#18,$,$,(#1754),#1756);
#1761=IFCRELDEFINESBYPROPERTIES('1pt4i58zfV_TFp9vZZkxWD',#18,$,$,(#1754),#1758);
#1762=IFCPROPERTYSET('2obyz8OzxGUrQs2eKtvfLd',#18,'Pset_ColumnCommon',$,(#180));
#1763=IFCAXIS2PLACEMENT3D(#3,$,$);
#1765=IFCCARTESIANPOINT((0.,0.));
#1766=IFCAXIS2PLACEMENT2D(#1765,#11);
#1767=IFCRECTANGLEPROFILEDEF(.AREA.,'P11 3106',#1766,0.40000000000000002,0.14000000000000001);
#1768=IFCCARTESIANPOINT((0.,0.,0.75000000000045708));
#1769=IFCAXIS2PLACEMENT3D(#1768,#9,#8);
#1770=IFCEXTRUDEDAREASOLID(#1767,#1769,#9,3.6799999999999993);
#1771=IFCSTYLEDITEM(#1770,(#159),$);
#1772=IFCSHAPEREPRESENTATION(#24,'Body','SweptSolid',(#1770));
#1773=IFCAXIS2PLACEMENT3D(#3,$,$);
#1774=IFCREPRESENTATIONMAP(#1773,#1772);
#1775=IFCCOLUMNTYPE('0ekhV2_H95TvLl4hLKomJQ',#18,'P11 3106:P11 3106',$,$,(#1790),(#1774),'567673',$,.COLUMN.);
#1776=IFCMAPPEDITEM(#1774,#170);
#1777=IFCSHAPEREPRESENTATION(#24,'Body','MappedRepresentation',(#1776));
#1778=IFCPRODUCTDEFINITIONSHAPE($,$,(#1777));
#1779=IFCCARTESIANPOINT((-19.35024619615201,-9.0564509244425491,-4.4500000000000002));
#1780=IFCAXIS2PLACEMENT3D(#1779,$,$);
#1781=IFCLOCALPLACEMENT(#51,#1780);
#1782=IFCCOLUMN('0ekhV2_H95TvLl4hLKomkY',#18,'P18',$,'P11 3106:P11 3106',#1781,#1778,'612193');
#1783=IFCPROPERTYSET('0LUT496thX675ojb4kTETT',#18,'Pset_ColumnCommon',$,(#179,#180,#223));
#1784=IFCPROPERTYSET('2JHcXFDh7zNwH9Uwyi24$P',#18,'Pset_QuantityTakeOff',$,(#223));
#1785=IFCPROPERTYSINGLEVALUE('Reference',$,IFCLABEL('Pilar C-25 - Retangular 14x40'),$);
#1786=IFCPROPERTYSET('3O5NBmMZEw9kV_Fa6SmXBX',#18,'Pset_ReinforcementBarPitchOfColumn',$,(#1785));
#1787=IFCRELDEFINESBYPROPERTIES('18MGS9TEk0RMAcjZvqDwCm',#18,$,$,(#1782),#1783);
#1788=IFCRELDEFINESBYPROPERTIES('234G7N5LRQjH5sSribci1A',#18,$,$,(#1782),#1784);
#1789=IFCRELDEFINESBYPROPERTIES('3KqVhJVnlm0vCypR8w1M23',#18,$,$,(#1782),#1786);
#1790=IFCPROPERTYSET('3YjMnJn0nKvhvze20Kc$rO',#18,'Pset_ColumnCommon',$,(#180));
#1791=IFCMAPPEDITEM(#1606,#170);
#1792=IFCSHAPEREPRESENTATION(#24,'Body','MappedRepresentation',(#1791));
#1793=IFCPRODUCTDEFINITIONSHAPE($,$,(#1792));
#1794=IFCCARTESIANPOINT((-14.34974619615201,-6.3870509244425495,-4.4500000000000002));
#1795=IFCAXIS2PLACEMENT3D(#1794,$,$);
#1796=IFCLOCALPLACEMENT(#51,#1795);
#1797=IFCCOLUMN('0ekhV2_H95TvLl4hLKomkX',#18,'P17',$,'P11 3106:P11 3106',#1796,#1793,'612194');
#1798=IFCPROPERTYSET('0rLhPsy2Hy9jeehlBDliKe',#18,'Pset_ColumnCommon',$,(#179,#180,#223));
#1799=IFCPROPERTYSET('0y0zykqmZh41dBEJ73ue3I',#18,'Pset_QuantityTakeOff',$,(#223));
#1800=IFCPROPERTYSINGLEVALUE('Reference',$,IFCLABEL('Pilar C-25 - Retangular 14x40'),$);
#1801=IFCPROPERTYSET('3hILdC0lW7igfFLXsbXB0u',#18,'Pset_ReinforcementBarPitchOfColumn',$,(#1800));
#1802=IFCRELDEFINESBYPROPERTIES('2JemxQf3iDp_0AFT_q$G3s',#18,$,$,(#1797),#1798);
#1803=IFCRELDEFINESBYPROPERTIES('0W05jkKcgAALRq3yn0u1ca',#18,$,$,(#1797),#1799);
#1804=IFCRELDEFINESBYPROPERTIES('3UKvEloQXc6_$qwgz$MxFE',#18,$,$,(#1797),#1801);
#1805=IFCAXIS2PLACEMENT3D(#3,$,$);
#1807=IFCCARTESIANPOINT((0.,0.));
#1808=IFCAXIS2PLACEMENT2D(#1807,#11);
#1809=IFCRECTANGLEPROFILEDEF(.AREA.,'P16 6812',#1808,0.30000000000000004,0.19000000000000003);
#1810=IFCCARTESIANPOINT((0.,0.,0.45000000000045692));
#1811=IFCAXIS2PLACEMENT3D(#1810,#9,#7);
#1812=IFCEXTRUDEDAREASOLID(#1809,#1811,#9,3.7000000000000002);
#1813=IFCSTYLEDITEM(#1812,(#159),$);
#1814=IFCSHAPEREPRESENTATION(#24,'Body','SweptSolid',(#1812));
#1815=IFCAXIS2PLACEMENT3D(#3,$,$);
#1816=IFCREPRESENTATIONMAP(#1815,#1814);
#1817=IFCCOLUMNTYPE('0ekhV2_H95TvLl4hLKomJP',#18,'P16 6812:P16 6812',$,$,(#1832),(#1816),'567337',$,.COLUMN.);
#1818=IFCMAPPEDITEM(#1816,#170);
#1819=IFCSHAPEREPRESENTATION(#24,'Body','MappedRepresentation',(#1818));
#1820=IFCPRODUCTDEFINITIONSHAPE($,$,(#1819));
#1821=IFCCARTESIANPOINT((-7.7503461961520097,-4.5171509244425501,-4.4500000000000002));
#1822=IFCAXIS2PLACEMENT3D(#1821,$,$);
#1823=IFCLOCALPLACEMENT(#51,#1822);
#1824=IFCCOLUMN('0ekhV2_H95TvLl4hLKomkW',#18,'P16',$,'P16 6812:P16 6812',#1823,#1820,'612195');
#1825=IFCPROPERTYSET('2nRmWNBFKPZ0cO7RRAZzf7',#18,'Pset_ColumnCommon',$,(#179,#180,#951));
#1826=IFCPROPERTYSET('2V8InICkZfKzktkRT8orDL',#18,'Pset_QuantityTakeOff',$,(#951));
#1827=IFCPROPERTYSINGLEVALUE('Reference',$,IFCLABEL('Pilar C-25 - Retangular 19x30'),$);
#1828=IFCPROPERTYSET('3G3_XEsZ3PaiXxfME6AKJJ',#18,'Pset_ReinforcementBarPitchOfColumn',$,(#1827));
#1829=IFCRELDEFINESBYPROPERTIES('3WK5gjLxrorwf99zvHbmsu',#18,$,$,(#1824),#1825);
#1830=IFCRELDEFINESBYPROPERTIES('1_Nnu8MzCEU4ik2hMHTBB0',#18,$,$,(#1824),#1826);
#1831=IFCRELDEFINESBYPROPERTIES('1XbjmTxFy_FTQmou_8NtAR',#18,$,$,(#1824),#1828);
#1832=IFCPROPERTYSET('2nwFM6IbFcH3ntLEIhrgYu',#18,'Pset_ColumnCommon',$,(#180));
#1833=IFCMAPPEDITEM(#1564,#170);
#1834=IFCSHAPEREPRESENTATION(#24,'Body','MappedRepresentation',(#1833));
#1835=IFCPRODUCTDEFINITIONSHAPE($,$,(#1834));
#1836=IFCCARTESIANPOINT((-15.749746196152008,-5.0170509244425494,-4.4500000000000002));
#1837=IFCAXIS2PLACEMENT3D(#1836,$,$);
#1838=IFCLOCALPLACEMENT(#51,#1837);
#1839=IFCCOLUMN('0ekhV2_H95TvLl4hLKomkd',#18,'P15',$,'P13 3168:P13 3168',#1838,#1835,'612196');
#1840=IFCPROPERTYSET('3UQzJgOZ7IZ_IM9dfMiLID',#18,'Pset_ColumnCommon',$,(#178,#179,#180));
#1841=IFCPROPERTYSET('0xSCTDXe5t6zeEvhnPe1C2',#18,'Pset_QuantityTakeOff',$,(#178));
#1842=IFCPROPERTYSINGLEVALUE('Reference',$,IFCLABEL('Pilar C-25 - Retangular 14x30'),$);
#1843=IFCPROPERTYSET('1GEyrfgf5fDrqd4__2M25M',#18,'Pset_ReinforcementBarPitchOfColumn',$,(#1842));
#1844=IFCRELDEFINESBYPROPERTIES('2TXTOLPPNE6Bq7CbpS_UEk',#18,$,$,(#1839),#1840);
#1845=IFCRELDEFINESBYPROPERTIES('0uzLoUlInqxIhfz1QtAY5s',#18,$,$,(#1839),#1841);
#1846=IFCRELDEFINESBYPROPERTIES('3dITDedN2H9E1t6A1jqoXL',#18,$,$,(#1839),#1843);
#1847=IFCAXIS2PLACEMENT3D(#3,$,$);
#1849=IFCCARTESIANPOINT((0.,0.));
#1850=IFCAXIS2PLACEMENT2D(#1849,#11);
#1851=IFCRECTANGLEPROFILEDEF(.AREA.,'P13 3168',#1850,0.30000000000000004,0.14000000000000001);
#1852=IFCCARTESIANPOINT((0.,0.,0.45000000000045692));
#1853=IFCAXIS2PLACEMENT3D(#1852,#9,#8);
#1854=IFCEXTRUDEDAREASOLID(#1851,#1853,#9,3.7000000000000002);
#1855=IFCSTYLEDITEM(#1854,(#159),$);
#1856=IFCSHAPEREPRESENTATION(#24,'Body','SweptSolid',(#1854));
#1857=IFCAXIS2PLACEMENT3D(#3,$,$);
#1858=IFCREPRESENTATIONMAP(#1857,#1856);
#1859=IFCCOLUMNTYPE('0ekhV2_H95TvLl4hLKomJO',#18,'P13 3168:P13 3168',$,$,(#1874),(#1858),'567677',$,.COLUMN.);
#1860=IFCMAPPEDITEM(#1858,#170);
#1861=IFCSHAPEREPRESENTATION(#24,'Body','MappedRepresentation',(#1860));
#1862=IFCPRODUCTDEFINITIONSHAPE($,$,(#1861));
#1863=IFCCARTESIANPOINT((-9.750246196152009,-4.3571509244425499,-4.4500000000000002));
#1864=IFCAXIS2PLACEMENT3D(#1863,$,$);
#1865=IFCLOCALPLACEMENT(#51,#1864);
#1866=IFCCOLUMN('0ekhV2_H95TvLl4hLKomkc',#18,'P14',$,'P13 3168:P13 3168',#1865,#1862,'612197');
#1867=IFCPROPERTYSET('1m3qknSNRUDp_Iw3dZ7SLg',#18,'Pset_ColumnCommon',$,(#178,#179,#180));
#1868=IFCPROPERTYSET('0pr6S4dCw85aSk0bX3c_Lw',#18,'Pset_QuantityTakeOff',$,(#178));
#1869=IFCPROPERTYSINGLEVALUE('Reference',$,IFCLABEL('Pilar C-25 - Retangular 14x30'),$);
#1870=IFCPROPERTYSET('0_n3xO1pN5BHiViKm3rNDn',#18,'Pset_ReinforcementBarPitchOfColumn',$,(#1869));
#1871=IFCRELDEFINESBYPROPERTIES('0TxNsnITlMUg568ba4SgVQ',#18,$,$,(#1866),#1867);
#1872=IFCRELDEFINESBYPROPERTIES('1EzGG7Xyo55ZRKxITV5UYu',#18,$,$,(#1866),#1868);
#1873=IFCRELDEFINESBYPROPERTIES('0qwHdxPZklXvMEPsXWMI8T',#18,$,$,(#1866),#1870);
#1874=IFCPROPERTYSET('1OFj8k8vXYgbgxyCLbtLip',#18,'Pset_ColumnCommon',$,(#180));
#1875=IFCMAPPEDITEM(#1564,#170);
#1876=IFCSHAPEREPRESENTATION(#24,'Body','MappedRepresentation',(#1875));
#1877=IFCPRODUCTDEFINITIONSHAPE($,$,(#1876));
#1878=IFCCARTESIANPOINT((-14.350146196152009,-4.3571509244425499,-4.4500000000000002));
#1879=IFCAXIS2PLACEMENT3D(#1878,$,$);
#1880=IFCLOCALPLACEMENT(#51,#1879);
#1881=IFCCOLUMN('0ekhV2_H95TvLl4hLKomkb',#18,'P13',$,'P13 3168:P13 3168',#1880,#1877,'612198');
#1882=IFCPROPERTYSET('2A5Vl5Y7IB4j0SNDKJez2r',#18,'Pset_ColumnCommon',$,(#178,#179,#180));
#1883=IFCPROPERTYSET('2z50KFvFsMlnjMEkdVtwLu',#18,'Pset_QuantityTakeOff',$,(#178));
#1884=IFCPROPERTYSINGLEVALUE('Reference',$,IFCLABEL('Pilar C-25 - Retangular 14x30'),$);
#1885=IFCPROPERTYSET('3pKl7RLZd3RVWBAUiP26fR',#18,'Pset_ReinforcementBarPitchOfColumn',$,(#1884));
#1886=IFCRELDEFINESBYPROPERTIES('3E$VusW9f1ZQa6cBGhFtGI',#18,$,$,(#1881),#1882);
#1887=IFCRELDEFINESBYPROPERTIES('1rn01BChduGiSm0k7sDkid',#18,$,$,(#1881),#1883);
#1888=IFCRELDEFINESBYPROPERTIES('0KpLDkCsH7lCllA$_z$JZ7',#18,$,$,(#1881),#1885);
#1889=IFCAXIS2PLACEMENT3D(#3,$,$);
#1891=IFCCARTESIANPOINT((0.,0.));
#1892=IFCAXIS2PLACEMENT2D(#1891,#11);
#1893=IFCRECTANGLEPROFILEDEF(.AREA.,'P12 3137',#1892,0.30000000000000004,0.19000000000000003);
#1894=IFCCARTESIANPOINT((0.,0.,0.75000000000045708));
#1895=IFCAXIS2PLACEMENT3D(#1894,#9,#8);
#1896=IFCEXTRUDEDAREASOLID(#1893,#1895,#9,3.4000000000000004);
#1897=IFCSTYLEDITEM(#1896,(#159),$);
#1898=IFCSHAPEREPRESENTATION(#24,'Body','SweptSolid',(#1896));
#1899=IFCAXIS2PLACEMENT3D(#3,$,$);
#1900=IFCREPRESENTATIONMAP(#1899,#1898);
#1901=IFCCOLUMNTYPE('0ekhV2_H95TvLl4hLKomJV',#18,'P12 3137:P12 3137',$,$,(#1916),(#1900),'567675',$,.COLUMN.);
#1902=IFCMAPPEDITEM(#1900,#170);
#1903=IFCSHAPEREPRESENTATION(#24,'Body','MappedRepresentation',(#1902));
#1904=IFCPRODUCTDEFINITIONSHAPE($,$,(#1903));
#1905=IFCCARTESIANPOINT((-19.323346196152013,-4.857050924442551,-4.4500000000000002));
#1906=IFCAXIS2PLACEMENT3D(#1905,$,$);
#1907=IFCLOCALPLACEMENT(#51,#1906);
#1908=IFCCOLUMN('0ekhV2_H95TvLl4hLKomka',#18,'P12',$,'P12 3137:P12 3137',#1907,#1904,'612199');
#1909=IFCPROPERTYSET('3HxByIBQE8y7t0wGT2LTBZ',#18,'Pset_ColumnCommon',$,(#179,#180,#951));
#1910=IFCPROPERTYSET('3mnJKCuEMvagAKSGK609Fy',#18,'Pset_QuantityTakeOff',$,(#951));
#1911=IFCPROPERTYSINGLEVALUE('Reference',$,IFCLABEL('Pilar C-25 - Retangular 19x30'),$);
#1912=IFCPROPERTYSET('38ApMIzAolrHV6WNmlV3Q1',#18,'Pset_ReinforcementBarPitchOfColumn',$,(#1911));
#1913=IFCRELDEFINESBYPROPERTIES('1gq6s2pGT3488AT_vIX8ZT',#18,$,$,(#1908),#1909);
#1914=IFCRELDEFINESBYPROPERTIES('2XgKZsScU5m619AzDnHuyK',#18,$,$,(#1908),#1910);
#1915=IFCRELDEFINESBYPROPERTIES('372QKGXJXWRwBRBSPEHpvu',#18,$,$,(#1908),#1912);
#1916=IFCPROPERTYSET('3Y9O8DuVoTglqvSSJ2mUUq',#18,'Pset_ColumnCommon',$,(#180));
#1917=IFCMAPPEDITEM(#1606,#170);
#1918=IFCSHAPEREPRESENTATION(#24,'Body','MappedRepresentation',(#1917));
#1919=IFCPRODUCTDEFINITIONSHAPE($,$,(#1918));
#1920=IFCCARTESIANPOINT((-14.350146196152009,-0.42705092444255116,-4.4500000000000002));
#1921=IFCAXIS2PLACEMENT3D(#1920,$,$);
#1922=IFCLOCALPLACEMENT(#51,#1921);
#1923=IFCCOLUMN('0ekhV2_H95TvLl4hLKomkh',#18,'P11',$,'P11 3106:P11 3106',#1922,#1919,'612200');
#1924=IFCPROPERTYSET('2U5VASPK7KIax8HJfHyNKe',#18,'Pset_ColumnCommon',$,(#179,#180,#223));
#1925=IFCPROPERTYSET('263sQots8eLCRYxMbAzie4',#18,'Pset_QuantityTakeOff',$,(#223));
#1926=IFCPROPERTYSINGLEVALUE('Reference',$,IFCLABEL('Pilar C-25 - Retangular 14x40'),$);
#1927=IFCPROPERTYSET('0IaBTKlx9jJYFw_oodPEkf',#18,'Pset_ReinforcementBarPitchOfColumn',$,(#1926));
#1928=IFCRELDEFINESBYPROPERTIES('3ATtIlUhFJxDKFclZxqNvt',#18,$,$,(#1923),#1924);
#1929=IFCRELDEFINESBYPROPERTIES('07d2Tvn$$jjmnj6AAiVKbx',#18,$,$,(#1923),#1925);
#1930=IFCRELDEFINESBYPROPERTIES('312xahbPhFaeH6eQee0kfy',#18,$,$,(#1923),#1927);
#1931=IFCAXIS2PLACEMENT3D(#3,$,$);
#1933=IFCCARTESIANPOINT((0.,0.));
#1934=IFCAXIS2PLACEMENT2D(#1933,#11);
#1935=IFCRECTANGLEPROFILEDEF(.AREA.,'P10 3075',#1934,0.40000000000000002,0.19000000000000003);
#1936=IFCCARTESIANPOINT((0.,0.,0.75000000000045708));
#1937=IFCAXIS2PLACEMENT3D(#1936,#9,#8);
#1938=IFCEXTRUDEDAREASOLID(#1935,#1937,#9,3.4000000000000004);
#1939=IFCSTYLEDITEM(#1938,(#159),$);
#1940=IFCSHAPEREPRESENTATION(#24,'Body','SweptSolid',(#1938));
#1941=IFCAXIS2PLACEMENT3D(#3,$,$);
#1942=IFCREPRESENTATIONMAP(#1941,#1940);
#1943=IFCCOLUMNTYPE('0ekhV2_H95TvLl4hLKomJU',#18,'P10 3075:P10 3075',$,$,(#1958),(#1942),'567671',$,.COLUMN.);
#1944=IFCMAPPEDITEM(#1942,#170);
#1945=IFCSHAPEREPRESENTATION(#24,'Body','MappedRepresentation',(#1944));
#1946=IFCPRODUCTDEFINITIONSHAPE($,$,(#1945));
#1947=IFCCARTESIANPOINT((-19.323346196152013,-0.41715092444254909,-4.4500000000000002));
#1948=IFCAXIS2PLACEMENT3D(#1947,$,$);
#1949=IFCLOCALPLACEMENT(#51,#1948);
#1950=IFCCOLUMN('0ekhV2_H95TvLl4hLKomkg',#18,'P10',$,'P10 3075:P10 3075',#1949,#1946,'612201');
#1951=IFCPROPERTYSET('17OqO1PIspEhFp8D64vhjd',#18,'Pset_ColumnCommon',$,(#179,#180,#994));
#1952=IFCPROPERTYSET('0t__w3$MBmE4kOxQcFqhrc',#18,'Pset_QuantityTakeOff',$,(#994));
#1953=IFCPROPERTYSINGLEVALUE('Reference',$,IFCLABEL('Pilar C-25 - Retangular 19x40'),$);
#1954=IFCPROPERTYSET('1grkGz3S4$3rjAek74re6K',#18,'Pset_ReinforcementBarPitchOfColumn',$,(#1953));
#1955=IFCRELDEFINESBYPROPERTIES('0ihkDsng9Hm4d1kcqPcCKQ',#18,$,$,(#1950),#1951);
#1956=IFCRELDEFINESBYPROPERTIES('2KKvK0RpcK7$Vbt2zchkjd',#18,$,$,(#1950),#1952);
#1957=IFCRELDEFINESBYPROPERTIES('0d$uTWI3sxDUSuiiJ$kCqp',#18,$,$,(#1950),#1954);
#1958=IFCPROPERTYSET('0ZQy7yyIYH9PNArsvP9xY5',#18,'Pset_ColumnCommon',$,(#180));
#1959=IFCAXIS2PLACEMENT3D(#3,$,$);
#1961=IFCCARTESIANPOINT((0.,0.));
#1962=IFCAXIS2PLACEMENT2D(#1961,#11);
#1963=IFCRECTANGLEPROFILEDEF(.AREA.,'P1 3044',#1962,0.20000000000000001,0.20000000000000001);
#1964=IFCCARTESIANPOINT((0.,0.,0.75000000000045708));
#1965=IFCAXIS2PLACEMENT3D(#1964,#9,#7);
#1966=IFCEXTRUDEDAREASOLID(#1963,#1965,#9,3.4000000000000004);
#1967=IFCSTYLEDITEM(#1966,(#159),$);
#1968=IFCSHAPEREPRESENTATION(#24,'Body','SweptSolid',(#1966));
#1969=IFCAXIS2PLACEMENT3D(#3,$,$);
#1970=IFCREPRESENTATIONMAP(#1969,#1968);
#1971=IFCCOLUMNTYPE('0ekhV2_H95TvLl4hLKomJT',#18,'P1 3044:P1 3044',$,$,(#1986),(#1970),'567669',$,.COLUMN.);
#1972=IFCMAPPEDITEM(#1970,#170);
#1973=IFCSHAPEREPRESENTATION(#24,'Body','MappedRepresentation',(#1972));
#1974=IFCPRODUCTDEFINITIONSHAPE($,$,(#1973));
#1975=IFCCARTESIANPOINT((-13.149146196152008,12.832949075557451,-4.4500000000000002));
#1976=IFCAXIS2PLACEMENT3D(#1975,$,$);
#1977=IFCLOCALPLACEMENT(#51,#1976);
#1978=IFCCOLUMN('0ekhV2_H95TvLl4hLKomkf',#18,'P1',$,'P1 3044:P1 3044',#1977,#1974,'612202');
#1979=IFCPROPERTYSET('2SzUXi1whE9CbivfzXxYmt',#18,'Pset_ColumnCommon',$,(#179,#180,#810));
#1980=IFCPROPERTYSET('2RVzcWsALy7QcEYlcbo$9M',#18,'Pset_QuantityTakeOff',$,(#810));
#1981=IFCPROPERTYSINGLEVALUE('Reference',$,IFCLABEL('Pilar C-25 - Retangular 20x20'),$);
#1982=IFCPROPERTYSET('0Y6P7bhb0$93A9nGYIL8Ho',#18,'Pset_ReinforcementBarPitchOfColumn',$,(#1981));
#1983=IFCRELDEFINESBYPROPERTIES('38mOkGsx2QSFQYF2DSnWFq',#18,$,$,(#1978),#1979);
#1984=IFCRELDEFINESBYPROPERTIES('2eLtCpr3kprg2oSU0958vg',#18,$,$,(#1978),#1980);
#1985=IFCRELDEFINESBYPROPERTIES('2hDW0brhCRPWMWMF8QtGbm',#18,$,$,(#1978),#1982);
#1986=IFCPROPERTYSET('0o3vkmHQQwkTh_CIlMLgxB',#18,'Pset_ColumnCommon',$,(#180));
#1987=IFCAXIS2PLACEMENT3D(#3,$,$);
#1988=IFCLOCALPLACEMENT(#51,#1987);
#1989=IFCCARTESIANPOINT((-5.5511151231257827E-16,0.));
#1990=IFCAXIS2PLACEMENT2D(#1989,#13);
#1991=IFCRECTANGLEPROFILEDEF(.AREA.,'V9 6562',#1990,0.40000000000000002,0.75059999999999938);
#1992=IFCCARTESIANPOINT((-19.418346196152012,-9.4317509244425501,-0.21999999999954284));
#1993=IFCAXIS2PLACEMENT3D(#1992,#5,#8);
#1994=IFCEXTRUDEDAREASOLID(#1991,#1993,#9,0.13999999999999849);
#1995=IFCSTYLEDITEM(#1994,(#272),$);
#1996=IFCSHAPEREPRESENTATION(#24,'Body','SweptSolid',(#1994));
#1997=IFCPRODUCTDEFINITIONSHAPE($,$,(#1996));
#1998=IFCBEAM('0ekhV2_H95TvLl4hLKomke',#18,'V9',$,'V9 6562:V9 6562',#1988,#1997,'612203');
#1999=IFCBEAMTYPE('0ekhV2_H95TvLl4hLKoi4g',#18,'V9 6562:V9 6562',$,$,(#2007),$,'564713',$,.NOTDEFINED.);
#2000=IFCPROPERTYSET('1BnRMJijUTA1CQPtOJT2W8',#18,'Pset_BeamCommon',$,(#179,#180,#1188));
#2001=IFCPROPERTYSET('2mbPo3FgN0eThIxfChFOLa',#18,'Pset_QuantityTakeOff',$,(#1188));
#2002=IFCPROPERTYSINGLEVALUE('Reference',$,IFCLABEL('Viga C-25 - Se\X\E7\X\E3o Retangular 14 X 40'),$);
#2003=IFCPROPERTYSET('1rP35CYONUxJyMk2sKZTeE',#18,'Pset_ReinforcementBarPitchOfBeam',$,(#2002));
#2004=IFCRELDEFINESBYPROPERTIES('2JU9bsCLvZv5kXVSrf0x8L',#18,$,$,(#1998),#2000);
#2005=IFCRELDEFINESBYPROPERTIES('18NSdz2fHu7YCTAsC7Re6g',#18,$,$,(#1998),#2001);
#2006=IFCRELDEFINESBYPROPERTIES('0lraLcvj8iwiEu60A4detR',#18,$,$,(#1998),#2003);
#2007=IFCPROPERTYSET('1S6_NOaxpy3JkkvN2uXt$p',#18,'Pset_BeamCommon',$,(#180));
#2008=IFCAXIS2PLACEMENT3D(#3,$,$);
#2009=IFCLOCALPLACEMENT(#51,#2008);
#2010=IFCCARTESIANPOINT((0.,0.));
#2011=IFCAXIS2PLACEMENT2D(#2010,#13);
#2012=IFCRECTANGLEPROFILEDEF(.AREA.,'V9 6529',#2011,0.40000000000000002,4.0494000000000003);
#2013=IFCCARTESIANPOINT((-19.418346196152012,-7.0317509244425507,-0.21999999999954284));
#2014=IFCAXIS2PLACEMENT3D(#2013,#5,#8);
#2015=IFCEXTRUDEDAREASOLID(#2012,#2014,#9,0.13999999999999849);
#2016=IFCSTYLEDITEM(#2015,(#272),$);
#2017=IFCSHAPEREPRESENTATION(#24,'Body','SweptSolid',(#2015));
#2018=IFCPRODUCTDEFINITIONSHAPE($,$,(#2017));
#2019=IFCBEAM('0ekhV2_H95TvLl4hLKomkl',#18,'V9',$,'V9 6529:V9 6529',#2009,#2018,'612204');
#2020=IFCBEAMTYPE('0ekhV2_H95TvLl4hLKolK2',#18,'V9 6529:V9 6529',$,$,(#2028),$,'567745',$,.NOTDEFINED.);
#2021=IFCPROPERTYSET('0rwAwXPZ4p8zPYtNeS2K1B',#18,'Pset_BeamCommon',$,(#179,#180,#1188));
#2022=IFCPROPERTYSET('0VwTaOr1rNvliYQKvx$8VP',#18,'Pset_QuantityTakeOff',$,(#1188));
#2023=IFCPROPERTYSINGLEVALUE('Reference',$,IFCLABEL('Viga C-25 - Se\X\E7\X\E3o Retangular 14 X 40'),$);
#2024=IFCPROPERTYSET('3eG7V9qL8I8R8SwJx6za$a',#18,'Pset_ReinforcementBarPitchOfBeam',$,(#2023));
#2025=IFCRELDEFINESBYPROPERTIES('1YRS$LuWGOwurC5UpC$z5E',#18,$,$,(#2019),#2021);
#2026=IFCRELDEFINESBYPROPERTIES('0FHMDkm5VsmejaKuK7ZqzH',#18,$,$,(#2019),#2022);
#2027=IFCRELDEFINESBYPROPERTIES('0iDGmHxgpGDc47kyaY0yGo',#18,$,$,(#2019),#2024);
#2028=IFCPROPERTYSET('0wNMKpC9V8MKssfXDK7Usy',#18,'Pset_BeamCommon',$,(#180));
#2029=IFCAXIS2PLACEMENT3D(#3,$,$);
#2030=IFCLOCALPLACEMENT(#51,#2029);
#2031=IFCCARTESIANPOINT((0.,1.0824674490095276E-15));
#2032=IFCAXIS2PLACEMENT2D(#2031,#11);
#2033=IFCRECTANGLEPROFILEDEF(.AREA.,'V8 6496',#2032,0.60000000000000009,0.14000000000000065);
#2034=IFCCARTESIANPOINT((-9.750249870885586,-9.9370509244425484,-0.59999999999954257));
#2035=IFCAXIS2PLACEMENT3D(#2034,#5,#10);
#2036=IFCEXTRUDEDAREASOLID(#2033,#2035,#9,1.9049036773584285);
#2037=IFCSTYLEDITEM(#2036,(#272),$);
#2038=IFCSHAPEREPRESENTATION(#24,'Body','SweptSolid',(#2036));
#2039=IFCPRODUCTDEFINITIONSHAPE($,$,(#2038));
#2040=IFCBEAM('0ekhV2_H95TvLl4hLKomkk',#18,'V8',$,'V8 6496:V8 6496',#2030,#2039,'612205');
#2041=IFCBEAMTYPE('0ekhV2_H95TvLl4hLKolLy',#18,'V8 6496:V8 6496',$,$,(#2050),$,'567743',$,.NOTDEFINED.);
#2042=IFCPROPERTYSINGLEVALUE('Reference',$,IFCIDENTIFIER('Viga C-25 - Se\X\E7\X\E3o Retangular 14 X 60'),$);
#2043=IFCPROPERTYSET('1igM4pVyHTCBpGLovt1u2d',#18,'Pset_BeamCommon',$,(#179,#180,#2042));
#2044=IFCPROPERTYSET('3UbPDD5qgapBdtC6kweWXG',#18,'Pset_QuantityTakeOff',$,(#2042));
#2045=IFCPROPERTYSINGLEVALUE('Reference',$,IFCLABEL('Viga C-25 - Se\X\E7\X\E3o Retangular 14 X 60'),$);
#2046=IFCPROPERTYSET('3KnAvDHF3I2UOYH_jX45$F',#18,'Pset_ReinforcementBarPitchOfBeam',$,(#2045));
#2047=IFCRELDEFINESBYPROPERTIES('0PWz0iAkFnR7MAnwj29$Sv',#18,$,$,(#2040),#2043);
#2048=IFCRELDEFINESBYPROPERTIES('34uTejmmijwbzkhaYNi5Nr',#18,$,$,(#2040),#2044);
#2049=IFCRELDEFINESBYPROPERTIES('0ZZXuiYhEFBbHhfeyYrh0y',#18,$,$,(#2040),#2046);
#2050=IFCPROPERTYSET('3tsXMGeYU5e$fnpLS810EQ',#18,'Pset_BeamCommon',$,(#180));
#2051=IFCAXIS2PLACEMENT3D(#3,$,$);
#2052=IFCLOCALPLACEMENT(#51,#2051);
#2053=IFCCARTESIANPOINT((0.,1.0824674490095276E-15));
#2054=IFCAXIS2PLACEMENT2D(#2053,#11);
#2055=IFCRECTANGLEPROFILEDEF(.AREA.,'V8 6463',#2054,0.60000000000000009,0.14000000000000065);
#2056=IFCCARTESIANPOINT((-14.06024619615201,-9.9370509244425484,-0.59999999999954257));
#2057=IFCAXIS2PLACEMENT3D(#2056,#5,#10);
#2058=IFCEXTRUDEDAREASOLID(#2055,#2057,#9,4.3099999999999987);
#2059=IFCSTYLEDITEM(#2058,(#272),$);
#2060=IFCSHAPEREPRESENTATION(#24,'Body','SweptSolid',(#2058));
#2061=IFCPRODUCTDEFINITIONSHAPE($,$,(#2060));
#2062=IFCBEAM('0ekhV2_H95TvLl4hLKomkj',#18,'V8',$,'V8 6463:V8 6463',#2052,#2061,'612206');
#2063=IFCBEAMTYPE('0ekhV2_H95TvLl4hLKolL_',#18,'V8 6463:V8 6463',$,$,(#2071),$,'567741',$,.NOTDEFINED.);
#2064=IFCPROPERTYSET('1IJ3SFyFdcgZct5N3EiO1W',#18,'Pset_BeamCommon',$,(#179,#180,#2042));
#2065=IFCPROPERTYSET('0LIzwPm82qKrtZZwJuDrd5',#18,'Pset_QuantityTakeOff',$,(#2042));
#2066=IFCPROPERTYSINGLEVALUE('Reference',$,IFCLABEL('Viga C-25 - Se\X\E7\X\E3o Retangular 14 X 60'),$);
#2067=IFCPROPERTYSET('0eq6wyN9VR7WQb0C$LCqet',#18,'Pset_ReinforcementBarPitchOfBeam',$,(#2066));
#2068=IFCRELDEFINESBYPROPERTIES('3aaCbcSgB8joVhQukD4KBi',#18,$,$,(#2062),#2064);
#2069=IFCRELDEFINESBYPROPERTIES('1jKdqcfFu95tTWv0goPkRb',#18,$,$,(#2062),#2065);
#2070=IFCRELDEFINESBYPROPERTIES('3SXDqJhQs2Ewtxtms2$9FI',#18,$,$,(#2062),#2067);
#2071=IFCPROPERTYSET('2Azib6dZZEv70zlc$Tix$m',#18,'Pset_BeamCommon',$,(#180));
#2072=IFCAXIS2PLACEMENT3D(#3,$,$);
#2073=IFCLOCALPLACEMENT(#51,#2072);
#2074=IFCCARTESIANPOINT((0.,-5.4123372450476381E-16));
#2075=IFCAXIS2PLACEMENT2D(#2074,#11);
#2076=IFCRECTANGLEPROFILEDEF(.AREA.,'V7 6430',#2075,0.40000000000000002,0.13999999999999957);
#2077=IFCCARTESIANPOINT((-19.278346196152008,-9.7370509244425456,-0.21999999999954284));
#2078=IFCAXIS2PLACEMENT3D(#2077,#5,#10);
#2079=IFCEXTRUDEDAREASOLID(#2076,#2078,#9,3.1986000000000008);
#2080=IFCSTYLEDITEM(#2079,(#272),$);
#2081=IFCSHAPEREPRESENTATION(#24,'Body','SweptSolid',(#2079));
#2082=IFCPRODUCTDEFINITIONSHAPE($,$,(#2081));
#2083=IFCBEAM('0ekhV2_H95TvLl4hLKomki',#18,'V7',$,'V7 6430:V7 6430',#2073,#2082,'612207');
#2084=IFCBEAMTYPE('0ekhV2_H95TvLl4hLKolLu',#18,'V7 6430:V7 6430',$,$,(#2092),$,'567739',$,.NOTDEFINED.);
#2085=IFCPROPERTYSET('0EhuTc$XvLPMJahbRVm9GV',#18,'Pset_BeamCommon',$,(#179,#180,#1188));
#2086=IFCPROPERTYSET('3DYEGhkZNM_kLthfcMbtPF',#18,'Pset_QuantityTakeOff',$,(#1188));
#2087=IFCPROPERTYSINGLEVALUE('Reference',$,IFCLABEL('Viga C-25 - Se\X\E7\X\E3o Retangular 14 X 40'),$);
#2088=IFCPROPERTYSET('3740VZCcgX2a5LHbcrimaL',#18,'Pset_ReinforcementBarPitchOfBeam',$,(#2087));
#2089=IFCRELDEFINESBYPROPERTIES('3cw$EjYhU$iJmC7RnbRRx_',#18,$,$,(#2083),#2085);
#2090=IFCRELDEFINESBYPROPERTIES('05UvMIAxYY1cSLjJo4xYJu',#18,$,$,(#2083),#2086);
#2091=IFCRELDEFINESBYPROPERTIES('0vCPzroLzY0v3gqwtIATdZ',#18,$,$,(#2083),#2088);
#2092=IFCPROPERTYSET('1jg0tIxiMtIK7mj1cfEbwC',#18,'Pset_BeamCommon',$,(#180));
#2093=IFCAXIS2PLACEMENT3D(#3,$,$);
#2094=IFCLOCALPLACEMENT(#51,#2093);
#2095=IFCCARTESIANPOINT((0.,0.));
#2096=IFCAXIS2PLACEMENT2D(#2095,#11);
#2097=IFCRECTANGLEPROFILEDEF(.AREA.,'V6 6397',#2096,0.40000000000000002,0.40000000000000002);
#2098=IFCCARTESIANPOINT((-14.27974619615201,-6.3870509244425495,-0.49999999999954253));
#2099=IFCAXIS2PLACEMENT3D(#2098,#5,#10);
#2100=IFCEXTRUDEDAREASOLID(#2097,#2099,#9,0.079499999999999252);
#2101=IFCSTYLEDITEM(#2100,(#272),$);
#2102=IFCSHAPEREPRESENTATION(#24,'Body','SweptSolid',(#2100));
#2103=IFCPRODUCTDEFINITIONSHAPE($,$,(#2102));
#2104=IFCBEAM('0ekhV2_H95TvLl4hLKomkp',#18,'V6',$,'V6 6397:V6 6397',#2094,#2103,'612208');
#2105=IFCBEAMTYPE('0ekhV2_H95TvLl4hLKolLw',#18,'V6 6397:V6 6397',$,$,(#2114),$,'567737',$,.NOTDEFINED.);
#2106=IFCPROPERTYSINGLEVALUE('Reference',$,IFCIDENTIFIER('Viga C-25 - Se\X\E7\X\E3o Retangular 40 X 40'),$);
#2107=IFCPROPERTYSET('0fIeKum1SEfe05wqINRyFY',#18,'Pset_BeamCommon',$,(#179,#180,#2106));
#2108=IFCPROPERTYSET('30lhDlNHRtxXKt$7yDBOsJ',#18,'Pset_QuantityTakeOff',$,(#2106));
#2109=IFCPROPERTYSINGLEVALUE('Reference',$,IFCLABEL('Viga C-25 - Se\X\E7\X\E3o Retangular 40 X 40'),$);
#2110=IFCPROPERTYSET('3lSvKfmp693ADtE8JSV_pK',#18,'Pset_ReinforcementBarPitchOfBeam',$,(#2109));
#2111=IFCRELDEFINESBYPROPERTIES('2AYlw19WuwRstm87Jwef26',#18,$,$,(#2104),#2107);
#2112=IFCRELDEFINESBYPROPERTIES('0q$UOm1AhCtbfn_Z3cmcL2',#18,$,$,(#2104),#2108);
#2113=IFCRELDEFINESBYPROPERTIES('1uCBfhzdjg3Nrd7n8gu$Lr',#18,$,$,(#2104),#2110);
#2114=IFCPROPERTYSET('07o3fsApWGmwA9HXZ$WI_p',#18,'Pset_BeamCommon',$,(#180));
#2115=IFCAXIS2PLACEMENT3D(#3,$,$);
#2116=IFCLOCALPLACEMENT(#51,#2115);
#2117=IFCCARTESIANPOINT((0.,0.));
#2118=IFCAXIS2PLACEMENT2D(#2117,#11);
#2119=IFCRECTANGLEPROFILEDEF(.AREA.,'V6 6364',#2118,0.40000000000000002,0.40000000000000002);
#2120=IFCCARTESIANPOINT((-14.13024619615201,-6.3870509244425495,-0.49999999999954253));
#2121=IFCAXIS2PLACEMENT3D(#2120,#5,#10);
#2122=IFCEXTRUDEDAREASOLID(#2119,#2121,#9,4.3800000000000008);
#2123=IFCSTYLEDITEM(#2122,(#272),$);
#2124=IFCSHAPEREPRESENTATION(#24,'Body','SweptSolid',(#2122));
#2125=IFCPRODUCTDEFINITIONSHAPE($,$,(#2124));
#2126=IFCBEAM('0ekhV2_H95TvLl4hLKomko',#18,'V6',$,'V6 6364:V6 6364',#2116,#2125,'612209');
#2127=IFCBEAMTYPE('0ekhV2_H95TvLl4hLKolLq',#18,'V6 6364:V6 6364',$,$,(#2135),$,'567735',$,.NOTDEFINED.);
#2128=IFCPROPERTYSET('2Unx3q4bS6jAy6JInoLzUY',#18,'Pset_BeamCommon',$,(#179,#180,#2106));
#2129=IFCPROPERTYSET('3NXSR$x6wlN8pjz6_60gI3',#18,'Pset_QuantityTakeOff',$,(#2106));
#2130=IFCPROPERTYSINGLEVALUE('Reference',$,IFCLABEL('Viga C-25 - Se\X\E7\X\E3o Retangular 40 X 40'),$);
#2131=IFCPROPERTYSET('2GdZXozYWqgCMy5qPTP$ZQ',#18,'Pset_ReinforcementBarPitchOfBeam',$,(#2130));
#2132=IFCRELDEFINESBYPROPERTIES('3FLb9YdtyuJ4eraatENCcG',#18,$,$,(#2126),#2128);
#2133=IFCRELDEFINESBYPROPERTIES('3p$Z5eRF68LtAtw$21Ly1C',#18,$,$,(#2126),#2129);
#2134=IFCRELDEFINESBYPROPERTIES('2JmZ7$l6pNgmK5VpwUtGL2',#18,$,$,(#2126),#2131);
#2135=IFCPROPERTYSET('3RTJv99TZ0c8tUvVtzXRoL',#18,'Pset_BeamCommon',$,(#180));
#2136=IFCAXIS2PLACEMENT3D(#3,$,$);
#2137=IFCLOCALPLACEMENT(#51,#2136);
#2138=IFCCARTESIANPOINT((0.,0.));
#2139=IFCAXIS2PLACEMENT2D(#2138,#11);
#2140=IFCRECTANGLEPROFILEDEF(.AREA.,'V6 6331',#2139,0.40000000000000002,0.40000000000000002);
#2141=IFCCARTESIANPOINT((-9.750246196152009,-6.3870509244425495,-0.49999999999954253));
#2142=IFCAXIS2PLACEMENT3D(#2141,#5,#10);
#2143=IFCEXTRUDEDAREASOLID(#2140,#2142,#9,2.0949000000000004);
#2144=IFCSTYLEDITEM(#2143,(#272),$);
#2145=IFCSHAPEREPRESENTATION(#24,'Body','SweptSolid',(#2143));
#2146=IFCPRODUCTDEFINITIONSHAPE($,$,(#2145));
#2147=IFCBEAM('0ekhV2_H95TvLl4hLKomkn',#18,'V6',$,'V6 6331:V6 6331',#2137,#2146,'612210');
#2148=IFCBEAMTYPE('0ekhV2_H95TvLl4hLKolLs',#18,'V6 6331:V6 6331',$,$,(#2156),$,'567733',$,.NOTDEFINED.);
#2149=IFCPROPERTYSET('2NlYsa5meUzPVbmmZuY4hV',#18,'Pset_BeamCommon',$,(#179,#180,#2106));
#2150=IFCPROPERTYSET('2mwYEKvtFKp2QAWrm_BGiP',#18,'Pset_QuantityTakeOff',$,(#2106));
#2151=IFCPROPERTYSINGLEVALUE('Reference',$,IFCLABEL('Viga C-25 - Se\X\E7\X\E3o Retangular 40 X 40'),$);
#2152=IFCPROPERTYSET('3DDbvPd_Uzuc$tw_36wu0s',#18,'Pset_ReinforcementBarPitchOfBeam',$,(#2151));
#2153=IFCRELDEFINESBYPROPERTIES('0Lgy1GsyL6$zKo0Z8qFoT1',#18,$,$,(#2147),#2149);
#2154=IFCRELDEFINESBYPROPERTIES('2k4S99FVCaYnS3$IfEecQA',#18,$,$,(#2147),#2150);
#2155=IFCRELDEFINESBYPROPERTIES('1n2z7eJHK4DWccF$IRMybm',#18,$,$,(#2147),#2152);
#2156=IFCPROPERTYSET('2J6QwtKo4MB5MXCVr$XlLQ',#18,'Pset_BeamCommon',$,(#180));
#2157=IFCAXIS2PLACEMENT3D(#3,$,$);
#2158=IFCLOCALPLACEMENT(#51,#2157);
#2159=IFCCARTESIANPOINT((0.,2.7061686225238191E-16));
#2160=IFCAXIS2PLACEMENT2D(#2159,#11);
#2161=IFCRECTANGLEPROFILEDEF(.AREA.,'V5 6298',#2160,0.40000000000000002,0.14000000000000012);
#2162=IFCCARTESIANPOINT((-9.6802461961520105,-4.4372509244425489,-0.49999999999954253));
#2163=IFCAXIS2PLACEMENT3D(#2162,#5,#10);
#2164=IFCEXTRUDEDAREASOLID(#2161,#2163,#9,1.8349000000000009);
#2165=IFCSTYLEDITEM(#2164,(#272),$);
#2166=IFCSHAPEREPRESENTATION(#24,'Body','SweptSolid',(#2164));
#2167=IFCPRODUCTDEFINITIONSHAPE($,$,(#2166));
#2168=IFCBEAM('0ekhV2_H95TvLl4hLKomkm',#18,'V5',$,'V5 6298:V5 6298',#2158,#2167,'612211');
#2169=IFCBEAMTYPE('0ekhV2_H95TvLl4hLKolLm',#18,'V5 6298:V5 6298',$,$,(#2177),$,'567731',$,.NOTDEFINED.);
#2170=IFCPROPERTYSET('18FVqVsEvTtmZDn0H71TWh',#18,'Pset_BeamCommon',$,(#179,#180,#1188));
#2171=IFCPROPERTYSET('2bkXkkw5r9J3$P_dUfcqUm',#18,'Pset_QuantityTakeOff',$,(#1188));
#2172=IFCPROPERTYSINGLEVALUE('Reference',$,IFCLABEL('Viga C-25 - Se\X\E7\X\E3o Retangular 14 X 40'),$);
#2173=IFCPROPERTYSET('2rJT27nA60NX5Fa5X$pPug',#18,'Pset_ReinforcementBarPitchOfBeam',$,(#2172));
#2174=IFCRELDEFINESBYPROPERTIES('2f$4oBEjE0IYUX77LYjpk5',#18,$,$,(#2168),#2170);
#2175=IFCRELDEFINESBYPROPERTIES('27YIxQloNIody2rE5dJJFe',#18,$,$,(#2168),#2171);
#2176=IFCRELDEFINESBYPROPERTIES('3p6ltoJcIfh3$8iBh009dx',#18,$,$,(#2168),#2173);
#2177=IFCPROPERTYSET('2u6iYXqua0_naD7tAbrrcO',#18,'Pset_BeamCommon',$,(#180));
#2178=IFCAXIS2PLACEMENT3D(#3,$,$);
#2179=IFCLOCALPLACEMENT(#51,#2178);
#2180=IFCCARTESIANPOINT((0.,2.7061686225238191E-16));
#2181=IFCAXIS2PLACEMENT2D(#2180,#11);
#2182=IFCRECTANGLEPROFILEDEF(.AREA.,'V5 6265',#2181,0.40000000000000002,0.14000000000000012);
#2183=IFCCARTESIANPOINT((-14.28014619615201,-4.4372509244425489,-0.49999999999954253));
#2184=IFCAXIS2PLACEMENT3D(#2183,#5,#10);
#2185=IFCEXTRUDEDAREASOLID(#2182,#2184,#9,4.4598999999999993);
#2186=IFCSTYLEDITEM(#2185,(#272),$);
#2187=IFCSHAPEREPRESENTATION(#24,'Body','SweptSolid',(#2185));
#2188=IFCPRODUCTDEFINITIONSHAPE($,$,(#2187));
#2189=IFCBEAM('0ekhV2_H95TvLl4hLKomkt',#18,'V5',$,'V5 6265:V5 6265',#2179,#2188,'612212');
#2190=IFCBEAMTYPE('0ekhV2_H95TvLl4hLKolLo',#18,'V5 6265:V5 6265',$,$,(#2198),$,'567729',$,.NOTDEFINED.);
#2191=IFCPROPERTYSET('3RUfIVaV$pkCgdh6MRHv2u',#18,'Pset_BeamCommon',$,(#179,#180,#1188));
#2192=IFCPROPERTYSET('2kWO2d9mDSgg1BfWIu7tYC',#18,'Pset_QuantityTakeOff',$,(#1188));
#2193=IFCPROPERTYSINGLEVALUE('Reference',$,IFCLABEL('Viga C-25 - Se\X\E7\X\E3o Retangular 14 X 40'),$);
#2194=IFCPROPERTYSET('0CoGSR_3Gh9atJ4o28cS80',#18,'Pset_ReinforcementBarPitchOfBeam',$,(#2193));
#2195=IFCRELDEFINESBYPROPERTIES('1v0g2cv5ocW3ZafF3bV4$J',#18,$,$,(#2189),#2191);
#2196=IFCRELDEFINESBYPROPERTIES('0AuVRdsPDirxZldbI$RC1j',#18,$,$,(#2189),#2192);
#2197=IFCRELDEFINESBYPROPERTIES('3C8jRXPxC5iuB8Rc3EjsG$',#18,$,$,(#2189),#2194);
#2198=IFCPROPERTYSET('2wLz3CJsxJf4seYXWZmvOD',#18,'Pset_BeamCommon',$,(#180));
#2199=IFCAXIS2PLACEMENT3D(#3,$,$);
#2200=IFCLOCALPLACEMENT(#51,#2199);
#2201=IFCCARTESIANPOINT((0.,-2.7061686225238191E-16));
#2202=IFCAXIS2PLACEMENT2D(#2201,#11);
#2203=IFCRECTANGLEPROFILEDEF(.AREA.,'V4 6232',#2202,0.40000000000000002,0.14000000000000012);
#2204=IFCCARTESIANPOINT((-19.22834619615201,-4.9370509244425502,-0.21999999999954284));
#2205=IFCAXIS2PLACEMENT3D(#2204,#5,#10);
#2206=IFCEXTRUDEDAREASOLID(#2203,#2205,#9,3.4086000000000003);
#2207=IFCSTYLEDITEM(#2206,(#272),$);
#2208=IFCSHAPEREPRESENTATION(#24,'Body','SweptSolid',(#2206));
#2209=IFCPRODUCTDEFINITIONSHAPE($,$,(#2208));
#2210=IFCBEAM('0ekhV2_H95TvLl4hLKomks',#18,'V4',$,'V4 6232:V4 6232',#2200,#2209,'612213');
#2211=IFCPROPERTYSET('295N38k3byz2VYBFYtuVSB',#18,'Pset_BeamCommon',$,(#179,#180,#1188));
#2212=IFCPROPERTYSET('3kwdQCsYi_vgkx108Nwn3N',#18,'Pset_QuantityTakeOff',$,(#1188));
#2213=IFCPROPERTYSINGLEVALUE('Reference',$,IFCLABEL('Viga C-25 - Se\X\E7\X\E3o Retangular 14 X 40'),$);
#2214=IFCPROPERTYSET('2117m6StwaTqEoV3pze4T7',#18,'Pset_ReinforcementBarPitchOfBeam',$,(#2213));
#2215=IFCRELDEFINESBYPROPERTIES('0vI1H_j2PDfo5gsQsYt6L2',#18,$,$,(#2210),#2211);
#2216=IFCRELDEFINESBYPROPERTIES('3z9gf$oD4qw6ZvDx_iqv3e',#18,$,$,(#2210),#2212);
#2217=IFCRELDEFINESBYPROPERTIES('0JuRUW7Fl5NsbO0Lz3lXWf',#18,$,$,(#2210),#2214);
#2218=IFCAXIS2PLACEMENT3D(#3,$,$);
#2219=IFCLOCALPLACEMENT(#51,#2218);
#2220=IFCCARTESIANPOINT((0.,-5.4123372450476381E-16));
#2221=IFCAXIS2PLACEMENT2D(#2220,#11);
#2222=IFCRECTANGLEPROFILEDEF(.AREA.,'V3 6199',#2221,0.40000000000000002,0.13999999999999957);
#2223=IFCCARTESIANPOINT((-15.220146196152008,6.8629490755574496,-0.49999999999954253));
#2224=IFCAXIS2PLACEMENT3D(#2223,#5,#10);
#2225=IFCEXTRUDEDAREASOLID(#2222,#2224,#9,0.79990000000000006);
#2226=IFCSTYLEDITEM(#2225,(#272),$);
#2227=IFCSHAPEREPRESENTATION(#24,'Body','SweptSolid',(#2225));
#2228=IFCPRODUCTDEFINITIONSHAPE($,$,(#2227));
#2229=IFCBEAM('0ekhV2_H95TvLl4hLKomkr',#18,'V3',$,'V3 6199:V3 6199',#2219,#2228,'612214');
#2230=IFCBEAMTYPE('0ekhV2_H95TvLl4hLKolLk',#18,'V3 6199:V3 6199',$,$,(#2238),$,'567725',$,.NOTDEFINED.);
#2231=IFCPROPERTYSET('0DoROMRk6wN$3h5hvnbFbi',#18,'Pset_BeamCommon',$,(#179,#180,#1188));
#2232=IFCPROPERTYSET('1T8ANka8eJ1Zm1IUd9sPbu',#18,'Pset_QuantityTakeOff',$,(#1188));
#2233=IFCPROPERTYSINGLEVALUE('Reference',$,IFCLABEL('Viga C-25 - Se\X\E7\X\E3o Retangular 14 X 40'),$);
#2234=IFCPROPERTYSET('2MmhhpGB0FE6uLWTcJPm2c',#18,'Pset_ReinforcementBarPitchOfBeam',$,(#2233));
#2235=IFCRELDEFINESBYPROPERTIES('36aP6HX9n7DqTSZFr8LuZG',#18,$,$,(#2229),#2231);
#2236=IFCRELDEFINESBYPROPERTIES('3EzYwIatY4Nd2WT$tj00OM',#18,$,$,(#2229),#2232);
#2237=IFCRELDEFINESBYPROPERTIES('1TKN1MchwrN_eBTAXtbDrN',#18,$,$,(#2229),#2234);
#2238=IFCPROPERTYSET('1$1B$$azf9kMTwqXFdPNBP',#18,'Pset_BeamCommon',$,(#180));
#2239=IFCAXIS2PLACEMENT3D(#3,$,$);
#2240=IFCLOCALPLACEMENT(#51,#2239);
#2241=IFCCARTESIANPOINT((0.,5.4123372450476381E-16));
#2242=IFCAXIS2PLACEMENT2D(#2241,#11);
#2243=IFCRECTANGLEPROFILEDEF(.AREA.,'V3 6166',#2242,0.40000000000000002,0.13999999999999957);
#2244=IFCCARTESIANPOINT((-14.28024619615201,6.8628490755574498,-0.49999999999954253));
#2245=IFCAXIS2PLACEMENT3D(#2244,#5,#10);
#2246=IFCEXTRUDEDAREASOLID(#2243,#2245,#9,4.5300000000000011);
#2247=IFCSTYLEDITEM(#2246,(#272),$);
#2248=IFCSHAPEREPRESENTATION(#24,'Body','SweptSolid',(#2246));
#2249=IFCPRODUCTDEFINITIONSHAPE($,$,(#2248));
#2250=IFCBEAM('0ekhV2_H95TvLl4hLKomkq',#18,'V3',$,'V3 6166:V3 6166',#2240,#2249,'612215');
#2251=IFCBEAMTYPE('0ekhV2_H95TvLl4hLKolLe',#18,'V3 6166:V3 6166',$,$,(#2259),$,'567723',$,.NOTDEFINED.);
#2252=IFCPROPERTYSET('1TEamOkofsvl9cgNG5ftBU',#18,'Pset_BeamCommon',$,(#179,#180,#1188));
#2253=IFCPROPERTYSET('1yX3O7USxhl94IckH3h2V6',#18,'Pset_QuantityTakeOff',$,(#1188));
#2254=IFCPROPERTYSINGLEVALUE('Reference',$,IFCLABEL('Viga C-25 - Se\X\E7\X\E3o Retangular 14 X 40'),$);
#2255=IFCPROPERTYSET('0VVGfc7aQxKhO09KvPvGjY',#18,'Pset_ReinforcementBarPitchOfBeam',$,(#2254));
#2256=IFCRELDEFINESBYPROPERTIES('2R1BI_LGmctnlrGfU8j5nR',#18,$,$,(#2250),#2252);
#2257=IFCRELDEFINESBYPROPERTIES('1PZHBUNXBtBazYk6j2qxya',#18,$,$,(#2250),#2253);
#2258=IFCRELDEFINESBYPROPERTIES('1nkxutPeXKd1GluYFuccuk',#18,$,$,(#2250),#2255);
#2259=IFCPROPERTYSET('2GllQVKWFcEX6Bf9vSaJ0C',#18,'Pset_BeamCommon',$,(#180));
#2260=IFCAXIS2PLACEMENT3D(#3,$,$);
#2261=IFCLOCALPLACEMENT(#51,#2260);
#2262=IFCCARTESIANPOINT((0.,1.0824674490095276E-15));
#2263=IFCAXIS2PLACEMENT2D(#2262,#11);
#2264=IFCRECTANGLEPROFILEDEF(.AREA.,'V2 6133',#2263,0.40000000000000002,0.14000000000000065);
#2265=IFCCARTESIANPOINT((-15.079746196152009,11.16104907555745,-0.49999999999954253));
#2266=IFCAXIS2PLACEMENT3D(#2265,#5,#10);
#2267=IFCEXTRUDEDAREASOLID(#2264,#2266,#9,1.8555999999999984);
#2268=IFCSTYLEDITEM(#2267,(#272),$);
#2269=IFCSHAPEREPRESENTATION(#24,'Body','SweptSolid',(#2267));
#2270=IFCPRODUCTDEFINITIONSHAPE($,$,(#2269));
#2271=IFCBEAM('0ekhV2_H95TvLl4hLKomkx',#18,'V2',$,'V2 6133:V2 6133',#2261,#2270,'612216');
#2272=IFCBEAMTYPE('0ekhV2_H95TvLl4hLKolLg',#18,'V2 6133:V2 6133',$,$,(#2280),$,'567721',$,.NOTDEFINED.);
#2273=IFCPROPERTYSET('2808MJKi9$0eCWYfodbQvF',#18,'Pset_BeamCommon',$,(#179,#180,#1188));
#2274=IFCPROPERTYSET('3ollkeWMTA6YRV20_J7BDY',#18,'Pset_QuantityTakeOff',$,(#1188));
#2275=IFCPROPERTYSINGLEVALUE('Reference',$,IFCLABEL('Viga C-25 - Se\X\E7\X\E3o Retangular 14 X 40'),$);
#2276=IFCPROPERTYSET('0iYShm0bC44YPW$5n_wsCm',#18,'Pset_ReinforcementBarPitchOfBeam',$,(#2275));
#2277=IFCRELDEFINESBYPROPERTIES('3EPHsKLBJ7QudxxywMcvsf',#18,$,$,(#2271),#2273);
#2278=IFCRELDEFINESBYPROPERTIES('0uVgaterPFtxKzlJF6LBZ2',#18,$,$,(#2271),#2274);
#2279=IFCRELDEFINESBYPROPERTIES('19Hp_mdlhwV04DK$pvazcW',#18,$,$,(#2271),#2276);
#2280=IFCPROPERTYSET('2atYIcbvIEIL3ijqUGFFO3',#18,'Pset_BeamCommon',$,(#180));
#2281=IFCAXIS2PLACEMENT3D(#3,$,$);
#2282=IFCLOCALPLACEMENT(#51,#2281);
#2283=IFCCARTESIANPOINT((2.2204460492503131E-16,0.));
#2284=IFCAXIS2PLACEMENT2D(#2283,#13);
#2285=IFCRECTANGLEPROFILEDEF(.AREA.,'V17 6100',#2284,0.40000000000000002,1.5199000000000005);
#2286=IFCCARTESIANPOINT((-7.8453461961520095,-5.4271009244425494,-0.49999999999954253));
#2287=IFCAXIS2PLACEMENT3D(#2286,#5,#8);
#2288=IFCEXTRUDEDAREASOLID(#2285,#2287,#9,0.19000000000000011);
#2289=IFCSTYLEDITEM(#2288,(#272),$);
#2290=IFCSHAPEREPRESENTATION(#24,'Body','SweptSolid',(#2288));
#2291=IFCPRODUCTDEFINITIONSHAPE($,$,(#2290));
#2292=IFCBEAM('0ekhV2_H95TvLl4hLKomkw',#18,'V17',$,'V17 6100:V17 6100',#2282,#2291,'612217');
#2293=IFCBEAMTYPE('0ekhV2_H95TvLl4hLKolLa',#18,'V17 6100:V17 6100',$,$,(#2302),$,'567719',$,.NOTDEFINED.);
#2294=IFCPROPERTYSINGLEVALUE('Reference',$,IFCIDENTIFIER('Viga C-25 - Se\X\E7\X\E3o Retangular 19 X 40'),$);
#2295=IFCPROPERTYSET('3h3eLbdcHjX5f7N70ldbCP',#18,'Pset_BeamCommon',$,(#179,#180,#2294));
#2296=IFCPROPERTYSET('0AjfTT40kM8GpAru82ggtU',#18,'Pset_QuantityTakeOff',$,(#2294));
#2297=IFCPROPERTYSINGLEVALUE('Reference',$,IFCLABEL('Viga C-25 - Se\X\E7\X\E3o Retangular 19 X 40'),$);
#2298=IFCPROPERTYSET('2yMa45bIC0SU1YT2kTMOZk',#18,'Pset_ReinforcementBarPitchOfBeam',$,(#2297));
#2299=IFCRELDEFINESBYPROPERTIES('2wpBY0cQP2VEVlRt4jvUXA',#18,$,$,(#2292),#2295);
#2300=IFCRELDEFINESBYPROPERTIES('2uivW1LL_uvhGb7SUAgyap',#18,$,$,(#2292),#2296);
#2301=IFCRELDEFINESBYPROPERTIES('3YrHpE2drPsPcXZYoKcLFb',#18,$,$,(#2292),#2298);
#2302=IFCPROPERTYSET('0XQ9bTBMn3g4__fFN4iJfr',#18,'Pset_BeamCommon',$,(#180));
#2303=IFCAXIS2PLACEMENT3D(#3,$,$);
#2304=IFCLOCALPLACEMENT(#51,#2303);
#2305=IFCCARTESIANPOINT((0.,0.));
#2306=IFCAXIS2PLACEMENT2D(#2305,#13);
#2307=IFCRECTANGLEPROFILEDEF(.AREA.,'V17 6067',#2306,0.40000000000000002,3.2200000000000002);
#2308=IFCCARTESIANPOINT((-7.8454461961520092,-7.9970509244425481,-0.49999999999954253));
#2309=IFCAXIS2PLACEMENT3D(#2308,#5,#8);
#2310=IFCEXTRUDEDAREASOLID(#2307,#2309,#9,0.19000000000000011);
#2311=IFCSTYLEDITEM(#2310,(#272),$);
#2312=IFCSHAPEREPRESENTATION(#24,'Body','SweptSolid',(#2310));
#2313=IFCPRODUCTDEFINITIONSHAPE($,$,(#2312));
#2314=IFCBEAM('0ekhV2_H95TvLl4hLKomkv',#18,'V17',$,'V17 6067:V17 6067',#2304,#2313,'612218');
#2315=IFCBEAMTYPE('0ekhV2_H95TvLl4hLKolLc',#18,'V17 6067:V17 6067',$,$,(#2323),$,'567717',$,.NOTDEFINED.);
#2316=IFCPROPERTYSET('1cxDsi3xEmDqQ$TAo1dVSP',#18,'Pset_BeamCommon',$,(#179,#180,#2294));
#2317=IFCPROPERTYSET('3m2RyXvFzrAWQ1Jvdc767l',#18,'Pset_QuantityTakeOff',$,(#2294));
#2318=IFCPROPERTYSINGLEVALUE('Reference',$,IFCLABEL('Viga C-25 - Se\X\E7\X\E3o Retangular 19 X 40'),$);
#2319=IFCPROPERTYSET('05tGSJngJUrWKCGVX_E8K_',#18,'Pset_ReinforcementBarPitchOfBeam',$,(#2318));
#2320=IFCRELDEFINESBYPROPERTIES('1ZKFNhvCjPy0fUy42m_Ufr',#18,$,$,(#2314),#2316);
#2321=IFCRELDEFINESBYPROPERTIES('3E47r6KtD2ex5em4aw3tpV',#18,$,$,(#2314),#2317);
#2322=IFCRELDEFINESBYPROPERTIES('3SOWljKTr1hYdXro3AoN38',#18,$,$,(#2314),#2319);
#2323=IFCPROPERTYSET('3ZOmEh2W5nuDNtgXW97XAk',#18,'Pset_BeamCommon',$,(#180));
#2324=IFCAXIS2PLACEMENT3D(#3,$,$);
#2325=IFCLOCALPLACEMENT(#51,#2324);
#2326=IFCCARTESIANPOINT((-2.2204460492503131E-16,0.));
#2327=IFCAXIS2PLACEMENT2D(#2326,#13);
#2328=IFCRECTANGLEPROFILEDEF(.AREA.,'V16 6034',#2327,0.40000000000000002,4.1500000000000004);
#2329=IFCCARTESIANPOINT((-9.8202461961520093,2.3079490755574508,-0.49999999999954253));
#2330=IFCAXIS2PLACEMENT3D(#2329,#5,#8);
#2331=IFCEXTRUDEDAREASOLID(#2328,#2330,#9,0.14000000000000065);
#2332=IFCSTYLEDITEM(#2331,(#272),$);
#2333=IFCSHAPEREPRESENTATION(#24,'Body','SweptSolid',(#2331));
#2334=IFCPRODUCTDEFINITIONSHAPE($,$,(#2333));
#2335=IFCBEAM('0ekhV2_H95TvLl4hLKomku',#18,'V16',$,'V16 6034:V16 6034',#2325,#2334,'612219');
#2336=IFCBEAMTYPE('0ekhV2_H95TvLl4hLKolLW',#18,'V16 6034:V16 6034',$,$,(#2344),$,'567715',$,.NOTDEFINED.);
#2337=IFCPROPERTYSET('0cc1PMfJZcxapV7SA2ATgi',#18,'Pset_BeamCommon',$,(#179,#180,#1188));
#2338=IFCPROPERTYSET('1fKM2rAJcJCdYIvLOs_7Rg',#18,'Pset_QuantityTakeOff',$,(#1188));
#2339=IFCPROPERTYSINGLEVALUE('Reference',$,IFCLABEL('Viga C-25 - Se\X\E7\X\E3o Retangular 14 X 40'),$);
#2340=IFCPROPERTYSET('3U9pasj1AJ4R6B5n950cb8',#18,'Pset_ReinforcementBarPitchOfBeam',$,(#2339));
#2341=IFCRELDEFINESBYPROPERTIES('2S5obhcu1FOcJbZ$1MIX8S',#18,$,$,(#2335),#2337);
#2342=IFCRELDEFINESBYPROPERTIES('0vzYnBz8df$CBZfsCE7HEl',#18,$,$,(#2335),#2338);
#2343=IFCRELDEFINESBYPROPERTIES('38IfNT_tk1igoRz01wBg73',#18,$,$,(#2335),#2340);
#2344=IFCPROPERTYSET('1vUKuvdSAjUEzieyZu23QQ',#18,'Pset_BeamCommon',$,(#180));
#2345=IFCAXIS2PLACEMENT3D(#3,$,$);
#2346=IFCLOCALPLACEMENT(#51,#2345);
#2347=IFCCARTESIANPOINT((0.,0.));
#2348=IFCAXIS2PLACEMENT2D(#2347,#13);
#2349=IFCRECTANGLEPROFILEDEF(.AREA.,'V16 6001',#2348,0.40000000000000002,2.1799000000000004);
#2350=IFCCARTESIANPOINT((-9.8202461961520093,5.7728990755574507,-0.49999999999954253));
#2351=IFCAXIS2PLACEMENT3D(#2350,#5,#8);
#2352=IFCEXTRUDEDAREASOLID(#2349,#2351,#9,0.14000000000000065);
#2353=IFCSTYLEDITEM(#2352,(#272),$);
#2354=IFCSHAPEREPRESENTATION(#24,'Body','SweptSolid',(#2352));
#2355=IFCPRODUCTDEFINITIONSHAPE($,$,(#2354));
#2356=IFCBEAM('0ekhV2_H95TvLl4hLKomk$',#18,'V16',$,'V16 6001:V16 6001',#2346,#2355,'612220');
#2357=IFCBEAMTYPE('0ekhV2_H95TvLl4hLKolLY',#18,'V16 6001:V16 6001',$,$,(#2365),$,'567713',$,.NOTDEFINED.);
#2358=IFCPROPERTYSET('1XrWcKGs1aAiL_Vwot18cO',#18,'Pset_BeamCommon',$,(#179,#180,#1188));
#2359=IFCPROPERTYSET('2MxE0QyoOeVY1kyEHQi$_7',#18,'Pset_QuantityTakeOff',$,(#1188));
#2360=IFCPROPERTYSINGLEVALUE('Reference',$,IFCLABEL('Viga C-25 - Se\X\E7\X\E3o Retangular 14 X 40'),$);
#2361=IFCPROPERTYSET('3E2spT60fBMspbozXHDN$E',#18,'Pset_ReinforcementBarPitchOfBeam',$,(#2360));
#2362=IFCRELDEFINESBYPROPERTIES('1r5EChQssgF1qslc0Bf2q3',#18,$,$,(#2356),#2358);
#2363=IFCRELDEFINESBYPROPERTIES('3g3jq7dU5NzDHpBQLm4fsr',#18,$,$,(#2356),#2359);
#2364=IFCRELDEFINESBYPROPERTIES('1kfTXw83RtvmvCfq1TkWar',#18,$,$,(#2356),#2361);
#2365=IFCPROPERTYSET('0VwZ3Mpt_YCcPgNEpbm3tZ',#18,'Pset_BeamCommon',$,(#180));
#2366=IFCAXIS2PLACEMENT3D(#3,$,$);
#2367=IFCLOCALPLACEMENT(#51,#2366);
#2368=IFCCARTESIANPOINT((0.,0.));
#2369=IFCAXIS2PLACEMENT2D(#2368,#13);
#2370=IFCRECTANGLEPROFILEDEF(.AREA.,'V16 5968',#2369,0.40000000000000002,3.5381);
#2371=IFCCARTESIANPOINT((-9.8204461961520106,10.763799075557449,-0.49999999999954253));
#2372=IFCAXIS2PLACEMENT3D(#2371,#5,#8);
#2373=IFCEXTRUDEDAREASOLID(#2370,#2372,#9,0.14000000000000065);
#2374=IFCSTYLEDITEM(#2373,(#272),$);
#2375=IFCSHAPEREPRESENTATION(#24,'Body','SweptSolid',(#2373));
#2376=IFCPRODUCTDEFINITIONSHAPE($,$,(#2375));
#2377=IFCBEAM('0ekhV2_H95TvLl4hLKomk_',#18,'V16',$,'V16 5968:V16 5968',#2367,#2376,'612221');
#2378=IFCBEAMTYPE('0ekhV2_H95TvLl4hLKolLS',#18,'V16 5968:V16 5968',$,$,(#2386),$,'567711',$,.NOTDEFINED.);
#2379=IFCPROPERTYSET('0CDoTMQG5fa5f44fIS$633',#18,'Pset_BeamCommon',$,(#179,#180,#1188));
#2380=IFCPROPERTYSET('3s90QVos2KEdtQCTLYZ0bB',#18,'Pset_QuantityTakeOff',$,(#1188));
#2381=IFCPROPERTYSINGLEVALUE('Reference',$,IFCLABEL('Viga C-25 - Se\X\E7\X\E3o Retangular 14 X 40'),$);
#2382=IFCPROPERTYSET('3DOcXQGo9jQggfZYVOKenY',#18,'Pset_ReinforcementBarPitchOfBeam',$,(#2381));
#2383=IFCRELDEFINESBYPROPERTIES('1aKtiNWEoneRusLmCIAF$D',#18,$,$,(#2377),#2379);
#2384=IFCRELDEFINESBYPROPERTIES('1E80wFC$_vBGzK61YcVGpy',#18,$,$,(#2377),#2380);
#2385=IFCRELDEFINESBYPROPERTIES('3$e_jkefVI5MgwVxkxwFYZ',#18,$,$,(#2377),#2382);
#2386=IFCPROPERTYSET('0QWquhtvt1t1oULWN675k7',#18,'Pset_BeamCommon',$,(#180));
#2387=IFCAXIS2PLACEMENT3D(#3,$,$);
#2388=IFCLOCALPLACEMENT(#51,#2387);
#2389=IFCCARTESIANPOINT((0.,0.));
#2390=IFCAXIS2PLACEMENT2D(#2389,#13);
#2391=IFCRECTANGLEPROFILEDEF(.AREA.,'V16 5935',#2390,0.40000000000000002,1.7319000000000004);
#2392=IFCCARTESIANPOINT((-9.8202461961520093,7.7287990755574505,-0.49999999999954253));
#2393=IFCAXIS2PLACEMENT3D(#2392,#5,#8);
#2394=IFCEXTRUDEDAREASOLID(#2391,#2393,#9,0.14000000000000065);
#2395=IFCSTYLEDITEM(#2394,(#272),$);
#2396=IFCSHAPEREPRESENTATION(#24,'Body','SweptSolid',(#2394));
#2397=IFCPRODUCTDEFINITIONSHAPE($,$,(#2396));
#2398=IFCBEAM('0ekhV2_H95TvLl4hLKomkz',#18,'V16',$,'V16 5935:V16 5935',#2388,#2397,'612222');
#2399=IFCBEAMTYPE('0ekhV2_H95TvLl4hLKolLU',#18,'V16 5935:V16 5935',$,$,(#2407),$,'567709',$,.NOTDEFINED.);
#2400=IFCPROPERTYSET('3$hGBMBLpwMteZM79Zu1tP',#18,'Pset_BeamCommon',$,(#179,#180,#1188));
#2401=IFCPROPERTYSET('2dPe4t9U7AKRAfg6Tl3qvJ',#18,'Pset_QuantityTakeOff',$,(#1188));
#2402=IFCPROPERTYSINGLEVALUE('Reference',$,IFCLABEL('Viga C-25 - Se\X\E7\X\E3o Retangular 14 X 40'),$);
#2403=IFCPROPERTYSET('3rgTp8ijgGfZepnXu5$sP7',#18,'Pset_ReinforcementBarPitchOfBeam',$,(#2402));
#2404=IFCRELDEFINESBYPROPERTIES('0ikqNMIQCyB385fSSHUwgT',#18,$,$,(#2398),#2400);
#2405=IFCRELDEFINESBYPROPERTIES('1sECm5aGCLY7cFse68VFZP',#18,$,$,(#2398),#2401);
#2406=IFCRELDEFINESBYPROPERTIES('1EIIODywR4n3jbDsxOABKE',#18,$,$,(#2398),#2403);
#2407=IFCPROPERTYSET('0A_$c8ABp099x2Y1TeD6M7',#18,'Pset_BeamCommon',$,(#180));
#2408=IFCAXIS2PLACEMENT3D(#3,$,$);
#2409=IFCLOCALPLACEMENT(#51,#2408);
#2410=IFCCARTESIANPOINT((-2.7755575615628914E-16,0.));
#2411=IFCAXIS2PLACEMENT2D(#2410,#13);
#2412=IFCRECTANGLEPROFILEDEF(.AREA.,'V15 5902',#2411,0.40000000000000002,1.8798999999999997);
#2413=IFCCARTESIANPOINT((-9.8202461961520093,-5.447100924442549,-0.49999999999954253));
#2414=IFCAXIS2PLACEMENT3D(#2413,#5,#8);
#2415=IFCEXTRUDEDAREASOLID(#2412,#2414,#9,0.14000000000000065);
#2416=IFCSTYLEDITEM(#2415,(#272),$);
#2417=IFCSHAPEREPRESENTATION(#24,'Body','SweptSolid',(#2415));
#2418=IFCPRODUCTDEFINITIONSHAPE($,$,(#2417));
#2419=IFCBEAM('0ekhV2_H95TvLl4hLKomky',#18,'V15',$,'V15 5902:V15 5902',#2409,#2418,'612223');
#2420=IFCBEAMTYPE('0ekhV2_H95TvLl4hLKolLO',#18,'V15 5902:V15 5902',$,$,(#2428),$,'567707',$,.NOTDEFINED.);
#2421=IFCPROPERTYSET('0dGMebfcmSCJZPnVGPgHfd',#18,'Pset_BeamCommon',$,(#179,#180,#1188));
#2422=IFCPROPERTYSET('02MpXHdLxQaH2i34hEP7qp',#18,'Pset_QuantityTakeOff',$,(#1188));
#2423=IFCPROPERTYSINGLEVALUE('Reference',$,IFCLABEL('Viga C-25 - Se\X\E7\X\E3o Retangular 14 X 40'),$);
#2424=IFCPROPERTYSET('2uKFgxBdkM3Ku5IwLnOoBz',#18,'Pset_ReinforcementBarPitchOfBeam',$,(#2423));
#2425=IFCRELDEFINESBYPROPERTIES('2eG_w8yDKY2VfKvlT7n$hQ',#18,$,$,(#2419),#2421);
#2426=IFCRELDEFINESBYPROPERTIES('1l4rC14lPFFmligFm178Eq',#18,$,$,(#2419),#2422);
#2427=IFCRELDEFINESBYPROPERTIES('3B90jJIsX4Ka_v9CQ2j38r',#18,$,$,(#2419),#2424);
#2428=IFCPROPERTYSET('00QtFXhS9b5NQAKZttT_5P',#18,'Pset_BeamCommon',$,(#180));
#2429=IFCAXIS2PLACEMENT3D(#3,$,$);
#2430=IFCLOCALPLACEMENT(#51,#2429);
#2431=IFCCARTESIANPOINT((0.,0.));
#2432=IFCAXIS2PLACEMENT2D(#2431,#13);
#2433=IFCRECTANGLEPROFILEDEF(.AREA.,'V15 5869',#2432,0.40000000000000002,4.1400999999999994);
#2434=IFCCARTESIANPOINT((-9.8202461961520093,-2.1371009244425503,-0.49999999999954253));
#2435=IFCAXIS2PLACEMENT3D(#2434,#5,#8);
#2436=IFCEXTRUDEDAREASOLID(#2433,#2435,#9,0.14000000000000065);
#2437=IFCSTYLEDITEM(#2436,(#272),$);
#2438=IFCSHAPEREPRESENTATION(#24,'Body','SweptSolid',(#2436));
#2439=IFCPRODUCTDEFINITIONSHAPE($,$,(#2438));
#2440=IFCBEAM('0ekhV2_H95TvLl4hLKomj3',#18,'V15',$,'V15 5869:V15 5869',#2430,#2439,'612224');
#2441=IFCBEAMTYPE('0ekhV2_H95TvLl4hLKolLQ',#18,'V15 5869:V15 5869',$,$,(#2449),$,'567705',$,.NOTDEFINED.);
#2442=IFCPROPERTYSET('1wlgWA$YI1682oEvaBiuEY',#18,'Pset_BeamCommon',$,(#179,#180,#1188));
#2443=IFCPROPERTYSET('0EcSsTtlCMc0Pde1jgZW$B',#18,'Pset_QuantityTakeOff',$,(#1188));
#2444=IFCPROPERTYSINGLEVALUE('Reference',$,IFCLABEL('Viga C-25 - Se\X\E7\X\E3o Retangular 14 X 40'),$);
#2445=IFCPROPERTYSET('3hAn76baf7QjpadKSWCn93',#18,'Pset_ReinforcementBarPitchOfBeam',$,(#2444));
#2446=IFCRELDEFINESBYPROPERTIES('0G9C6LOIvCA0oCy9uH3Q9_',#18,$,$,(#2440),#2442);
#2447=IFCRELDEFINESBYPROPERTIES('39q5RI3Df2sJXiVrRzI5DB',#18,$,$,(#2440),#2443);
#2448=IFCRELDEFINESBYPROPERTIES('24boN1b_xIW25IvQXz1RwG',#18,$,$,(#2440),#2445);
#2449=IFCPROPERTYSET('3CxWWIbiRqS$oJNQ4PEqFF',#18,'Pset_BeamCommon',$,(#180));
#2450=IFCAXIS2PLACEMENT3D(#3,$,$);
#2451=IFCLOCALPLACEMENT(#51,#2450);
#2452=IFCCARTESIANPOINT((-5.5511151231257827E-16,0.));
#2453=IFCAXIS2PLACEMENT2D(#2452,#13);
#2454=IFCRECTANGLEPROFILEDEF(.AREA.,'V15 5836',#2453,0.40000000000000002,3.5499999999999998);
#2455=IFCCARTESIANPOINT((-9.8202461961520093,-8.1620509244425499,-0.49999999999954253));
#2456=IFCAXIS2PLACEMENT3D(#2455,#5,#8);
#2457=IFCEXTRUDEDAREASOLID(#2454,#2456,#9,0.14000000000000065);
#2458=IFCSTYLEDITEM(#2457,(#272),$);
#2459=IFCSHAPEREPRESENTATION(#24,'Body','SweptSolid',(#2457));
#2460=IFCPRODUCTDEFINITIONSHAPE($,$,(#2459));
#2461=IFCBEAM('0ekhV2_H95TvLl4hLKomj2',#18,'V15',$,'V15 5836:V15 5836',#2451,#2460,'612225');
#2462=IFCBEAMTYPE('0ekhV2_H95TvLl4hLKolLK',#18,'V15 5836:V15 5836',$,$,(#2470),$,'567703',$,.NOTDEFINED.);
#2463=IFCPROPERTYSET('0JPAdkOu3yvUP3189P3p8O',#18,'Pset_BeamCommon',$,(#179,#180,#1188));
#2464=IFCPROPERTYSET('04K14WOkZTfGjxdvR60wFF',#18,'Pset_QuantityTakeOff',$,(#1188));
#2465=IFCPROPERTYSINGLEVALUE('Reference',$,IFCLABEL('Viga C-25 - Se\X\E7\X\E3o Retangular 14 X 40'),$);
#2466=IFCPROPERTYSET('07m7VaUVyjMkQauXNPjhcf',#18,'Pset_ReinforcementBarPitchOfBeam',$,(#2465));
#2467=IFCRELDEFINESBYPROPERTIES('0ddv0iJBcGGja2MaBKJAcg',#18,$,$,(#2461),#2463);
#2468=IFCRELDEFINESBYPROPERTIES('1Tz61jen7KqY7nCQPxAUv1',#18,$,$,(#2461),#2464);
#2469=IFCRELDEFINESBYPROPERTIES('2e_npfEWmVdrZA6C$VjPHS',#18,$,$,(#2461),#2466);
#2470=IFCPROPERTYSET('2xAX2Q0ts$RsVz7366M_zk',#18,'Pset_BeamCommon',$,(#180));
#2471=IFCAXIS2PLACEMENT3D(#3,$,$);
#2472=IFCLOCALPLACEMENT(#51,#2471);
#2473=IFCCARTESIANPOINT((0.,0.));
#2474=IFCAXIS2PLACEMENT2D(#2473,#13);
#2475=IFCRECTANGLEPROFILEDEF(.AREA.,'V14 5803',#2474,0.40000000000000002,1.6418999999999992);
#2476=IFCCARTESIANPOINT((-13.224146196152009,11.91199907555745,-0.49999999999954253));
#2477=IFCAXIS2PLACEMENT3D(#2476,#5,#8);
#2478=IFCEXTRUDEDAREASOLID(#2475,#2477,#9,0.13999999999999849);
#2479=IFCSTYLEDITEM(#2478,(#272),$);
#2480=IFCSHAPEREPRESENTATION(#24,'Body','SweptSolid',(#2478));
#2481=IFCPRODUCTDEFINITIONSHAPE($,$,(#2480));
#2482=IFCBEAM('0ekhV2_H95TvLl4hLKomj1',#18,'V14',$,'V14 5803:V14 5803',#2472,#2481,'612226');
#2483=IFCBEAMTYPE('0ekhV2_H95TvLl4hLKolLM',#18,'V14 5803:V14 5803',$,$,(#2491),$,'567701',$,.NOTDEFINED.);
#2484=IFCPROPERTYSET('0TigfCXBuRHzya2LliTu1a',#18,'Pset_BeamCommon',$,(#179,#180,#1188));
#2485=IFCPROPERTYSET('2Ez27SxyAmexZQOUQK_bz0',#18,'Pset_QuantityTakeOff',$,(#1188));
#2486=IFCPROPERTYSINGLEVALUE('Reference',$,IFCLABEL('Viga C-25 - Se\X\E7\X\E3o Retangular 14 X 40'),$);
#2487=IFCPROPERTYSET('3zCm0Z97cUacwmY2wGKy_W',#18,'Pset_ReinforcementBarPitchOfBeam',$,(#2486));
#2488=IFCRELDEFINESBYPROPERTIES('2XZP980vVCZJH3gd7fvUWu',#18,$,$,(#2482),#2484);
#2489=IFCRELDEFINESBYPROPERTIES('2pyint9RBH1nrncQq0wNBf',#18,$,$,(#2482),#2485);
#2490=IFCRELDEFINESBYPROPERTIES('3TE2qntiyknIvJIKVG44Fu',#18,$,$,(#2482),#2487);
#2491=IFCPROPERTYSET('2temTqs3I$cMkQ9xH_Lxrw',#18,'Pset_BeamCommon',$,(#180));
#2492=IFCAXIS2PLACEMENT3D(#3,$,$);
#2493=IFCLOCALPLACEMENT(#51,#2492);
#2494=IFCCARTESIANPOINT((-2.7755575615628914E-16,0.));
#2495=IFCAXIS2PLACEMENT2D(#2494,#13);
#2496=IFCRECTANGLEPROFILEDEF(.AREA.,'V13 5770',#2495,0.40000000000000002,1.6798999999999999);
#2497=IFCCARTESIANPOINT((-14.420246196152009,-5.3471009244425503,-0.49999999999954253));
#2498=IFCAXIS2PLACEMENT3D(#2497,#5,#8);
#2499=IFCEXTRUDEDAREASOLID(#2496,#2498,#9,0.13999999999999849);
#2500=IFCSTYLEDITEM(#2499,(#272),$);
#2501=IFCSHAPEREPRESENTATION(#24,'Body','SweptSolid',(#2499));
#2502=IFCPRODUCTDEFINITIONSHAPE($,$,(#2501));
#2503=IFCBEAM('0ekhV2_H95TvLl4hLKomj0',#18,'V13',$,'V13 5770:V13 5770',#2493,#2502,'612227');
#2504=IFCBEAMTYPE('0ekhV2_H95TvLl4hLKolLG',#18,'V13 5770:V13 5770',$,$,(#2512),$,'567699',$,.NOTDEFINED.);
#2505=IFCPROPERTYSET('1tpscJyNDky9IZcUw3uIbz',#18,'Pset_BeamCommon',$,(#179,#180,#1188));
#2506=IFCPROPERTYSET('1VISh2HjkGVfPY3Y37Gvjk',#18,'Pset_QuantityTakeOff',$,(#1188));
#2507=IFCPROPERTYSINGLEVALUE('Reference',$,IFCLABEL('Viga C-25 - Se\X\E7\X\E3o Retangular 14 X 40'),$);
#2508=IFCPROPERTYSET('2STYKt8K8S_AvTRNC7LFJr',#18,'Pset_ReinforcementBarPitchOfBeam',$,(#2507));
#2509=IFCRELDEFINESBYPROPERTIES('2Lr7EIdSBse_0srcWn$F9Z',#18,$,$,(#2503),#2505);
#2510=IFCRELDEFINESBYPROPERTIES('2nn$wtaQPUhfqB9TjNAd_S',#18,$,$,(#2503),#2506);
#2511=IFCRELDEFINESBYPROPERTIES('0aGmB2MFgVZ2yrsL26NIDi',#18,$,$,(#2503),#2508);
#2512=IFCPROPERTYSET('2oxXRYy9BhUXK4dQWYqWTY',#18,'Pset_BeamCommon',$,(#180));
#2513=IFCAXIS2PLACEMENT3D(#3,$,$);
#2514=IFCLOCALPLACEMENT(#51,#2513);
#2515=IFCCARTESIANPOINT((1.1102230246251565E-16,0.));
#2516=IFCAXIS2PLACEMENT2D(#2515,#13);
#2517=IFCRECTANGLEPROFILEDEF(.AREA.,'V13 5737',#2516,0.40000000000000002,3.5800999999999998);
#2518=IFCCARTESIANPOINT((-14.420246196152009,-2.4171009244425492,-0.49999999999954253));
#2519=IFCAXIS2PLACEMENT3D(#2518,#5,#8);
#2520=IFCEXTRUDEDAREASOLID(#2517,#2519,#9,0.13999999999999849);
#2521=IFCSTYLEDITEM(#2520,(#272),$);
#2522=IFCSHAPEREPRESENTATION(#24,'Body','SweptSolid',(#2520));
#2523=IFCPRODUCTDEFINITIONSHAPE($,$,(#2522));
#2524=IFCBEAM('0ekhV2_H95TvLl4hLKomj7',#18,'V13',$,'V13 5737:V13 5737',#2514,#2523,'612228');
#2525=IFCPROPERTYSET('2ZVOM389pHSt2AF3j8WHeb',#18,'Pset_BeamCommon',$,(#179,#180,#1188));
#2526=IFCPROPERTYSET('2NsqfGTD3S4z_m_lv5LVHE',#18,'Pset_QuantityTakeOff',$,(#1188));
#2527=IFCPROPERTYSINGLEVALUE('Reference',$,IFCLABEL('Viga C-25 - Se\X\E7\X\E3o Retangular 14 X 40'),$);
#2528=IFCPROPERTYSET('2WbN_027eVtqNnpT770e9y',#18,'Pset_ReinforcementBarPitchOfBeam',$,(#2527));
#2529=IFCRELDEFINESBYPROPERTIES('0aAO6OO2rll1UJmCHghB2G',#18,$,$,(#2524),#2525);
#2530=IFCRELDEFINESBYPROPERTIES('1W8WkYIhrIlCRote$PEBSU',#18,$,$,(#2524),#2526);
#2531=IFCRELDEFINESBYPROPERTIES('1ZoA$bTfOnYZNrKXXN7eR7',#18,$,$,(#2524),#2528);
#2532=IFCAXIS2PLACEMENT3D(#3,$,$);
#2533=IFCLOCALPLACEMENT(#51,#2532);
#2534=IFCCARTESIANPOINT((0.,0.));
#2535=IFCAXIS2PLACEMENT2D(#2534,#13);
#2536=IFCRECTANGLEPROFILEDEF(.AREA.,'V13 5704',#2535,0.40000000000000002,4.5100000000000007);
#2537=IFCCARTESIANPOINT((-14.420246196152009,2.0279490755574496,-0.49999999999954253));
#2538=IFCAXIS2PLACEMENT3D(#2537,#5,#8);
#2539=IFCEXTRUDEDAREASOLID(#2536,#2538,#9,0.13999999999999849);
#2540=IFCSTYLEDITEM(#2539,(#272),$);
#2541=IFCSHAPEREPRESENTATION(#24,'Body','SweptSolid',(#2539));
#2542=IFCPRODUCTDEFINITIONSHAPE($,$,(#2541));
#2543=IFCBEAM('0ekhV2_H95TvLl4hLKomj6',#18,'V13',$,'V13 5704:V13 5704',#2533,#2542,'612229');
#2544=IFCBEAMTYPE('0ekhV2_H95TvLl4hLKolLC',#18,'V13 5704:V13 5704',$,$,(#2552),$,'567695',$,.NOTDEFINED.);
#2545=IFCPROPERTYSET('34ScR53ZjKaaKRjuYm6oG2',#18,'Pset_BeamCommon',$,(#179,#180,#1188));
#2546=IFCPROPERTYSET('1aOPg5u69ZFf83jlCDnXPy',#18,'Pset_QuantityTakeOff',$,(#1188));
#2547=IFCPROPERTYSINGLEVALUE('Reference',$,IFCLABEL('Viga C-25 - Se\X\E7\X\E3o Retangular 14 X 40'),$);
#2548=IFCPROPERTYSET('1HxP_InJrucDBBKsGaClq$',#18,'Pset_ReinforcementBarPitchOfBeam',$,(#2547));
#2549=IFCRELDEFINESBYPROPERTIES('1xNovgOxqLo4ZVYjVcgQ2I',#18,$,$,(#2543),#2545);
#2550=IFCRELDEFINESBYPROPERTIES('1frajiOFf8FI$oRT2GVc4o',#18,$,$,(#2543),#2546);
#2551=IFCRELDEFINESBYPROPERTIES('1bem0yg42LOGSlVirgSD78',#18,$,$,(#2543),#2548);
#2552=IFCPROPERTYSET('1Y0kzxJhuDDp$uC3f1RVkI',#18,'Pset_BeamCommon',$,(#180));
#2553=IFCAXIS2PLACEMENT3D(#3,$,$);
#2554=IFCLOCALPLACEMENT(#51,#2553);
#2555=IFCCARTESIANPOINT((0.,0.));
#2556=IFCAXIS2PLACEMENT2D(#2555,#13);
#2557=IFCRECTANGLEPROFILEDEF(.AREA.,'V13 5671',#2556,0.40000000000000002,1.8500000000000001);
#2558=IFCCARTESIANPOINT((-14.420246196152009,5.6079490755574497,-0.49999999999954253));
#2559=IFCAXIS2PLACEMENT3D(#2558,#5,#8);
#2560=IFCEXTRUDEDAREASOLID(#2557,#2559,#9,0.13999999999999849);
#2561=IFCSTYLEDITEM(#2560,(#272),$);
#2562=IFCSHAPEREPRESENTATION(#24,'Body','SweptSolid',(#2560));
#2563=IFCPRODUCTDEFINITIONSHAPE($,$,(#2562));
#2564=IFCBEAM('0ekhV2_H95TvLl4hLKomj5',#18,'V13',$,'V13 5671:V13 5671',#2554,#2563,'612230');
#2565=IFCPROPERTYSET('1Z$QkvUM$zm5JH$7KyLvla',#18,'Pset_BeamCommon',$,(#179,#180,#1188));
#2566=IFCPROPERTYSET('2Cv3WQzQYEnifWhmVIJozd',#18,'Pset_QuantityTakeOff',$,(#1188));
#2567=IFCPROPERTYSINGLEVALUE('Reference',$,IFCLABEL('Viga C-25 - Se\X\E7\X\E3o Retangular 14 X 40'),$);
#2568=IFCPROPERTYSET('1Z_wcbgoK4sIkXmi7Ei2Yf',#18,'Pset_ReinforcementBarPitchOfBeam',$,(#2567));
#2569=IFCRELDEFINESBYPROPERTIES('0vK5a1uCORw1oUrTWZRcH8',#18,$,$,(#2564),#2565);
#2570=IFCRELDEFINESBYPROPERTIES('2Aq$cY4vOH2bT5pt6iNX7V',#18,$,$,(#2564),#2566);
#2571=IFCRELDEFINESBYPROPERTIES('2fakrTPiBWzlewbx5v77CT',#18,$,$,(#2564),#2568);
#2572=IFCAXIS2PLACEMENT3D(#3,$,$);
#2573=IFCLOCALPLACEMENT(#51,#2572);
#2574=IFCCARTESIANPOINT((-5.5511151231257827E-16,0.));
#2575=IFCAXIS2PLACEMENT2D(#2574,#13);
#2576=IFCRECTANGLEPROFILEDEF(.AREA.,'V12 5638',#2575,0.60000000000000009,3.8199999999999994);
#2577=IFCCARTESIANPOINT((-14.20024619615201,-8.0970509244425468,-0.59999999999954257));
#2578=IFCAXIS2PLACEMENT3D(#2577,#5,#8);
#2579=IFCEXTRUDEDAREASOLID(#2576,#2578,#9,0.13999999999999849);
#2580=IFCSTYLEDITEM(#2579,(#272),$);
#2581=IFCSHAPEREPRESENTATION(#24,'Body','SweptSolid',(#2579));
#2582=IFCPRODUCTDEFINITIONSHAPE($,$,(#2581));
#2583=IFCBEAM('0ekhV2_H95TvLl4hLKomj4',#18,'V12',$,'V12 5638:V12 5638',#2573,#2582,'612231');
#2584=IFCBEAMTYPE('0ekhV2_H95TvLl4hLKolL8',#18,'V12 5638:V12 5638',$,$,(#2592),$,'567691',$,.NOTDEFINED.);
#2585=IFCPROPERTYSET('1h_rrw1JAAa0uMeUQlAm2a',#18,'Pset_BeamCommon',$,(#179,#180,#2042));
#2586=IFCPROPERTYSET('0OZXC7yAOKMuHdNswtoNka',#18,'Pset_QuantityTakeOff',$,(#2042));
#2587=IFCPROPERTYSINGLEVALUE('Reference',$,IFCLABEL('Viga C-25 - Se\X\E7\X\E3o Retangular 14 X 60'),$);
#2588=IFCPROPERTYSET('3pDy9YNy4q_y0M6qZmxd57',#18,'Pset_ReinforcementBarPitchOfBeam',$,(#2587));
#2589=IFCRELDEFINESBYPROPERTIES('3LeuHWnva1LMi80JlbY1BC',#18,$,$,(#2583),#2585);
#2590=IFCRELDEFINESBYPROPERTIES('0n4xIkv_YPVKtYJ3XlWRLy',#18,$,$,(#2583),#2586);
#2591=IFCRELDEFINESBYPROPERTIES('0eMg7EPDY$NHux1VwPG7RV',#18,$,$,(#2583),#2588);
#2592=IFCPROPERTYSET('0UwCJwtpIquLHd89fpjmCn',#18,'Pset_BeamCommon',$,(#180));
#2593=IFCAXIS2PLACEMENT3D(#3,$,$);
#2594=IFCLOCALPLACEMENT(#51,#2593);
#2595=IFCCARTESIANPOINT((0.,0.));
#2596=IFCAXIS2PLACEMENT2D(#2595,#13);
#2597=IFCRECTANGLEPROFILEDEF(.AREA.,'V11 5605',#2596,0.40000000000000002,3.8999000000000006);
#2598=IFCCARTESIANPOINT((-15.220146196152008,8.8828990755574502,-0.49999999999954253));
#2599=IFCAXIS2PLACEMENT3D(#2598,#5,#8);
#2600=IFCEXTRUDEDAREASOLID(#2597,#2599,#9,0.13999999999999849);
#2601=IFCSTYLEDITEM(#2600,(#272),$);
#2602=IFCSHAPEREPRESENTATION(#24,'Body','SweptSolid',(#2600));
#2603=IFCPRODUCTDEFINITIONSHAPE($,$,(#2602));
#2604=IFCBEAM('0ekhV2_H95TvLl4hLKomjB',#18,'V11',$,'V11 5605:V11 5605',#2594,#2603,'612232');
#2605=IFCBEAMTYPE('0ekhV2_H95TvLl4hLKolLA',#18,'V11 5605:V11 5605',$,$,(#2613),$,'567689',$,.NOTDEFINED.);
#2606=IFCPROPERTYSET('1LzFnKIpKZx49mnuNF1_ix',#18,'Pset_BeamCommon',$,(#179,#180,#1188));
#2607=IFCPROPERTYSET('0esIQ3byuL7B8XMLtebzt4',#18,'Pset_QuantityTakeOff',$,(#1188));
#2608=IFCPROPERTYSINGLEVALUE('Reference',$,IFCLABEL('Viga C-25 - Se\X\E7\X\E3o Retangular 14 X 40'),$);
#2609=IFCPROPERTYSET('0HlwFkBwhfgbK3o$dJAySh',#18,'Pset_ReinforcementBarPitchOfBeam',$,(#2608));
#2610=IFCRELDEFINESBYPROPERTIES('2F27jeg2zohkVCJRNQgzZs',#18,$,$,(#2604),#2606);
#2611=IFCRELDEFINESBYPROPERTIES('0AS42OiCXew2taH64axzRt',#18,$,$,(#2604),#2607);
#2612=IFCRELDEFINESBYPROPERTIES('1WkidD_S0xh9X7cKAqsPp_',#18,$,$,(#2604),#2609);
#2613=IFCPROPERTYSET('02IDEPjwuNI7ndT4XqeAB6',#18,'Pset_BeamCommon',$,(#180));
#2614=IFCAXIS2PLACEMENT3D(#3,$,$);
#2615=IFCLOCALPLACEMENT(#51,#2614);
#2616=IFCCARTESIANPOINT((0.,0.));
#2617=IFCAXIS2PLACEMENT2D(#2616,#13);
#2618=IFCRECTANGLEPROFILEDEF(.AREA.,'V10 5572',#2617,0.40000000000000002,3.0800000000000001);
#2619=IFCCARTESIANPOINT((-15.81974619615201,-8.127050924442548,-0.49999999999954253));
#2620=IFCAXIS2PLACEMENT3D(#2619,#5,#8);
#2621=IFCEXTRUDEDAREASOLID(#2618,#2620,#9,0.13999999999999849);
#2622=IFCSTYLEDITEM(#2621,(#272),$);
#2623=IFCSHAPEREPRESENTATION(#24,'Body','SweptSolid',(#2621));
#2624=IFCPRODUCTDEFINITIONSHAPE($,$,(#2623));
#2625=IFCBEAM('0ekhV2_H95TvLl4hLKomjA',#18,'V10',$,'V10 5572:V10 5572',#2615,#2624,'612233');
#2626=IFCPROPERTYSET('3JBdf8uxf6twUPTxAHTbfg',#18,'Pset_BeamCommon',$,(#179,#180,#1188));
#2627=IFCPROPERTYSET('2CTR8bpHYERT89zIj_IgWI',#18,'Pset_QuantityTakeOff',$,(#1188));
#2628=IFCPROPERTYSINGLEVALUE('Reference',$,IFCLABEL('Viga C-25 - Se\X\E7\X\E3o Retangular 14 X 40'),$);
#2629=IFCPROPERTYSET('3LkgQRgzTyRLGQt_uW3$vE',#18,'Pset_ReinforcementBarPitchOfBeam',$,(#2628));
#2630=IFCRELDEFINESBYPROPERTIES('1YitPgxwtcRSnm1qriFMWE',#18,$,$,(#2625),#2626);
#2631=IFCRELDEFINESBYPROPERTIES('1cJ3OPEiSLZMgg6pUfE7M8',#18,$,$,(#2625),#2627);
#2632=IFCRELDEFINESBYPROPERTIES('37N3KZ809f8FVVP30M1CSR',#18,$,$,(#2625),#2629);
#2633=IFCAXIS2PLACEMENT3D(#3,$,$);
#2634=IFCLOCALPLACEMENT(#51,#2633);
#2635=IFCCARTESIANPOINT((0.,0.));
#2636=IFCAXIS2PLACEMENT2D(#2635,#13);
#2637=IFCRECTANGLEPROFILEDEF(.AREA.,'V10 5539',#2636,0.40000000000000002,1.4199999999999999);
#2638=IFCCARTESIANPOINT((-15.81974619615201,-5.8770509244425506,-0.49999999999954253));
#2639=IFCAXIS2PLACEMENT3D(#2638,#5,#8);
#2640=IFCEXTRUDEDAREASOLID(#2637,#2639,#9,0.13999999999999849);
#2641=IFCSTYLEDITEM(#2640,(#272),$);
#2642=IFCSHAPEREPRESENTATION(#24,'Body','SweptSolid',(#2640));
#2643=IFCPRODUCTDEFINITIONSHAPE($,$,(#2642));
#2644=IFCBEAM('0ekhV2_H95TvLl4hLKomj9',#18,'V10',$,'V10 5539:V10 5539',#2634,#2643,'612234');
#2645=IFCBEAMTYPE('0ekhV2_H95TvLl4hLKolL6',#18,'V10 5539:V10 5539',$,$,(#2653),$,'567685',$,.NOTDEFINED.);
#2646=IFCPROPERTYSET('053_aG8XpzG1God4XS7C4R',#18,'Pset_BeamCommon',$,(#179,#180,#1188));
#2647=IFCPROPERTYSET('0$SPLzpysoU_C9MzRQkiNP',#18,'Pset_QuantityTakeOff',$,(#1188));
#2648=IFCPROPERTYSINGLEVALUE('Reference',$,IFCLABEL('Viga C-25 - Se\X\E7\X\E3o Retangular 14 X 40'),$);
#2649=IFCPROPERTYSET('0u6s6UcvytoLuq6sVH$e3D',#18,'Pset_ReinforcementBarPitchOfBeam',$,(#2648));
#2650=IFCRELDEFINESBYPROPERTIES('22DUfftqhfNyX$QeHnT7M9',#18,$,$,(#2644),#2646);
#2651=IFCRELDEFINESBYPROPERTIES('0oKEXbTJ$z0x_QzekzzK27',#18,$,$,(#2644),#2647);
#2652=IFCRELDEFINESBYPROPERTIES('3VC9qWV6O7X9dGJMObk8q9',#18,$,$,(#2644),#2649);
#2653=IFCPROPERTYSET('2aaEtB9TPlronXUg2lD6xp',#18,'Pset_BeamCommon',$,(#180));
#2654=IFCAXIS2PLACEMENT3D(#3,$,$);
#2655=IFCLOCALPLACEMENT(#51,#2654);
#2656=IFCCARTESIANPOINT((0.,1.0824674490095276E-15));
#2657=IFCAXIS2PLACEMENT2D(#2656,#11);
#2658=IFCRECTANGLEPROFILEDEF(.AREA.,'V1 5506',#2657,0.40000000000000002,0.14000000000000065);
#2659=IFCCARTESIANPOINT((-13.049146196152009,12.862849075557451,-0.49999999999954253));
#2660=IFCAXIS2PLACEMENT3D(#2659,#5,#10);
#2661=IFCEXTRUDEDAREASOLID(#2658,#2660,#9,3.2286999999999981);
#2662=IFCSTYLEDITEM(#2661,(#272),$);
#2663=IFCSHAPEREPRESENTATION(#24,'Body','SweptSolid',(#2661));
#2664=IFCPRODUCTDEFINITIONSHAPE($,$,(#2663));
#2665=IFCBEAM('0ekhV2_H95TvLl4hLKomj8',#18,'V1',$,'V1 5506:V1 5506',#2655,#2664,'612235');
#2666=IFCBEAMTYPE('0ekhV2_H95TvLl4hLKolL0',#18,'V1 5506:V1 5506',$,$,(#2674),$,'567683',$,.NOTDEFINED.);
#2667=IFCPROPERTYSET('1D7G_ejobZerwdASANN2dV',#18,'Pset_BeamCommon',$,(#179,#180,#1188));
#2668=IFCPROPERTYSET('2utWMYKbMt5CSsms$B1Xa7',#18,'Pset_QuantityTakeOff',$,(#1188));
#2669=IFCPROPERTYSINGLEVALUE('Reference',$,IFCLABEL('Viga C-25 - Se\X\E7\X\E3o Retangular 14 X 40'),$);
#2670=IFCPROPERTYSET('0916YrgeCsu8Hd$GLgwX1l',#18,'Pset_ReinforcementBarPitchOfBeam',$,(#2669));
#2671=IFCRELDEFINESBYPROPERTIES('10EPK3wjs$yVxvjqD3VDH7',#18,$,$,(#2665),#2667);
#2672=IFCRELDEFINESBYPROPERTIES('2P54$hpZ1c0SGCFZJ3RY_f',#18,$,$,(#2665),#2668);
#2673=IFCRELDEFINESBYPROPERTIES('2DVKQZV20yFprRhFK6yzpM',#18,$,$,(#2665),#2670);
#2674=IFCPROPERTYSET('3sNW5goqCGO$36FvmsF5T9',#18,'Pset_BeamCommon',$,(#180));
#2675=IFCAXIS2PLACEMENT3D(#3,$,$);
#2677=IFCCARTESIANPOINT((0.,0.));
#2678=IFCAXIS2PLACEMENT2D(#2677,#11);
#2679=IFCRECTANGLEPROFILEDEF(.AREA.,'P13 3168',#2678,0.30000000000000004,0.14000000000000001);
#2680=IFCCARTESIANPOINT((0.,0.,0.45000000000045681));
#2681=IFCAXIS2PLACEMENT3D(#2680,#9,#8);
#2682=IFCEXTRUDEDAREASOLID(#2679,#2681,#9,0.29999999999999993);
#2683=IFCSTYLEDITEM(#2682,(#159),$);
#2684=IFCSHAPEREPRESENTATION(#24,'Body','SweptSolid',(#2682));
#2685=IFCAXIS2PLACEMENT3D(#3,$,$);
#2686=IFCREPRESENTATIONMAP(#2685,#2684);
#2687=IFCCOLUMNTYPE('0ekhV2_H95TvLl4hLKomJS',#18,'P13 3168:P13 3168',$,$,(#2702),(#2686),'567677',$,.COLUMN.);
#2688=IFCMAPPEDITEM(#2686,#170);
#2689=IFCSHAPEREPRESENTATION(#24,'Body','MappedRepresentation',(#2688));
#2690=IFCPRODUCTDEFINITIONSHAPE($,$,(#2689));
#2691=IFCCARTESIANPOINT((-9.750246196152009,0.082949075557449875,0.10000000000014102));
#2692=IFCAXIS2PLACEMENT3D(#2691,$,$);
#2693=IFCLOCALPLACEMENT(#35,#2692);
#2694=IFCCOLUMN('0ekhV2_H95TvLl4hLKomjE',#18,'P9',$,'P13 3168:P13 3168',#2693,#2690,'612237');
#2695=IFCPROPERTYSET('0ujuJzOSQfVoINaItVokol',#18,'Pset_ColumnCommon',$,(#178,#179,#180));
#2696=IFCPROPERTYSET('0YtumN0iqH3AipITrgaITo',#18,'Pset_QuantityTakeOff',$,(#178));
#2697=IFCPROPERTYSINGLEVALUE('Reference',$,IFCLABEL('Pilar C-25 - Retangular 14x30'),$);
#2698=IFCPROPERTYSET('0CsNaz0gXdTKI2kBGD80Cr',#18,'Pset_ReinforcementBarPitchOfColumn',$,(#2697));
#2699=IFCRELDEFINESBYPROPERTIES('3AxN8OKr9_CeSLS52JDi30',#18,$,$,(#2694),#2695);
#2700=IFCRELDEFINESBYPROPERTIES('2BA6$qzSpRqoPKe$yVydac',#18,$,$,(#2694),#2696);
#2701=IFCRELDEFINESBYPROPERTIES('1yRM7oNR632m7K7uNI1LG1',#18,$,$,(#2694),#2698);
#2702=IFCPROPERTYSET('25AITIBxPE1Ff9AJpYsMWp',#18,'Pset_ColumnCommon',$,(#180));
#2703=IFCMAPPEDITEM(#2686,#170);
#2704=IFCSHAPEREPRESENTATION(#24,'Body','MappedRepresentation',(#2703));
#2705=IFCPRODUCTDEFINITIONSHAPE($,$,(#2704));
#2706=IFCCARTESIANPOINT((-9.750246196152009,4.5329490755574495,0.10000000000014102));
#2707=IFCAXIS2PLACEMENT3D(#2706,$,$);
#2708=IFCLOCALPLACEMENT(#35,#2707);
#2709=IFCCOLUMN('0ekhV2_H95TvLl4hLKomjD',#18,'P8',$,'P13 3168:P13 3168',#2708,#2705,'612238');
#2710=IFCPROPERTYSET('2bH_YnWR_74bwhP$wp3Ow8',#18,'Pset_ColumnCommon',$,(#178,#179,#180));
#2711=IFCPROPERTYSET('2xaFXyIjQn74hJBX7n7uBz',#18,'Pset_QuantityTakeOff',$,(#178));
#2712=IFCPROPERTYSINGLEVALUE('Reference',$,IFCLABEL('Pilar C-25 - Retangular 14x30'),$);
#2713=IFCPROPERTYSET('0pglqKoqsJtSJXIubZP9H$',#18,'Pset_ReinforcementBarPitchOfColumn',$,(#2712));
#2714=IFCRELDEFINESBYPROPERTIES('2alC$m58zzi5SwwXpFimZr',#18,$,$,(#2709),#2710);
#2715=IFCRELDEFINESBYPROPERTIES('0ac_r0hBCf5P$$xJFUNH28',#18,$,$,(#2709),#2711);
#2716=IFCRELDEFINESBYPROPERTIES('0mRcXyFQAYRrLP1YBZmNsY',#18,$,$,(#2709),#2713);
#2717=IFCAXIS2PLACEMENT3D(#3,$,$);
#2719=IFCCARTESIANPOINT((0.,0.));
#2720=IFCAXIS2PLACEMENT2D(#2719,#11);
#2721=IFCRECTANGLEPROFILEDEF(.AREA.,'P11 3106',#2720,0.40000000000000002,0.14000000000000001);
#2722=IFCCARTESIANPOINT((0.,0.,0.45000000000045681));
#2723=IFCAXIS2PLACEMENT3D(#2722,#9,#8);
#2724=IFCEXTRUDEDAREASOLID(#2721,#2723,#9,0.29999999999999993);
#2725=IFCSTYLEDITEM(#2724,(#159),$);
#2726=IFCSHAPEREPRESENTATION(#24,'Body','SweptSolid',(#2724));
#2727=IFCAXIS2PLACEMENT3D(#3,$,$);
#2728=IFCREPRESENTATIONMAP(#2727,#2726);
#2729=IFCCOLUMNTYPE('0ekhV2_H95TvLl4hLKomJZ',#18,'P11 3106:P11 3106',$,$,(#2744),(#2728),'567673',$,.COLUMN.);
#2730=IFCMAPPEDITEM(#2728,#170);
#2731=IFCSHAPEREPRESENTATION(#24,'Body','MappedRepresentation',(#2730));
#2732=IFCPRODUCTDEFINITIONSHAPE($,$,(#2731));
#2733=IFCCARTESIANPOINT((-14.350246196152009,4.4829490755574506,0.10000000000014102));
#2734=IFCAXIS2PLACEMENT3D(#2733,$,$);
#2735=IFCLOCALPLACEMENT(#35,#2734);
#2736=IFCCOLUMN('0ekhV2_H95TvLl4hLKomjC',#18,'P7',$,'P11 3106:P11 3106',#2735,#2732,'612239');
#2737=IFCPROPERTYSET('0UoU42Mv_6T8hMDjLMPnyL',#18,'Pset_ColumnCommon',$,(#179,#180,#223));
#2738=IFCPROPERTYSET('3Eq5ObZAXTwcW$5ROotGNs',#18,'Pset_QuantityTakeOff',$,(#223));
#2739=IFCPROPERTYSINGLEVALUE('Reference',$,IFCLABEL('Pilar C-25 - Retangular 14x40'),$);
#2740=IFCPROPERTYSET('2f4eJQEU4o40BYp$egTs9w',#18,'Pset_ReinforcementBarPitchOfColumn',$,(#2739));
#2741=IFCRELDEFINESBYPROPERTIES('3aMORakLh$0eEdP5mt71DL',#18,$,$,(#2736),#2737);
#2742=IFCRELDEFINESBYPROPERTIES('0O5fYMEaVhHallTXANd545',#18,$,$,(#2736),#2738);
#2743=IFCRELDEFINESBYPROPERTIES('0nYxIcXWkZ5QdYDsyXAxOz',#18,$,$,(#2736),#2740);
#2744=IFCPROPERTYSET('3N9xG44faI5vVXsslQhl3a',#18,'Pset_ColumnCommon',$,(#180));
#2745=IFCMAPPEDITEM(#2728,#170);
#2746=IFCSHAPEREPRESENTATION(#24,'Body','MappedRepresentation',(#2745));
#2747=IFCPRODUCTDEFINITIONSHAPE($,$,(#2746));
#2748=IFCCARTESIANPOINT((-14.350246196152009,6.7329490755574497,0.10000000000014102));
#2749=IFCAXIS2PLACEMENT3D(#2748,$,$);
#2750=IFCLOCALPLACEMENT(#35,#2749);
#2751=IFCCOLUMN('0ekhV2_H95TvLl4hLKomjJ',#18,'P6',$,'P11 3106:P11 3106',#2750,#2747,'612240');
#2752=IFCPROPERTYSET('1E1TS5WOKLALhEDxu6Yhhc',#18,'Pset_ColumnCommon',$,(#179,#180,#223));
#2753=IFCPROPERTYSET('3G0To0DJDNkRNgMPCK5efz',#18,'Pset_QuantityTakeOff',$,(#223));
#2754=IFCPROPERTYSINGLEVALUE('Reference',$,IFCLABEL('Pilar C-25 - Retangular 14x40'),$);
#2755=IFCPROPERTYSET('3D2VBvt$06MVVF2ELcnKAF',#18,'Pset_ReinforcementBarPitchOfColumn',$,(#2754));
#2756=IFCRELDEFINESBYPROPERTIES('140PeYZn8RgzCivEkBn1Bf',#18,$,$,(#2751),#2752);
#2757=IFCRELDEFINESBYPROPERTIES('248FDg9fu$hIs30om2XF2N',#18,$,$,(#2751),#2753);
#2758=IFCRELDEFINESBYPROPERTIES('1b2Pf5zL6OM0RCJ9MfxumU',#18,$,$,(#2751),#2755);
#2759=IFCAXIS2PLACEMENT3D(#3,$,$);
#2761=IFCCARTESIANPOINT((0.,0.));
#2762=IFCAXIS2PLACEMENT2D(#2761,#11);
#2763=IFCRECTANGLEPROFILEDEF(.AREA.,'P5 3416',#2762,0.20000000000000001,0.20000000000000001);
#2764=IFCCARTESIANPOINT((0.,0.,0.45000000000045681));
#2765=IFCAXIS2PLACEMENT3D(#2764,#9,#8);
#2766=IFCEXTRUDEDAREASOLID(#2763,#2765,#9,0.29999999999999993);
#2767=IFCSTYLEDITEM(#2766,(#159),$);
#2768=IFCSHAPEREPRESENTATION(#24,'Body','SweptSolid',(#2766));
#2769=IFCAXIS2PLACEMENT3D(#3,$,$);
#2770=IFCREPRESENTATIONMAP(#2769,#2768);
#2771=IFCCOLUMNTYPE('0ekhV2_H95TvLl4hLKomJY',#18,'P5 3416:P5 3416',$,$,(#2786),(#2770),'567681',$,.COLUMN.);
#2772=IFCMAPPEDITEM(#2770,#170);
#2773=IFCSHAPEREPRESENTATION(#24,'Body','MappedRepresentation',(#2772));
#2774=IFCPRODUCTDEFINITIONSHAPE($,$,(#2773));
#2775=IFCCARTESIANPOINT((-19.31834619615201,6.8329490755574502,0.10000000000014102));
#2776=IFCAXIS2PLACEMENT3D(#2775,$,$);
#2777=IFCLOCALPLACEMENT(#35,#2776);
#2778=IFCCOLUMN('0ekhV2_H95TvLl4hLKomjI',#18,'P5',$,'P5 3416:P5 3416',#2777,#2774,'612241');
#2779=IFCPROPERTYSET('1CsKKgZDgweQAW3kwACfDO',#18,'Pset_ColumnCommon',$,(#179,#180,#810));
#2780=IFCPROPERTYSET('3xKuFuhjAwTlqnrSliIQVP',#18,'Pset_QuantityTakeOff',$,(#810));
#2781=IFCPROPERTYSINGLEVALUE('Reference',$,IFCLABEL('Pilar C-25 - Retangular 20x20'),$);
#2782=IFCPROPERTYSET('3IHAWrKIgJt389ZkXAnKL8',#18,'Pset_ReinforcementBarPitchOfColumn',$,(#2781));
#2783=IFCRELDEFINESBYPROPERTIES('1L3G5eh3t7kMXpnlbx_OWU',#18,$,$,(#2778),#2779);
#2784=IFCRELDEFINESBYPROPERTIES('3t_yzrjBG5UIdbEu_$Bqh1',#18,$,$,(#2778),#2780);
#2785=IFCRELDEFINESBYPROPERTIES('31UUcazALQAIu54vsLXQVW',#18,$,$,(#2778),#2782);
#2786=IFCPROPERTYSET('0eWcERF8pKcEW2OOEM6FB$',#18,'Pset_ColumnCommon',$,(#180));
#2787=IFCMAPPEDITEM(#2728,#170);
#2788=IFCSHAPEREPRESENTATION(#24,'Body','MappedRepresentation',(#2787));
#2789=IFCPRODUCTDEFINITIONSHAPE($,$,(#2788));
#2790=IFCCARTESIANPOINT((-9.750246196152009,8.7947490755574496,0.10000000000014102));
#2791=IFCAXIS2PLACEMENT3D(#2790,$,$);
#2792=IFCLOCALPLACEMENT(#35,#2791);
#2793=IFCCOLUMN('0ekhV2_H95TvLl4hLKomjH',#18,'P4',$,'P11 3106:P11 3106',#2792,#2789,'612242');
#2794=IFCPROPERTYSET('1cJtAE6bD93fUk7PpDFQqI',#18,'Pset_ColumnCommon',$,(#179,#180,#223));
#2795=IFCPROPERTYSET('1suCYSjcdaArm1mfTaxG1p',#18,'Pset_QuantityTakeOff',$,(#223));
#2796=IFCPROPERTYSINGLEVALUE('Reference',$,IFCLABEL('Pilar C-25 - Retangular 14x40'),$);
#2797=IFCPROPERTYSET('3yaaAmpIK97fqQNurGEFeP',#18,'Pset_ReinforcementBarPitchOfColumn',$,(#2796));
#2798=IFCRELDEFINESBYPROPERTIES('0sQJJmP32NrHasD5sEARtm',#18,$,$,(#2793),#2794);
#2799=IFCRELDEFINESBYPROPERTIES('1K$$L4qbrSvC7AM7RLHdiX',#18,$,$,(#2793),#2795);
#2800=IFCRELDEFINESBYPROPERTIES('1$mDmSS43k3Dtwfim0PNBS',#18,$,$,(#2793),#2797);
#2801=IFCMAPPEDITEM(#2728,#170);
#2802=IFCSHAPEREPRESENTATION(#24,'Body','MappedRepresentation',(#2801));
#2803=IFCPRODUCTDEFINITIONSHAPE($,$,(#2802));
#2804=IFCCARTESIANPOINT((-15.149746196152011,11.032849075557449,0.10000000000014102));
#2805=IFCAXIS2PLACEMENT3D(#2804,$,$);
#2806=IFCLOCALPLACEMENT(#35,#2805);
#2807=IFCCOLUMN('0ekhV2_H95TvLl4hLKomjG',#18,'P3',$,'P11 3106:P11 3106',#2806,#2803,'612243');
#2808=IFCPROPERTYSET('0roa6m$gZJpxG$wnoJ$tZ4',#18,'Pset_ColumnCommon',$,(#179,#180,#223));
#2809=IFCPROPERTYSET('1A3AYRsTX$Bwlgfg35569l',#18,'Pset_QuantityTakeOff',$,(#223));
#2810=IFCPROPERTYSINGLEVALUE('Reference',$,IFCLABEL('Pilar C-25 - Retangular 14x40'),$);
#2811=IFCPROPERTYSET('1ktUw_utpSrCVLOyrhLwvK',#18,'Pset_ReinforcementBarPitchOfColumn',$,(#2810));
#2812=IFCRELDEFINESBYPROPERTIES('1YrY_BrpKCgBtfiE2etC7z',#18,$,$,(#2807),#2808);
#2813=IFCRELDEFINESBYPROPERTIES('3Lx2gR$bNN4QjhJKKOS3zc',#18,$,$,(#2807),#2809);
#2814=IFCRELDEFINESBYPROPERTIES('31L2pSTfnC3siF7MGB4LY3',#18,$,$,(#2807),#2811);
#2815=IFCMAPPEDITEM(#2728,#170);
#2816=IFCSHAPEREPRESENTATION(#24,'Body','MappedRepresentation',(#2815));
#2817=IFCPRODUCTDEFINITIONSHAPE($,$,(#2816));
#2818=IFCCARTESIANPOINT((-9.7504461961520104,12.73284907555745,0.10000000000014102));
#2819=IFCAXIS2PLACEMENT3D(#2818,$,$);
#2820=IFCLOCALPLACEMENT(#35,#2819);
#2821=IFCCOLUMN('0ekhV2_H95TvLl4hLKomjN',#18,'P2',$,'P11 3106:P11 3106',#2820,#2817,'612244');
#2822=IFCPROPERTYSET('2SCxxsorBTCPMs2uxZrKyi',#18,'Pset_ColumnCommon',$,(#179,#180,#223));
#2823=IFCPROPERTYSET('0FUKkS2VvirrYTbcf8ASfj',#18,'Pset_QuantityTakeOff',$,(#223));
#2824=IFCPROPERTYSINGLEVALUE('Reference',$,IFCLABEL('Pilar C-25 - Retangular 14x40'),$);
#2825=IFCPROPERTYSET('2LMgLjsbLmSd8KW7umlnGA',#18,'Pset_ReinforcementBarPitchOfColumn',$,(#2824));
#2826=IFCRELDEFINESBYPROPERTIES('21Om_dzygw0PqAVduiKeC_',#18,$,$,(#2821),#2822);
#2827=IFCRELDEFINESBYPROPERTIES('3MpDetDzs_bn31GG6gDFyT',#18,$,$,(#2821),#2823);
#2828=IFCRELDEFINESBYPROPERTIES('2qSQqHT9WT_e7TSvg$0gPB',#18,$,$,(#2821),#2825);
#2829=IFCAXIS2PLACEMENT3D(#3,$,$);
#2831=IFCCARTESIANPOINT((0.,0.));
#2832=IFCAXIS2PLACEMENT2D(#2831,#11);
#2833=IFCRECTANGLEPROFILEDEF(.AREA.,'P19 3292',#2832,0.40000000000000002,0.14000000000000001);
#2834=IFCCARTESIANPOINT((0.,0.,0.45000000000045681));
#2835=IFCAXIS2PLACEMENT3D(#2834,$,$);
#2836=IFCEXTRUDEDAREASOLID(#2833,#2835,#9,0.29999999999999993);
#2837=IFCSTYLEDITEM(#2836,(#159),$);
#2838=IFCSHAPEREPRESENTATION(#24,'Body','SweptSolid',(#2836));
#2839=IFCAXIS2PLACEMENT3D(#3,$,$);
#2840=IFCREPRESENTATIONMAP(#2839,#2838);
#2841=IFCCOLUMNTYPE('0ekhV2_H95TvLl4hLKomJX',#18,'P19 3292:P19 3292',$,$,(#2856),(#2840),'567679',$,.COLUMN.);
#2842=IFCMAPPEDITEM(#2840,#170);
#2843=IFCSHAPEREPRESENTATION(#24,'Body','MappedRepresentation',(#2842));
#2844=IFCPRODUCTDEFINITIONSHAPE($,$,(#2843));
#2845=IFCCARTESIANPOINT((-15.879746196152009,-9.7370509244425456,0.10000000000014102));
#2846=IFCAXIS2PLACEMENT3D(#2845,$,$);
#2847=IFCLOCALPLACEMENT(#35,#2846);
#2848=IFCCOLUMN('0ekhV2_H95TvLl4hLKomjM',#18,'P19',$,'P19 3292:P19 3292',#2847,#2844,'612245');
#2849=IFCPROPERTYSET('04u_xuchYmzQ1kvD4EbnyF',#18,'Pset_ColumnCommon',$,(#179,#180,#223));
#2850=IFCPROPERTYSET('0dMZFHk1_CKBOiLOrT8X1Y',#18,'Pset_QuantityTakeOff',$,(#223));
#2851=IFCPROPERTYSINGLEVALUE('Reference',$,IFCLABEL('Pilar C-25 - Retangular 14x40'),$);
#2852=IFCPROPERTYSET('0SoJlW48FMekTzmYn9EF9X',#18,'Pset_ReinforcementBarPitchOfColumn',$,(#2851));
#2853=IFCRELDEFINESBYPROPERTIES('0mwoFIzKi09HyUxK9G3Esa',#18,$,$,(#2848),#2849);
#2854=IFCRELDEFINESBYPROPERTIES('0r0St3DJSQ4Z1i5qINgpJP',#18,$,$,(#2848),#2850);
#2855=IFCRELDEFINESBYPROPERTIES('1i3dwycWUzGLwcycXE6N4Y',#18,$,$,(#2848),#2852);
#2856=IFCPROPERTYSET('3CpuvVQ04VS3M6lZxUeFDk',#18,'Pset_ColumnCommon',$,(#180));
#2857=IFCMAPPEDITEM(#2728,#170);
#2858=IFCSHAPEREPRESENTATION(#24,'Body','MappedRepresentation',(#2857));
#2859=IFCPRODUCTDEFINITIONSHAPE($,$,(#2858));
#2860=IFCCARTESIANPOINT((-19.35024619615201,-9.0564509244425491,0.10000000000014102));
#2861=IFCAXIS2PLACEMENT3D(#2860,$,$);
#2862=IFCLOCALPLACEMENT(#35,#2861);
#2863=IFCCOLUMN('0ekhV2_H95TvLl4hLKomjL',#18,'P18',$,'P11 3106:P11 3106',#2862,#2859,'612246');
#2864=IFCPROPERTYSET('3BPZLmPIRcXb$yExQF0Jke',#18,'Pset_ColumnCommon',$,(#179,#180,#223));
#2865=IFCPROPERTYSET('0avdwFQOFlcoaqhU0ze3x8',#18,'Pset_QuantityTakeOff',$,(#223));
#2866=IFCPROPERTYSINGLEVALUE('Reference',$,IFCLABEL('Pilar C-25 - Retangular 14x40'),$);
#2867=IFCPROPERTYSET('3kgu2jn2fWJJz73nDJ89bA',#18,'Pset_ReinforcementBarPitchOfColumn',$,(#2866));
#2868=IFCRELDEFINESBYPROPERTIES('1mGtgl3cQXuS5akmfiuXcf',#18,$,$,(#2863),#2864);
#2869=IFCRELDEFINESBYPROPERTIES('2Xl8UMN$fDXUjmAuSaGCpg',#18,$,$,(#2863),#2865);
#2870=IFCRELDEFINESBYPROPERTIES('3Yc$xLqemRU4mYElGqIZiQ',#18,$,$,(#2863),#2867);
#2871=IFCMAPPEDITEM(#2728,#170);
#2872=IFCSHAPEREPRESENTATION(#24,'Body','MappedRepresentation',(#2871));
#2873=IFCPRODUCTDEFINITIONSHAPE($,$,(#2872));
#2874=IFCCARTESIANPOINT((-14.34974619615201,-6.3870509244425495,0.10000000000014102));
#2875=IFCAXIS2PLACEMENT3D(#2874,$,$);
#2876=IFCLOCALPLACEMENT(#35,#2875);
#2877=IFCCOLUMN('0ekhV2_H95TvLl4hLKomjK',#18,'P17',$,'P11 3106:P11 3106',#2876,#2873,'612247');
#2878=IFCPROPERTYSET('1Exh6cUD7Nd830tWAhIRTS',#18,'Pset_ColumnCommon',$,(#179,#180,#223));
#2879=IFCPROPERTYSET('2iG53mLbL3$yI0Ntv$ekKE',#18,'Pset_QuantityTakeOff',$,(#223));
#2880=IFCPROPERTYSINGLEVALUE('Reference',$,IFCLABEL('Pilar C-25 - Retangular 14x40'),$);
#2881=IFCPROPERTYSET('3gbgaqKfVoKvqB18z9fSM5',#18,'Pset_ReinforcementBarPitchOfColumn',$,(#2880));
#2882=IFCRELDEFINESBYPROPERTIES('2THGlOuKncF0wfNqfVDSp5',#18,$,$,(#2877),#2878);
#2883=IFCRELDEFINESBYPROPERTIES('1RFAE4YNeXcTRvAywSEnCw',#18,$,$,(#2877),#2879);
#2884=IFCRELDEFINESBYPROPERTIES('2bJPMjHyN_Gw81T$BvNAqZ',#18,$,$,(#2877),#2881);
#2885=IFCMAPPEDITEM(#2686,#170);
#2886=IFCSHAPEREPRESENTATION(#24,'Body','MappedRepresentation',(#2885));
#2887=IFCPRODUCTDEFINITIONSHAPE($,$,(#2886));
#2888=IFCCARTESIANPOINT((-15.749746196152008,-5.0170509244425494,0.10000000000014102));
#2889=IFCAXIS2PLACEMENT3D(#2888,$,$);
#2890=IFCLOCALPLACEMENT(#35,#2889);
#2891=IFCCOLUMN('0ekhV2_H95TvLl4hLKomjR',#18,'P15',$,'P13 3168:P13 3168',#2890,#2887,'612248');
#2892=IFCPROPERTYSET('2jmMi0Cgw3eFQVWFHyE8Lu',#18,'Pset_ColumnCommon',$,(#178,#179,#180));
#2893=IFCPROPERTYSET('1gRgEGl2iVHs0he3Nc0p7V',#18,'Pset_QuantityTakeOff',$,(#178));
#2894=IFCPROPERTYSINGLEVALUE('Reference',$,IFCLABEL('Pilar C-25 - Retangular 14x30'),$);
#2895=IFCPROPERTYSET('3z1zmuPtprUSUbdSjdF5OA',#18,'Pset_ReinforcementBarPitchOfColumn',$,(#2894));
#2896=IFCRELDEFINESBYPROPERTIES('3ZsJLXna21oZoeNjtTpbPP',#18,$,$,(#2891),#2892);
#2897=IFCRELDEFINESBYPROPERTIES('0bMHBkEy8G1zSHQzMKKhOC',#18,$,$,(#2891),#2893);
#2898=IFCRELDEFINESBYPROPERTIES('1IWg__vs6UPAtd99_6tcBH',#18,$,$,(#2891),#2895);
#2899=IFCMAPPEDITEM(#2686,#170);
#2900=IFCSHAPEREPRESENTATION(#24,'Body','MappedRepresentation',(#2899));
#2901=IFCPRODUCTDEFINITIONSHAPE($,$,(#2900));
#2902=IFCCARTESIANPOINT((-14.350146196152009,-4.3571509244425499,0.10000000000014102));
#2903=IFCAXIS2PLACEMENT3D(#2902,$,$);
#2904=IFCLOCALPLACEMENT(#35,#2903);
#2905=IFCCOLUMN('0ekhV2_H95TvLl4hLKomjQ',#18,'P13',$,'P13 3168:P13 3168',#2904,#2901,'612249');
#2906=IFCPROPERTYSET('10caMp6_mNFFsRvVTHrLjy',#18,'Pset_ColumnCommon',$,(#178,#179,#180));
#2907=IFCPROPERTYSET('1TRiSIhtmgN$enInxNynLL',#18,'Pset_QuantityTakeOff',$,(#178));
#2908=IFCPROPERTYSINGLEVALUE('Reference',$,IFCLABEL('Pilar C-25 - Retangular 14x30'),$);
#2909=IFCPROPERTYSET('28RWmXdih2ESPwoXTUP3ZS',#18,'Pset_ReinforcementBarPitchOfColumn',$,(#2908));
#2910=IFCRELDEFINESBYPROPERTIES('1YYAuNo8iKEj_JdEQ$qMhU',#18,$,$,(#2905),#2906);
#2911=IFCRELDEFINESBYPROPERTIES('0woNvZdv6peCO0EJ6zdY3$',#18,$,$,(#2905),#2907);
#2912=IFCRELDEFINESBYPROPERTIES('26fI7kru3S9O$OzG4mCypF',#18,$,$,(#2905),#2909);
#2913=IFCAXIS2PLACEMENT3D(#3,$,$);
#2915=IFCCARTESIANPOINT((0.,0.));
#2916=IFCAXIS2PLACEMENT2D(#2915,#11);
#2917=IFCRECTANGLEPROFILEDEF(.AREA.,'P12 3137',#2916,0.30000000000000004,0.19000000000000003);
#2918=IFCCARTESIANPOINT((0.,0.,0.45000000000045681));
#2919=IFCAXIS2PLACEMENT3D(#2918,#9,#8);
#2920=IFCEXTRUDEDAREASOLID(#2917,#2919,#9,0.29999999999999993);
#2921=IFCSTYLEDITEM(#2920,(#159),$);
#2922=IFCSHAPEREPRESENTATION(#24,'Body','SweptSolid',(#2920));
#2923=IFCAXIS2PLACEMENT3D(#3,$,$);
#2924=IFCREPRESENTATIONMAP(#2923,#2922);
#2925=IFCCOLUMNTYPE('0ekhV2_H95TvLl4hLKomJW',#18,'P12 3137:P12 3137',$,$,(#2940),(#2924),'567675',$,.COLUMN.);
#2926=IFCMAPPEDITEM(#2924,#170);
#2927=IFCSHAPEREPRESENTATION(#24,'Body','MappedRepresentation',(#2926));
#2928=IFCPRODUCTDEFINITIONSHAPE($,$,(#2927));
#2929=IFCCARTESIANPOINT((-19.323346196152013,-4.857050924442551,0.10000000000014102));
#2930=IFCAXIS2PLACEMENT3D(#2929,$,$);
#2931=IFCLOCALPLACEMENT(#35,#2930);
#2932=IFCCOLUMN('0ekhV2_H95TvLl4hLKomjP',#18,'P12',$,'P12 3137:P12 3137',#2931,#2928,'612250');
#2933=IFCPROPERTYSET('08D7H9f_RzFXqETYwW2RsG',#18,'Pset_ColumnCommon',$,(#179,#180,#951));
#2934=IFCPROPERTYSET('29I9dVnIaQKwr2u_u56Mn8',#18,'Pset_QuantityTakeOff',$,(#951));
#2935=IFCPROPERTYSINGLEVALUE('Reference',$,IFCLABEL('Pilar C-25 - Retangular 19x30'),$);
#2936=IFCPROPERTYSET('1pttxuyKaaPDs6Nia6gRhm',#18,'Pset_ReinforcementBarPitchOfColumn',$,(#2935));
#2937=IFCRELDEFINESBYPROPERTIES('32JwHR4MqLseoxfVaX6d8L',#18,$,$,(#2932),#2933);
#2938=IFCRELDEFINESBYPROPERTIES('2kR5RpYMRkCKY17ZH1TPde',#18,$,$,(#2932),#2934);
#2939=IFCRELDEFINESBYPROPERTIES('3obaqk_an3029ux9Mw29TW',#18,$,$,(#2932),#2936);
#2940=IFCPROPERTYSET('2AJhucq7MH7BYJScYIMw6C',#18,'Pset_ColumnCommon',$,(#180));
#2941=IFCMAPPEDITEM(#2728,#170);
#2942=IFCSHAPEREPRESENTATION(#24,'Body','MappedRepresentation',(#2941));
#2943=IFCPRODUCTDEFINITIONSHAPE($,$,(#2942));
#2944=IFCCARTESIANPOINT((-14.350146196152009,-0.42705092444255116,0.10000000000014102));
#2945=IFCAXIS2PLACEMENT3D(#2944,$,$);
#2946=IFCLOCALPLACEMENT(#35,#2945);
#2947=IFCCOLUMN('0ekhV2_H95TvLl4hLKomjO',#18,'P11',$,'P11 3106:P11 3106',#2946,#2943,'612251');
#2948=IFCPROPERTYSET('0UbsXadAQDFOI___pPNah1',#18,'Pset_ColumnCommon',$,(#179,#180,#223));
#2949=IFCPROPERTYSET('3$wjgIlDoO4xTqBz9c1lg4',#18,'Pset_QuantityTakeOff',$,(#223));
#2950=IFCPROPERTYSINGLEVALUE('Reference',$,IFCLABEL('Pilar C-25 - Retangular 14x40'),$);
#2951=IFCPROPERTYSET('2ealaiuoYyzk856Y6pMpkd',#18,'Pset_ReinforcementBarPitchOfColumn',$,(#2950));
#2952=IFCRELDEFINESBYPROPERTIES('0NAZtMps9W6hjgmYzEknsC',#18,$,$,(#2947),#2948);
#2953=IFCRELDEFINESBYPROPERTIES('0zs6c8NNgJ$QaRPuI5sb1r',#18,$,$,(#2947),#2949);
#2954=IFCRELDEFINESBYPROPERTIES('2iLFf3YODRqVJ1qgbdAfby',#18,$,$,(#2947),#2951);
#2955=IFCAXIS2PLACEMENT3D(#3,$,$);
#2957=IFCCARTESIANPOINT((0.,0.));
#2958=IFCAXIS2PLACEMENT2D(#2957,#11);
#2959=IFCRECTANGLEPROFILEDEF(.AREA.,'P10 3075',#2958,0.40000000000000002,0.19000000000000003);
#2960=IFCCARTESIANPOINT((0.,0.,0.45000000000045681));
#2961=IFCAXIS2PLACEMENT3D(#2960,#9,#8);
#2962=IFCEXTRUDEDAREASOLID(#2959,#2961,#9,0.29999999999999993);
#2963=IFCSTYLEDITEM(#2962,(#159),$);
#2964=IFCSHAPEREPRESENTATION(#24,'Body','SweptSolid',(#2962));
#2965=IFCAXIS2PLACEMENT3D(#3,$,$);
#2966=IFCREPRESENTATIONMAP(#2965,#2964);
#2967=IFCCOLUMNTYPE('0ekhV2_H95TvLl4hLKomJd',#18,'P10 3075:P10 3075',$,$,(#2982),(#2966),'567671',$,.COLUMN.);
#2968=IFCMAPPEDITEM(#2966,#170);
#2969=IFCSHAPEREPRESENTATION(#24,'Body','MappedRepresentation',(#2968));
#2970=IFCPRODUCTDEFINITIONSHAPE($,$,(#2969));
#2971=IFCCARTESIANPOINT((-19.323346196152013,-0.41715092444254909,0.10000000000014102));
#2972=IFCAXIS2PLACEMENT3D(#2971,$,$);
#2973=IFCLOCALPLACEMENT(#35,#2972);
#2974=IFCCOLUMN('0ekhV2_H95TvLl4hLKomjV',#18,'P10',$,'P10 3075:P10 3075',#2973,#2970,'612252');
#2975=IFCPROPERTYSET('09oPIx7xhgMSd5_u$KQVZX',#18,'Pset_ColumnCommon',$,(#179,#180,#994));
#2976=IFCPROPERTYSET('2v7WLgiWBfZThjVal3bMLm',#18,'Pset_QuantityTakeOff',$,(#994));
#2977=IFCPROPERTYSINGLEVALUE('Reference',$,IFCLABEL('Pilar C-25 - Retangular 19x40'),$);
#2978=IFCPROPERTYSET('1rK8xM2znrYlMdGDXkyVLw',#18,'Pset_ReinforcementBarPitchOfColumn',$,(#2977));
#2979=IFCRELDEFINESBYPROPERTIES('2IoSRzwxOp$jIbB6vCHbD$',#18,$,$,(#2974),#2975);
#2980=IFCRELDEFINESBYPROPERTIES('12RXKWl7$fNp3K9qlOdjWO',#18,$,$,(#2974),#2976);
#2981=IFCRELDEFINESBYPROPERTIES('2oYLrSjIBosLtPt66BUmbw',#18,$,$,(#2974),#2978);
#2982=IFCPROPERTYSET('3cTA_NaNVQzYHIaNvJfq3K',#18,'Pset_ColumnCommon',$,(#180));
#2983=IFCAXIS2PLACEMENT3D(#3,$,$);
#2985=IFCCARTESIANPOINT((0.,0.));
#2986=IFCAXIS2PLACEMENT2D(#2985,#11);
#2987=IFCRECTANGLEPROFILEDEF(.AREA.,'P1 3044',#2986,0.20000000000000001,0.20000000000000001);
#2988=IFCCARTESIANPOINT((0.,0.,0.45000000000045681));
#2989=IFCAXIS2PLACEMENT3D(#2988,#9,#7);
#2990=IFCEXTRUDEDAREASOLID(#2987,#2989,#9,0.29999999999999993);
#2991=IFCSTYLEDITEM(#2990,(#159),$);
#2992=IFCSHAPEREPRESENTATION(#24,'Body','SweptSolid',(#2990));
#2993=IFCAXIS2PLACEMENT3D(#3,$,$);
#2994=IFCREPRESENTATIONMAP(#2993,#2992);
#2995=IFCCOLUMNTYPE('0ekhV2_H95TvLl4hLKomJc',#18,'P1 3044:P1 3044',$,$,(#3010),(#2994),'567669',$,.COLUMN.);
#2996=IFCMAPPEDITEM(#2994,#170);
#2997=IFCSHAPEREPRESENTATION(#24,'Body','MappedRepresentation',(#2996));
#2998=IFCPRODUCTDEFINITIONSHAPE($,$,(#2997));
#2999=IFCCARTESIANPOINT((-13.149146196152008,12.832949075557451,0.10000000000014102));
#3000=IFCAXIS2PLACEMENT3D(#2999,$,$);
#3001=IFCLOCALPLACEMENT(#35,#3000);
#3002=IFCCOLUMN('0ekhV2_H95TvLl4hLKomjU',#18,'P1',$,'P1 3044:P1 3044',#3001,#2998,'612253');
#3003=IFCPROPERTYSET('2N0qBtpGE2305pxCOiovDA',#18,'Pset_ColumnCommon',$,(#179,#180,#810));
#3004=IFCPROPERTYSET('20kbGeM8zi2dI9brC7MWGy',#18,'Pset_QuantityTakeOff',$,(#810));
#3005=IFCPROPERTYSINGLEVALUE('Reference',$,IFCLABEL('Pilar C-25 - Retangular 20x20'),$);
#3006=IFCPROPERTYSET('31F6MPI2gkqVThjVVUmzIi',#18,'Pset_ReinforcementBarPitchOfColumn',$,(#3005));
#3007=IFCRELDEFINESBYPROPERTIES('2yakuMfZSvPYo$Qb9EzZ0x',#18,$,$,(#3002),#3003);
#3008=IFCRELDEFINESBYPROPERTIES('3f5d5J24jej2848P0$4ZHg',#18,$,$,(#3002),#3004);
#3009=IFCRELDEFINESBYPROPERTIES('1r6h7U6fOX1_H9n1t0rjRq',#18,$,$,(#3002),#3006);
#3010=IFCPROPERTYSET('1anIaHZmywdvSSBidu4KLM',#18,'Pset_ColumnCommon',$,(#180));
#3011=IFCAXIS2PLACEMENT3D(#3,$,$);
#3012=IFCLOCALPLACEMENT(#35,#3011);
#3013=IFCCARTESIANPOINT((0.,0.));
#3014=IFCAXIS2PLACEMENT2D(#3013,#11);
#3015=IFCRECTANGLEPROFILEDEF(.AREA.,'VB9 3011',#3014,0.30000000000000004,0.13999999999999999);
#3016=IFCCARTESIANPOINT((-14.28014619615201,-0.48705092444255049,0.70000000000059781));
#3017=IFCAXIS2PLACEMENT3D(#3016,#5,#10);
#3018=IFCEXTRUDEDAREASOLID(#3015,#3017,#9,1.5801000000000003);
#3019=IFCSTYLEDITEM(#3018,(#272),$);
#3020=IFCSHAPEREPRESENTATION(#24,'Body','SweptSolid',(#3018));
#3021=IFCPRODUCTDEFINITIONSHAPE($,$,(#3020));
#3022=IFCBEAM('0ekhV2_H95TvLl4hLKomjT',#18,'VB9',$,'VB9 3011:VB9 3011',#3012,#3021,'612254');
#3023=IFCBEAMTYPE('0ekhV2_H95TvLl4hLKolMm',#18,'VB9 3011:VB9 3011',$,$,(#3031),$,'567667',$,.NOTDEFINED.);
#3024=IFCPROPERTYSET('3zSbo0VdCjJ1M9B6BXhB$x',#18,'Pset_BeamCommon',$,(#179,#180,#697));
#3025=IFCPROPERTYSET('0I05PQR7blBf9tx7jhJG73',#18,'Pset_QuantityTakeOff',$,(#697));
#3026=IFCPROPERTYSINGLEVALUE('Reference',$,IFCLABEL('Viga C-25 - Se\X\E7\X\E3o Retangular 14 X 30'),$);
#3027=IFCPROPERTYSET('1$i8ufysbG67P7J_7U3Zwa',#18,'Pset_ReinforcementBarPitchOfBeam',$,(#3026));
#3028=IFCRELDEFINESBYPROPERTIES('0Q4EV4g7QJ8HXMlnI7$ZHR',#18,$,$,(#3022),#3024);
#3029=IFCRELDEFINESBYPROPERTIES('3PbN1ZEiy5qWIYe6FmJvQv',#18,$,$,(#3022),#3025);
#3030=IFCRELDEFINESBYPROPERTIES('0LazvuT5cqgMOBUpgjWTua',#18,$,$,(#3022),#3027);
#3031=IFCPROPERTYSET('3LqtkdkZnNn78lZ_cSrfs9',#18,'Pset_BeamCommon',$,(#180));
#3032=IFCAXIS2PLACEMENT3D(#3,$,$);
#3033=IFCLOCALPLACEMENT(#35,#3032);
#3034=IFCCARTESIANPOINT((0.,0.));
#3035=IFCAXIS2PLACEMENT2D(#3034,#11);
#3036=IFCRECTANGLEPROFILEDEF(.AREA.,'VB9 2978',#3035,0.30000000000000004,0.13999999999999999);
#3037=IFCCARTESIANPOINT((-19.22834619615201,-0.41715092444254909,0.70000000000059781));
#3038=IFCAXIS2PLACEMENT3D(#3037,#5,#10);
#3039=IFCEXTRUDEDAREASOLID(#3036,#3038,#9,4.8081999999999985);
#3040=IFCSTYLEDITEM(#3039,(#272),$);
#3041=IFCSHAPEREPRESENTATION(#24,'Body','SweptSolid',(#3039));
#3042=IFCPRODUCTDEFINITIONSHAPE($,$,(#3041));
#3043=IFCBEAM('0ekhV2_H95TvLl4hLKomjS',#18,'VB9',$,'VB9 2978:VB9 2978',#3033,#3042,'612255');
#3044=IFCBEAMTYPE('0ekhV2_H95TvLl4hLKolMo',#18,'VB9 2978:VB9 2978',$,$,(#3052),$,'567665',$,.NOTDEFINED.);
#3045=IFCPROPERTYSET('3h35aEbS8UgY4TpPQ3VyBR',#18,'Pset_BeamCommon',$,(#179,#180,#697));
#3046=IFCPROPERTYSET('1t1J7d33DiYEBLCK$m2$xP',#18,'Pset_QuantityTakeOff',$,(#697));
#3047=IFCPROPERTYSINGLEVALUE('Reference',$,IFCLABEL('Viga C-25 - Se\X\E7\X\E3o Retangular 14 X 30'),$);
#3048=IFCPROPERTYSET('1HhQsJm5dUN_8RQu$0_5mG',#18,'Pset_ReinforcementBarPitchOfBeam',$,(#3047));
#3049=IFCRELDEFINESBYPROPERTIES('3hthG82ny9aC0KFsqEKAZs',#18,$,$,(#3043),#3045);
#3050=IFCRELDEFINESBYPROPERTIES('2EwwyLsZWlgzhYG0jQlIaq',#18,$,$,(#3043),#3046);
#3051=IFCRELDEFINESBYPROPERTIES('2lr09gSsHWap5VZ41$Wexb',#18,$,$,(#3043),#3048);
#3052=IFCPROPERTYSET('37p0u$sK5nASjtSOhb9T0Q',#18,'Pset_BeamCommon',$,(#180));
#3053=IFCAXIS2PLACEMENT3D(#3,$,$);
#3054=IFCLOCALPLACEMENT(#35,#3053);
#3055=IFCCARTESIANPOINT((0.,0.));
#3056=IFCAXIS2PLACEMENT2D(#3055,#11);
#3057=IFCRECTANGLEPROFILEDEF(.AREA.,'VB8 2945',#3056,0.30000000000000004,0.14000000000000012);
#3058=IFCCARTESIANPOINT((-12.700046196152009,1.5129490755574497,0.70000000000059781));
#3059=IFCAXIS2PLACEMENT3D(#3058,#5,#10);
#3060=IFCEXTRUDEDAREASOLID(#3057,#3059,#9,2.8795999999999995);
#3061=IFCSTYLEDITEM(#3060,(#272),$);
#3062=IFCSHAPEREPRESENTATION(#24,'Body','SweptSolid',(#3060));
#3063=IFCPRODUCTDEFINITIONSHAPE($,$,(#3062));
#3064=IFCBEAM('0ekhV2_H95TvLl4hLKomjZ',#18,'VB8',$,'VB8 2945:VB8 2945',#3054,#3063,'612256');
#3065=IFCBEAMTYPE('0ekhV2_H95TvLl4hLKolMi',#18,'VB8 2945:VB8 2945',$,$,(#3073),$,'567663',$,.NOTDEFINED.);
#3066=IFCPROPERTYSET('1TDaJDl5dzosgzE5jfiviB',#18,'Pset_BeamCommon',$,(#179,#180,#697));
#3067=IFCPROPERTYSET('0gdc5yHgL93Zno$on8CYus',#18,'Pset_QuantityTakeOff',$,(#697));
#3068=IFCPROPERTYSINGLEVALUE('Reference',$,IFCLABEL('Viga C-25 - Se\X\E7\X\E3o Retangular 14 X 30'),$);
#3069=IFCPROPERTYSET('1ujs6x3d03oZ6HIiXf3oDQ',#18,'Pset_ReinforcementBarPitchOfBeam',$,(#3068));
#3070=IFCRELDEFINESBYPROPERTIES('2MZ18mPSZr81v1an_oAtpN',#18,$,$,(#3064),#3066);
#3071=IFCRELDEFINESBYPROPERTIES('2nNT_N8aMY96mKCBCrlBy4',#18,$,$,(#3064),#3067);
#3072=IFCRELDEFINESBYPROPERTIES('1G0PQYREo1Mhhpm9iZws4k',#18,$,$,(#3064),#3069);
#3073=IFCPROPERTYSET('0QrnGBL5K_CclohiEK5bsi',#18,'Pset_BeamCommon',$,(#180));
#3074=IFCAXIS2PLACEMENT3D(#3,$,$);
#3075=IFCLOCALPLACEMENT(#35,#3074);
#3076=IFCCARTESIANPOINT((0.,0.));
#3077=IFCAXIS2PLACEMENT2D(#3076,#11);
#3078=IFCRECTANGLEPROFILEDEF(.AREA.,'VB8 2912',#3077,0.30000000000000004,0.14000000000000012);
#3079=IFCCARTESIANPOINT((-14.420146196152011,1.5129490755574497,0.70000000000059781));
#3080=IFCAXIS2PLACEMENT3D(#3079,#5,#10);
#3081=IFCEXTRUDEDAREASOLID(#3078,#3080,#9,1.2703000000000015);
#3082=IFCSTYLEDITEM(#3081,(#272),$);
#3083=IFCSHAPEREPRESENTATION(#24,'Body','SweptSolid',(#3081));
#3084=IFCPRODUCTDEFINITIONSHAPE($,$,(#3083));
#3085=IFCBEAM('0ekhV2_H95TvLl4hLKomjY',#18,'VB8',$,'VB8 2912:VB8 2912',#3075,#3084,'612257');
#3086=IFCBEAMTYPE('0ekhV2_H95TvLl4hLKolMk',#18,'VB8 2912:VB8 2912',$,$,(#3094),$,'567661',$,.NOTDEFINED.);
#3087=IFCPROPERTYSET('3Fos1YPehDh9lPQqY8_0Vu',#18,'Pset_BeamCommon',$,(#179,#180,#697));
#3088=IFCPROPERTYSET('2MawdhN$iryJ9VhCz5PB5o',#18,'Pset_QuantityTakeOff',$,(#697));
#3089=IFCPROPERTYSINGLEVALUE('Reference',$,IFCLABEL('Viga C-25 - Se\X\E7\X\E3o Retangular 14 X 30'),$);
#3090=IFCPROPERTYSET('0XpyYYvGfcDpgub93aL4oL',#18,'Pset_ReinforcementBarPitchOfBeam',$,(#3089));
#3091=IFCRELDEFINESBYPROPERTIES('2zECEuQpGg6g7Ps1qCTiL6',#18,$,$,(#3085),#3087);
#3092=IFCRELDEFINESBYPROPERTIES('21KlLEO5IcPFwHXr$ZIjBM',#18,$,$,(#3085),#3088);
#3093=IFCRELDEFINESBYPROPERTIES('0jmBqr4A$BmOpll8IpmohU',#18,$,$,(#3085),#3090);
#3094=IFCPROPERTYSET('2Gif432GZENMBiSZlyRy2U',#18,'Pset_BeamCommon',$,(#180));
#3095=IFCAXIS2PLACEMENT3D(#3,$,$);
#3096=IFCLOCALPLACEMENT(#35,#3095);
#3097=IFCCARTESIANPOINT((0.,0.));
#3098=IFCAXIS2PLACEMENT2D(#3097,#11);
#3099=IFCRECTANGLEPROFILEDEF(.AREA.,'VB8 2879',#3098,0.30000000000000004,0.14000000000000012);
#3100=IFCCARTESIANPOINT((-13.149846196152009,1.5129490755574497,0.70000000000059781));
#3101=IFCAXIS2PLACEMENT3D(#3100,#5,#10);
#3102=IFCEXTRUDEDAREASOLID(#3099,#3101,#9,0.51979999999999882);
#3103=IFCSTYLEDITEM(#3102,(#272),$);
#3104=IFCSHAPEREPRESENTATION(#24,'Body','SweptSolid',(#3102));
#3105=IFCPRODUCTDEFINITIONSHAPE($,$,(#3104));
#3106=IFCBEAM('0ekhV2_H95TvLl4hLKomjX',#18,'VB8',$,'VB8 2879:VB8 2879',#3096,#3105,'612258');
#3107=IFCBEAMTYPE('0ekhV2_H95TvLl4hLKolMe',#18,'VB8 2879:VB8 2879',$,$,(#3115),$,'567659',$,.NOTDEFINED.);
#3108=IFCPROPERTYSET('1xMF4jKV3KuYfI6t8hzIPB',#18,'Pset_BeamCommon',$,(#179,#180,#697));
#3109=IFCPROPERTYSET('1QvOzW6BupIuoJGW$w7CSw',#18,'Pset_QuantityTakeOff',$,(#697));
#3110=IFCPROPERTYSINGLEVALUE('Reference',$,IFCLABEL('Viga C-25 - Se\X\E7\X\E3o Retangular 14 X 30'),$);
#3111=IFCPROPERTYSET('08n9$umPd4MRZQpV7S31Uq',#18,'Pset_ReinforcementBarPitchOfBeam',$,(#3110));
#3112=IFCRELDEFINESBYPROPERTIES('0kXgy8iDYxo11lTYR9BF6N',#18,$,$,(#3106),#3108);
#3113=IFCRELDEFINESBYPROPERTIES('0eXJfUMuc0zB7IIkOajzjd',#18,$,$,(#3106),#3109);
#3114=IFCRELDEFINESBYPROPERTIES('3T3Tu4NQdAX891zRTWWTFB',#18,$,$,(#3106),#3111);
#3115=IFCPROPERTYSET('1Gmco1SVRQnKFSYuwjSMNs',#18,'Pset_BeamCommon',$,(#180));
#3116=IFCAXIS2PLACEMENT3D(#3,$,$);
#3117=IFCLOCALPLACEMENT(#35,#3116);
#3118=IFCCARTESIANPOINT((0.,2.7061686225238191E-16));
#3119=IFCAXIS2PLACEMENT2D(#3118,#11);
#3120=IFCRECTANGLEPROFILEDEF(.AREA.,'VB7 2846',#3119,0.30000000000000004,0.14000000000000012);
#3121=IFCCARTESIANPOINT((-13.149746196152009,4.6130490755574503,0.70000000000059781));
#3122=IFCAXIS2PLACEMENT3D(#3121,#5,#10);
#3123=IFCEXTRUDEDAREASOLID(#3120,#3122,#9,1.3497000000000008);
#3124=IFCSTYLEDITEM(#3123,(#272),$);
#3125=IFCSHAPEREPRESENTATION(#24,'Body','SweptSolid',(#3123));
#3126=IFCPRODUCTDEFINITIONSHAPE($,$,(#3125));
#3127=IFCBEAM('0ekhV2_H95TvLl4hLKomjW',#18,'VB7',$,'VB7 2846:VB7 2846',#3117,#3126,'612259');
#3128=IFCBEAMTYPE('0ekhV2_H95TvLl4hLKolMg',#18,'VB7 2846:VB7 2846',$,$,(#3136),$,'567657',$,.NOTDEFINED.);
#3129=IFCPROPERTYSET('193GPE1hLY5oHGcdRHC85h',#18,'Pset_BeamCommon',$,(#179,#180,#697));
#3130=IFCPROPERTYSET('2XKtnCT0LeQZG7QEjuhWS7',#18,'Pset_QuantityTakeOff',$,(#697));
#3131=IFCPROPERTYSINGLEVALUE('Reference',$,IFCLABEL('Viga C-25 - Se\X\E7\X\E3o Retangular 14 X 30'),$);
#3132=IFCPROPERTYSET('0Ou4RqXdqpp2yPMgn4HoGB',#18,'Pset_ReinforcementBarPitchOfBeam',$,(#3131));
#3133=IFCRELDEFINESBYPROPERTIES('0pRgZPdLqU$_IheRXjY437',#18,$,$,(#3127),#3129);
#3134=IFCRELDEFINESBYPROPERTIES('3xtJEnr8PAt6ppJ59PbJsS',#18,$,$,(#3127),#3130);
#3135=IFCRELDEFINESBYPROPERTIES('1m2UKheNSGpmEVLmf4CT6Q',#18,$,$,(#3127),#3132);
#3136=IFCPROPERTYSET('3Dcfo$Ei4IqZK5EroIzzEC',#18,'Pset_BeamCommon',$,(#180));
#3137=IFCAXIS2PLACEMENT3D(#3,$,$);
#3138=IFCLOCALPLACEMENT(#35,#3137);
#3139=IFCCARTESIANPOINT((0.,2.7061686225238191E-16));
#3140=IFCAXIS2PLACEMENT2D(#3139,#11);
#3141=IFCRECTANGLEPROFILEDEF(.AREA.,'VB7 2813',#3140,0.30000000000000004,0.14000000000000012);
#3142=IFCCARTESIANPOINT((-14.280246196152008,4.6130490755574503,0.70000000000059781));
#3143=IFCAXIS2PLACEMENT3D(#3142,#5,#10);
#3144=IFCEXTRUDEDAREASOLID(#3141,#3143,#9,1.1304999999999985);
#3145=IFCSTYLEDITEM(#3144,(#272),$);
#3146=IFCSHAPEREPRESENTATION(#24,'Body','SweptSolid',(#3144));
#3147=IFCPRODUCTDEFINITIONSHAPE($,$,(#3146));
#3148=IFCBEAM('0ekhV2_H95TvLl4hLKomjd',#18,'VB7',$,'VB7 2813:VB7 2813',#3138,#3147,'612260');
#3149=IFCBEAMTYPE('0ekhV2_H95TvLl4hLKolMa',#18,'VB7 2813:VB7 2813',$,$,(#3157),$,'567655',$,.NOTDEFINED.);
#3150=IFCPROPERTYSET('0vEutuWDsXD6PTHLRn4bLU',#18,'Pset_BeamCommon',$,(#179,#180,#697));
#3151=IFCPROPERTYSET('2mzkN8YNHCpzwALPFYR$6f',#18,'Pset_QuantityTakeOff',$,(#697));
#3152=IFCPROPERTYSINGLEVALUE('Reference',$,IFCLABEL('Viga C-25 - Se\X\E7\X\E3o Retangular 14 X 30'),$);
#3153=IFCPROPERTYSET('3Yp7sOe54DMmPB5WULjSix',#18,'Pset_ReinforcementBarPitchOfBeam',$,(#3152));
#3154=IFCRELDEFINESBYPROPERTIES('1qez52MuuS$V63ueiL5a9s',#18,$,$,(#3148),#3150);
#3155=IFCRELDEFINESBYPROPERTIES('12udQM$uZ68SFF2APxIQu1',#18,$,$,(#3148),#3151);
#3156=IFCRELDEFINESBYPROPERTIES('1ux$HmyukpTg3xnypUemaC',#18,$,$,(#3148),#3153);
#3157=IFCPROPERTYSET('16HGGme9h0_N2JxfGFcUle',#18,'Pset_BeamCommon',$,(#180));
#3158=IFCAXIS2PLACEMENT3D(#3,$,$);
#3159=IFCLOCALPLACEMENT(#35,#3158);
#3160=IFCCARTESIANPOINT((0.,2.7061686225238191E-16));
#3161=IFCAXIS2PLACEMENT2D(#3160,#11);
#3162=IFCRECTANGLEPROFILEDEF(.AREA.,'VB7 2780',#3161,0.30000000000000004,0.14000000000000012);
#3163=IFCCARTESIANPOINT((-11.80004619615201,4.6130490755574503,0.70000000000059781));
#3164=IFCAXIS2PLACEMENT3D(#3163,#5,#10);
#3165=IFCEXTRUDEDAREASOLID(#3162,#3164,#9,1.9798000000000004);
#3166=IFCSTYLEDITEM(#3165,(#272),$);
#3167=IFCSHAPEREPRESENTATION(#24,'Body','SweptSolid',(#3165));
#3168=IFCPRODUCTDEFINITIONSHAPE($,$,(#3167));
#3169=IFCBEAM('0ekhV2_H95TvLl4hLKomjc',#18,'VB7',$,'VB7 2780:VB7 2780',#3159,#3168,'612261');
#3170=IFCBEAMTYPE('0ekhV2_H95TvLl4hLKolMc',#18,'VB7 2780:VB7 2780',$,$,(#3178),$,'567653',$,.NOTDEFINED.);
#3171=IFCPROPERTYSET('0Ew70h$DAMkAiDJxtAsdHX',#18,'Pset_BeamCommon',$,(#179,#180,#697));
#3172=IFCPROPERTYSET('1G3qovcbT6klaihXcDvZDP',#18,'Pset_QuantityTakeOff',$,(#697));
#3173=IFCPROPERTYSINGLEVALUE('Reference',$,IFCLABEL('Viga C-25 - Se\X\E7\X\E3o Retangular 14 X 30'),$);
#3174=IFCPROPERTYSET('2BcP8kSYrfzEEa9yTxFnPX',#18,'Pset_ReinforcementBarPitchOfBeam',$,(#3173));
#3175=IFCRELDEFINESBYPROPERTIES('0KvVYtN6Z2WvVL_p$gd0MC',#18,$,$,(#3169),#3171);
#3176=IFCRELDEFINESBYPROPERTIES('2AhOgDsdoNx7zIaA9btwAG',#18,$,$,(#3169),#3172);
#3177=IFCRELDEFINESBYPROPERTIES('13ewE9XDDQUvwA9RSZBfyO',#18,$,$,(#3169),#3174);
#3178=IFCPROPERTYSET('3jpDYkkxusPNAqPGCRfJzv',#18,'Pset_BeamCommon',$,(#180));
#3179=IFCAXIS2PLACEMENT3D(#3,$,$);
#3180=IFCLOCALPLACEMENT(#35,#3179);
#3181=IFCCARTESIANPOINT((-6.9388939039072284E-17,0.));
#3182=IFCAXIS2PLACEMENT2D(#3181,#13);
#3183=IFCRECTANGLEPROFILEDEF(.AREA.,'VB62 2747',#3182,0.30000000000000004,0.31999999999999995);
#3184=IFCCARTESIANPOINT((-14.420146196152011,-1.3271509244425501,0.40000000000059777));
#3185=IFCAXIS2PLACEMENT3D(#3184,#5,#8);
#3186=IFCEXTRUDEDAREASOLID(#3183,#3185,#9,0.13999999999999849);
#3187=IFCSTYLEDITEM(#3186,(#272),$);
#3188=IFCSHAPEREPRESENTATION(#24,'Body','SweptSolid',(#3186));
#3189=IFCPRODUCTDEFINITIONSHAPE($,$,(#3188));
#3190=IFCBEAM('0ekhV2_H95TvLl4hLKomjb',#18,'VB62',$,'VB62 2747:VB62 2747',#3180,#3189,'612262');
#3191=IFCBEAMTYPE('0ekhV2_H95TvLl4hLKolMW',#18,'VB62 2747:VB62 2747',$,$,(#3199),$,'567651',$,.NOTDEFINED.);
#3192=IFCPROPERTYSET('1NUU2RzmLQH_BrVifeg70I',#18,'Pset_BeamCommon',$,(#179,#180,#697));
#3193=IFCPROPERTYSET('3BHD9VKd3TT2xv9tXwFj_M',#18,'Pset_QuantityTakeOff',$,(#697));
#3194=IFCPROPERTYSINGLEVALUE('Reference',$,IFCLABEL('Viga C-25 - Se\X\E7\X\E3o Retangular 14 X 30'),$);
#3195=IFCPROPERTYSET('0yI9TckTCU1ZE5SE2b_GdV',#18,'Pset_ReinforcementBarPitchOfBeam',$,(#3194));
#3196=IFCRELDEFINESBYPROPERTIES('0blS6MozF6RLHtoscKTrD8',#18,$,$,(#3190),#3192);
#3197=IFCRELDEFINESBYPROPERTIES('34LRtiFyZY_dd5LBlpbLoh',#18,$,$,(#3190),#3193);
#3198=IFCRELDEFINESBYPROPERTIES('0t5CkV10t7QuhvUkVZNwcd',#18,$,$,(#3190),#3195);
#3199=IFCPROPERTYSET('3_r3DTfIGS5F5IYxygyPBO',#18,'Pset_BeamCommon',$,(#180));
#3200=IFCAXIS2PLACEMENT3D(#3,$,$);
#3201=IFCLOCALPLACEMENT(#35,#3200);
#3202=IFCCARTESIANPOINT((0.,5.4123372450476381E-16));
#3203=IFCAXIS2PLACEMENT2D(#3202,#11);
#3204=IFCRECTANGLEPROFILEDEF(.AREA.,'VB6 2714',#3203,0.30000000000000004,0.13999999999999957);
#3205=IFCCARTESIANPOINT((-13.149846196152009,6.2947490755574496,0.70000000000059781));
#3206=IFCAXIS2PLACEMENT3D(#3205,#5,#10);
#3207=IFCEXTRUDEDAREASOLID(#3204,#3206,#9,3.3993999999999995);
#3208=IFCSTYLEDITEM(#3207,(#272),$);
#3209=IFCSHAPEREPRESENTATION(#24,'Body','SweptSolid',(#3207));
#3210=IFCPRODUCTDEFINITIONSHAPE($,$,(#3209));
#3211=IFCBEAM('0ekhV2_H95TvLl4hLKomja',#18,'VB6',$,'VB6 2714:VB6 2714',#3201,#3210,'612263');
#3212=IFCBEAMTYPE('0ekhV2_H95TvLl4hLKolMY',#18,'VB6 2714:VB6 2714',$,$,(#3220),$,'567649',$,.NOTDEFINED.);
#3213=IFCPROPERTYSET('2bpdnOsC78aaCVpodtyZcu',#18,'Pset_BeamCommon',$,(#179,#180,#697));
#3214=IFCPROPERTYSET('1W7nNo$D8LMF_TXvm1_nY8',#18,'Pset_QuantityTakeOff',$,(#697));
#3215=IFCPROPERTYSINGLEVALUE('Reference',$,IFCLABEL('Viga C-25 - Se\X\E7\X\E3o Retangular 14 X 30'),$);
#3216=IFCPROPERTYSET('0gOCv5XfiVhMkjtih4jZFt',#18,'Pset_ReinforcementBarPitchOfBeam',$,(#3215));
#3217=IFCRELDEFINESBYPROPERTIES('1qa4fG7vEoCCF51blncpto',#18,$,$,(#3211),#3213);
#3218=IFCRELDEFINESBYPROPERTIES('0OndU_ZKzGgRowbCF30H24',#18,$,$,(#3211),#3214);
#3219=IFCRELDEFINESBYPROPERTIES('0AuE$AP8YBrTgFtAMiigKQ',#18,$,$,(#3211),#3216);
#3220=IFCPROPERTYSET('1EPBm18u6JWXsDaZZTdKzO',#18,'Pset_BeamCommon',$,(#180));
#3221=IFCAXIS2PLACEMENT3D(#3,$,$);
#3222=IFCLOCALPLACEMENT(#35,#3221);
#3223=IFCCARTESIANPOINT((0.,0.));
#3224=IFCAXIS2PLACEMENT2D(#3223,#13);
#3225=IFCRECTANGLEPROFILEDEF(.AREA.,'VB51 2681',#3224,0.30000000000000004,2.4062181323375675);
#3226=IFCCARTESIANPOINT((-19.418346196152012,4.8798400093886656,0.40000000000059777));
#3227=IFCAXIS2PLACEMENT3D(#3226,#5,#8);
#3228=IFCEXTRUDEDAREASOLID(#3225,#3227,#9,0.19000000000000011);
#3229=IFCSTYLEDITEM(#3228,(#272),$);
#3230=IFCSHAPEREPRESENTATION(#24,'Body','SweptSolid',(#3228));
#3231=IFCPRODUCTDEFINITIONSHAPE($,$,(#3230));
#3232=IFCBEAM('0ekhV2_H95TvLl4hLKomjh',#18,'VB51',$,'VB51 2681:VB51 2681',#3222,#3231,'612264');
#3233=IFCBEAMTYPE('0ekhV2_H95TvLl4hLKolMS',#18,'VB51 2681:VB51 2681',$,$,(#3242),$,'567647',$,.NOTDEFINED.);
#3234=IFCPROPERTYSINGLEVALUE('Reference',$,IFCIDENTIFIER('Viga C-25 - Se\X\E7\X\E3o Retangular 19 X 30'),$);
#3235=IFCPROPERTYSET('1jsdiBQ9889CYRQOuU4F7u',#18,'Pset_BeamCommon',$,(#179,#180,#3234));
#3236=IFCPROPERTYSET('31iV_Q6r_nt1bxM5Fi$08_',#18,'Pset_QuantityTakeOff',$,(#3234));
#3237=IFCPROPERTYSINGLEVALUE('Reference',$,IFCLABEL('Viga C-25 - Se\X\E7\X\E3o Retangular 19 X 30'),$);
#3238=IFCPROPERTYSET('0Yi0j7qdrBe9puM848Et2o',#18,'Pset_ReinforcementBarPitchOfBeam',$,(#3237));
#3239=IFCRELDEFINESBYPROPERTIES('2aafCu9Kw4FldMneME1jNg',#18,$,$,(#3232),#3235);
#3240=IFCRELDEFINESBYPROPERTIES('1Mh6NNKURFym_uhTa6ZNPd',#18,$,$,(#3232),#3236);
#3241=IFCRELDEFINESBYPROPERTIES('3axUZJRSezmJZkKsCWOGfo',#18,$,$,(#3232),#3238);
#3242=IFCPROPERTYSET('3l4cCZTFTVwD5Qc2xq1FVq',#18,'Pset_BeamCommon',$,(#180));
#3243=IFCAXIS2PLACEMENT3D(#3,$,$);
#3244=IFCLOCALPLACEMENT(#35,#3243);
#3245=IFCCARTESIANPOINT((0.,5.4123372450476381E-16));
#3246=IFCAXIS2PLACEMENT2D(#3245,#11);
#3247=IFCRECTANGLEPROFILEDEF(.AREA.,'VB5 2648',#3246,0.30000000000000004,0.13999999999999957);
#3248=IFCCARTESIANPOINT((-14.280246196151973,6.8628490755574498,0.70000000000059781));
#3249=IFCAXIS2PLACEMENT3D(#3248,#5,#10);
#3250=IFCEXTRUDEDAREASOLID(#3247,#3249,#9,1.0604061966475002);
#3251=IFCSTYLEDITEM(#3250,(#272),$);
#3252=IFCSHAPEREPRESENTATION(#24,'Body','SweptSolid',(#3250));
#3253=IFCPRODUCTDEFINITIONSHAPE($,$,(#3252));
#3254=IFCBEAM('0ekhV2_H95TvLl4hLKomjg',#18,'VB5',$,'VB5 2648:VB5 2648',#3244,#3253,'612265');
#3255=IFCBEAMTYPE('0ekhV2_H95TvLl4hLKolMU',#18,'VB5 2648:VB5 2648',$,$,(#3263),$,'567645',$,.NOTDEFINED.);
#3256=IFCPROPERTYSET('09c4N$LnfKTsR0CJ_EMol3',#18,'Pset_BeamCommon',$,(#179,#180,#697));
#3257=IFCPROPERTYSET('1gCXQp32_3JWXK7Mn4MTIX',#18,'Pset_QuantityTakeOff',$,(#697));
#3258=IFCPROPERTYSINGLEVALUE('Reference',$,IFCLABEL('Viga C-25 - Se\X\E7\X\E3o Retangular 14 X 30'),$);
#3259=IFCPROPERTYSET('3N0IfZOoDFCJJLtfW5SXoE',#18,'Pset_ReinforcementBarPitchOfBeam',$,(#3258));
#3260=IFCRELDEFINESBYPROPERTIES('3QpJhNY8xNUQ$d1ckZXvIj',#18,$,$,(#3254),#3256);
#3261=IFCRELDEFINESBYPROPERTIES('1uC1p7g6S$qXikvBkpVKa_',#18,$,$,(#3254),#3257);
#3262=IFCRELDEFINESBYPROPERTIES('3$gc8qSv8nSPrK0ytVRFOh',#18,$,$,(#3254),#3259);
#3263=IFCPROPERTYSET('0HpA0g87wGdy0G7n7JhSv7',#18,'Pset_BeamCommon',$,(#180));
#3264=IFCAXIS2PLACEMENT3D(#3,$,$);
#3265=IFCLOCALPLACEMENT(#35,#3264);
#3266=IFCCARTESIANPOINT((0.,5.4123372450476381E-16));
#3267=IFCAXIS2PLACEMENT2D(#3266,#11);
#3268=IFCRECTANGLEPROFILEDEF(.AREA.,'VB4 2615',#3267,0.30000000000000004,0.13999999999999957);
#3269=IFCCARTESIANPOINT((-19.218346196152009,6.8629490755574496,0.70000000000059781));
#3270=IFCAXIS2PLACEMENT3D(#3269,#5,#10);
#3271=IFCEXTRUDEDAREASOLID(#3268,#3270,#9,4.0686000012289245);
#3272=IFCSTYLEDITEM(#3271,(#272),$);
#3273=IFCSHAPEREPRESENTATION(#24,'Body','SweptSolid',(#3271));
#3274=IFCPRODUCTDEFINITIONSHAPE($,$,(#3273));
#3275=IFCBEAM('0ekhV2_H95TvLl4hLKomjf',#18,'VB4',$,'VB4 2615:VB4 2615',#3265,#3274,'612266');
#3276=IFCBEAMTYPE('0ekhV2_H95TvLl4hLKolMO',#18,'VB4 2615:VB4 2615',$,$,(#3284),$,'567643',$,.NOTDEFINED.);
#3277=IFCPROPERTYSET('2AwIzTOwktDk58umZW_vzy',#18,'Pset_BeamCommon',$,(#179,#180,#697));
#3278=IFCPROPERTYSET('0aCX5T$8fB7ximJiDQtgZ0',#18,'Pset_QuantityTakeOff',$,(#697));
#3279=IFCPROPERTYSINGLEVALUE('Reference',$,IFCLABEL('Viga C-25 - Se\X\E7\X\E3o Retangular 14 X 30'),$);
#3280=IFCPROPERTYSET('1N36kwz$oPCF3cLhnTrGI8',#18,'Pset_ReinforcementBarPitchOfBeam',$,(#3279));
#3281=IFCRELDEFINESBYPROPERTIES('0yV_EOtCuPkZPb3kGk$UDz',#18,$,$,(#3275),#3277);
#3282=IFCRELDEFINESBYPROPERTIES('2XHVWniURBIYAg5KWL8HDB',#18,$,$,(#3275),#3278);
#3283=IFCRELDEFINESBYPROPERTIES('1JtRe93P_RmNar5uqe7Mbs',#18,$,$,(#3275),#3280);
#3284=IFCPROPERTYSET('12XUkywd9jnfP8dZK92wBa',#18,'Pset_BeamCommon',$,(#180));
#3285=IFCAXIS2PLACEMENT3D(#3,$,$);
#3286=IFCLOCALPLACEMENT(#35,#3285);
#3287=IFCCARTESIANPOINT((0.,5.4123372450476381E-16));
#3288=IFCAXIS2PLACEMENT2D(#3287,#11);
#3289=IFCRECTANGLEPROFILEDEF(.AREA.,'VB4 2582',#3288,0.30000000000000004,0.13999999999999957);
#3290=IFCCARTESIANPOINT((-15.219746196152009,6.8628490755574498,0.70000000000059781));
#3291=IFCAXIS2PLACEMENT3D(#3290,#5,#10);
#3292=IFCEXTRUDEDAREASOLID(#3289,#3291,#9,0.79950000000000021);
#3293=IFCSTYLEDITEM(#3292,(#272),$);
#3294=IFCSHAPEREPRESENTATION(#24,'Body','SweptSolid',(#3292));
#3295=IFCPRODUCTDEFINITIONSHAPE($,$,(#3294));
#3296=IFCBEAM('0ekhV2_H95TvLl4hLKomje',#18,'VB4',$,'VB4 2582:VB4 2582',#3286,#3295,'612267');
#3297=IFCBEAMTYPE('0ekhV2_H95TvLl4hLKolMQ',#18,'VB4 2582:VB4 2582',$,$,(#3305),$,'567641',$,.NOTDEFINED.);
#3298=IFCPROPERTYSET('1AY2ZQULGsAj3sI19SrpPx',#18,'Pset_BeamCommon',$,(#179,#180,#697));
#3299=IFCPROPERTYSET('0QTHFyy_y5Wwcl65s1AXIk',#18,'Pset_QuantityTakeOff',$,(#697));
#3300=IFCPROPERTYSINGLEVALUE('Reference',$,IFCLABEL('Viga C-25 - Se\X\E7\X\E3o Retangular 14 X 30'),$);
#3301=IFCPROPERTYSET('2Pvj9Kr0V12_azqKSBftMX',#18,'Pset_ReinforcementBarPitchOfBeam',$,(#3300));
#3302=IFCRELDEFINESBYPROPERTIES('3r8X8QXsI2QAGVZtDtetVD',#18,$,$,(#3296),#3298);
#3303=IFCRELDEFINESBYPROPERTIES('3gfLfikj4_HczcCrz78o5C',#18,$,$,(#3296),#3299);
#3304=IFCRELDEFINESBYPROPERTIES('0y0z7NpEfO6MAzCy$SlDXu',#18,$,$,(#3296),#3301);
#3305=IFCPROPERTYSET('1Gdlu_VbSjniNFKT9mFtce',#18,'Pset_BeamCommon',$,(#180));
#3306=IFCAXIS2PLACEMENT3D(#3,$,$);
#3307=IFCLOCALPLACEMENT(#35,#3306);
#3308=IFCCARTESIANPOINT((0.,-5.4123372450476381E-16));
#3309=IFCAXIS2PLACEMENT2D(#3308,#11);
#3310=IFCRECTANGLEPROFILEDEF(.AREA.,'VB36 2549',#3309,0.30000000000000004,0.13999999999999957);
#3311=IFCCARTESIANPOINT((-13.60024619615201,6.8629490755574496,0.40000000000059777));
#3312=IFCAXIS2PLACEMENT3D(#3311,#5,#10);
#3313=IFCEXTRUDEDAREASOLID(#3310,#3312,#9,0.31778782107212911);
#3314=IFCSTYLEDITEM(#3313,(#272),$);
#3315=IFCSHAPEREPRESENTATION(#24,'Body','SweptSolid',(#3313));
#3316=IFCPRODUCTDEFINITIONSHAPE($,$,(#3315));
#3317=IFCBEAM('0ekhV2_H95TvLl4hLKomjl',#18,'VB36',$,'VB36 2549:VB36 2549',#3307,#3316,'612268');
#3318=IFCBEAMTYPE('0ekhV2_H95TvLl4hLKolMK',#18,'VB36 2549:VB36 2549',$,$,(#3326),$,'567639',$,.NOTDEFINED.);
#3319=IFCPROPERTYSET('1Zhd2ZOOguxk3LeefFv4dH',#18,'Pset_BeamCommon',$,(#179,#180,#697));
#3320=IFCPROPERTYSET('3zaGuw4IUf9Q1kKch1tMdW',#18,'Pset_QuantityTakeOff',$,(#697));
#3321=IFCPROPERTYSINGLEVALUE('Reference',$,IFCLABEL('Viga C-25 - Se\X\E7\X\E3o Retangular 14 X 30'),$);
#3322=IFCPROPERTYSET('1e2Dj_ZsC4y_6rQGrlMPeR',#18,'Pset_ReinforcementBarPitchOfBeam',$,(#3321));
#3323=IFCRELDEFINESBYPROPERTIES('3ZQONnBQoAfzhrYQgDR0WS',#18,$,$,(#3317),#3319);
#3324=IFCRELDEFINESBYPROPERTIES('1S81O3d8k3cgWYqzkBvqgb',#18,$,$,(#3317),#3320);
#3325=IFCRELDEFINESBYPROPERTIES('3Rjt1RXSJYglDQH6FHWu16',#18,$,$,(#3317),#3322);
#3326=IFCPROPERTYSET('2FBpTZ2NR7xQJUjgSvSE4d',#18,'Pset_BeamCommon',$,(#180));
#3327=IFCAXIS2PLACEMENT3D(#3,$,$);
#3328=IFCLOCALPLACEMENT(#35,#3327);
#3329=IFCCARTESIANPOINT((0.,5.4123372450476381E-16));
#3330=IFCAXIS2PLACEMENT2D(#3329,#11);
#3331=IFCRECTANGLEPROFILEDEF(.AREA.,'VB35 2516',#3330,0.30000000000000004,0.13999999999999957);
#3332=IFCCARTESIANPOINT((-15.149746196152009,6.8628490755574498,0.40000000000059777));
#3333=IFCAXIS2PLACEMENT3D(#3332,#5,#10);
#3334=IFCEXTRUDEDAREASOLID(#3331,#3333,#9,0.049500000000001744);
#3335=IFCSTYLEDITEM(#3334,(#272),$);
#3336=IFCSHAPEREPRESENTATION(#24,'Body','SweptSolid',(#3334));
#3337=IFCPRODUCTDEFINITIONSHAPE($,$,(#3336));
#3338=IFCBEAM('0ekhV2_H95TvLl4hLKomjk',#18,'VB35',$,'VB35 2516:VB35 2516',#3328,#3337,'612269');
#3339=IFCBEAMTYPE('0ekhV2_H95TvLl4hLKolMM',#18,'VB35 2516:VB35 2516',$,$,(#3347),$,'567637',$,.NOTDEFINED.);
#3340=IFCPROPERTYSET('3bWDDUQbu_oToWhm$Ngcxy',#18,'Pset_BeamCommon',$,(#179,#180,#697));
#3341=IFCPROPERTYSET('1QlKoWmTsjp1vC_41Bdfiq',#18,'Pset_QuantityTakeOff',$,(#697));
#3342=IFCPROPERTYSINGLEVALUE('Reference',$,IFCLABEL('Viga C-25 - Se\X\E7\X\E3o Retangular 14 X 30'),$);
#3343=IFCPROPERTYSET('2bfn4AWMhD$DSB4DMVMBR3',#18,'Pset_ReinforcementBarPitchOfBeam',$,(#3342));
#3344=IFCRELDEFINESBYPROPERTIES('27Dnw4dGbuUvxXPSqM9EUq',#18,$,$,(#3338),#3340);
#3345=IFCRELDEFINESBYPROPERTIES('0jImb_3C8hx0fU9WkXMGhe',#18,$,$,(#3338),#3341);
#3346=IFCRELDEFINESBYPROPERTIES('3AH2EWdaxVEjjkYYb75EjX',#18,$,$,(#3338),#3343);
#3347=IFCPROPERTYSET('3rDVjzSlPDoTweEh3to3O6',#18,'Pset_BeamCommon',$,(#180));
#3348=IFCAXIS2PLACEMENT3D(#3,$,$);
#3349=IFCLOCALPLACEMENT(#35,#3348);
#3350=IFCCARTESIANPOINT((6.6613381477509392E-16,0.));
#3351=IFCAXIS2PLACEMENT2D(#3350,#13);
#3352=IFCRECTANGLEPROFILEDEF(.AREA.,'VB31 2483',#3351,0.30000000000000004,4.9398999999999997);
#3353=IFCCARTESIANPOINT((-7.8453461961520095,-7.1371009244425476,0.70000000000059781));
#3354=IFCAXIS2PLACEMENT3D(#3353,#5,#8);
#3355=IFCEXTRUDEDAREASOLID(#3352,#3354,#9,0.19000000000000011);
#3356=IFCSTYLEDITEM(#3355,(#272),$);
#3357=IFCSHAPEREPRESENTATION(#24,'Body','SweptSolid',(#3355));
#3358=IFCPRODUCTDEFINITIONSHAPE($,$,(#3357));
#3359=IFCBEAM('0ekhV2_H95TvLl4hLKomjj',#18,'VB31',$,'VB31 2483:VB31 2483',#3349,#3358,'612270');
#3360=IFCBEAMTYPE('0ekhV2_H95TvLl4hLKolMG',#18,'VB31 2483:VB31 2483',$,$,(#3368),$,'567635',$,.NOTDEFINED.);
#3361=IFCPROPERTYSET('0K42yKMLTrtn67dM9zS5LG',#18,'Pset_BeamCommon',$,(#179,#180,#3234));
#3362=IFCPROPERTYSET('3RWNCrB0L76cnkyiJRg$La',#18,'Pset_QuantityTakeOff',$,(#3234));
#3363=IFCPROPERTYSINGLEVALUE('Reference',$,IFCLABEL('Viga C-25 - Se\X\E7\X\E3o Retangular 19 X 30'),$);
#3364=IFCPROPERTYSET('2IV_CgpSkL_Q5IVbcfk0aX',#18,'Pset_ReinforcementBarPitchOfBeam',$,(#3363));
#3365=IFCRELDEFINESBYPROPERTIES('3Rqh1KaifQab8gLf3luGjK',#18,$,$,(#3359),#3361);
#3366=IFCRELDEFINESBYPROPERTIES('2b5Zmf12yHBae9LRgF5Mdv',#18,$,$,(#3359),#3362);
#3367=IFCRELDEFINESBYPROPERTIES('2CBgtiYvDb$8Tw92vascw9',#18,$,$,(#3359),#3364);
#3368=IFCPROPERTYSET('3YhutxxTmqjMJu$mx8M7h6',#18,'Pset_BeamCommon',$,(#180));
#3369=IFCAXIS2PLACEMENT3D(#3,$,$);
#3370=IFCLOCALPLACEMENT(#35,#3369);
#3371=IFCCARTESIANPOINT((0.,0.));
#3372=IFCAXIS2PLACEMENT2D(#3371,#13);
#3373=IFCRECTANGLEPROFILEDEF(.AREA.,'VB30 2450',#3372,0.30000000000000004,2.2999999999999998);
#3374=IFCCARTESIANPOINT((-9.8204461961520106,7.4447490755574508,0.70000000000059781));
#3375=IFCAXIS2PLACEMENT3D(#3374,#5,#8);
#3376=IFCEXTRUDEDAREASOLID(#3373,#3375,#9,0.14000000000000065);
#3377=IFCSTYLEDITEM(#3376,(#272),$);
#3378=IFCSHAPEREPRESENTATION(#24,'Body','SweptSolid',(#3376));
#3379=IFCPRODUCTDEFINITIONSHAPE($,$,(#3378));
#3380=IFCBEAM('0ekhV2_H95TvLl4hLKomji',#18,'VB30',$,'VB30 2450:VB30 2450',#3370,#3379,'612271');
#3381=IFCBEAMTYPE('0ekhV2_H95TvLl4hLKolMI',#18,'VB30 2450:VB30 2450',$,$,(#3389),$,'567633',$,.NOTDEFINED.);
#3382=IFCPROPERTYSET('3gjWYcNZevyd59FC8BqU9L',#18,'Pset_BeamCommon',$,(#179,#180,#697));
#3383=IFCPROPERTYSET('16j5Bwu4vlPYGtPygXgjq0',#18,'Pset_QuantityTakeOff',$,(#697));
#3384=IFCPROPERTYSINGLEVALUE('Reference',$,IFCLABEL('Viga C-25 - Se\X\E7\X\E3o Retangular 14 X 30'),$);
#3385=IFCPROPERTYSET('3O60qgcS_ULZcDSfFEMUtp',#18,'Pset_ReinforcementBarPitchOfBeam',$,(#3384));
#3386=IFCRELDEFINESBYPROPERTIES('1P68v1RvZxAYULQHv5VMnY',#18,$,$,(#3380),#3382);
#3387=IFCRELDEFINESBYPROPERTIES('0243CilLsJYVooenr5h6SV',#18,$,$,(#3380),#3383);
#3388=IFCRELDEFINESBYPROPERTIES('1MOdMMWvrUXVkRNPSm7GcN',#18,$,$,(#3380),#3385);
#3389=IFCPROPERTYSET('0_YuBMc7FYah5IaEEhr_Xx',#18,'Pset_BeamCommon',$,(#180));
#3390=IFCAXIS2PLACEMENT3D(#3,$,$);
#3391=IFCLOCALPLACEMENT(#35,#3390);
#3392=IFCCARTESIANPOINT((0.,0.));
#3393=IFCAXIS2PLACEMENT2D(#3392,#13);
#3394=IFCRECTANGLEPROFILEDEF(.AREA.,'VB30 2417',#3393,0.30000000000000004,3.5381);
#3395=IFCCARTESIANPOINT((-9.8204461961520106,10.763799075557449,0.70000000000059781));
#3396=IFCAXIS2PLACEMENT3D(#3395,#5,#8);
#3397=IFCEXTRUDEDAREASOLID(#3394,#3396,#9,0.14000000000000065);
#3398=IFCSTYLEDITEM(#3397,(#272),$);
#3399=IFCSHAPEREPRESENTATION(#24,'Body','SweptSolid',(#3397));
#3400=IFCPRODUCTDEFINITIONSHAPE($,$,(#3399));
#3401=IFCBEAM('0ekhV2_H95TvLl4hLKomjp',#18,'VB30',$,'VB30 2417:VB30 2417',#3391,#3400,'612272');
#3402=IFCBEAMTYPE('0ekhV2_H95TvLl4hLKolMC',#18,'VB30 2417:VB30 2417',$,$,(#3410),$,'567631',$,.NOTDEFINED.);
#3403=IFCPROPERTYSET('0gRRDGGd1e4h_SRVo9x8gj',#18,'Pset_BeamCommon',$,(#179,#180,#697));
#3404=IFCPROPERTYSET('1oLA1DnF$4Y1hFhVBB4C_x',#18,'Pset_QuantityTakeOff',$,(#697));
#3405=IFCPROPERTYSINGLEVALUE('Reference',$,IFCLABEL('Viga C-25 - Se\X\E7\X\E3o Retangular 14 X 30'),$);
#3406=IFCPROPERTYSET('0y5EKKonCDCQaVAUnhi4hr',#18,'Pset_ReinforcementBarPitchOfBeam',$,(#3405));
#3407=IFCRELDEFINESBYPROPERTIES('1suZHFe0IrCWbMGnuwJEWG',#18,$,$,(#3401),#3403);
#3408=IFCRELDEFINESBYPROPERTIES('2i5XrD3WpSrTFJkbWRyHbf',#18,$,$,(#3401),#3404);
#3409=IFCRELDEFINESBYPROPERTIES('1hZKg1XA84b_A0ga3IxcpX',#18,$,$,(#3401),#3406);
#3410=IFCPROPERTYSET('3Ic_Oukcn4F1vJUdwgRtvL',#18,'Pset_BeamCommon',$,(#180));
#3411=IFCAXIS2PLACEMENT3D(#3,$,$);
#3412=IFCLOCALPLACEMENT(#35,#3411);
#3413=IFCCARTESIANPOINT((0.,0.));
#3414=IFCAXIS2PLACEMENT2D(#3413,#13);
#3415=IFCRECTANGLEPROFILEDEF(.AREA.,'VB30 2384',#3414,0.30000000000000004,1.6118000000000001);
#3416=IFCCARTESIANPOINT((-9.8204461961520106,5.4888490755574502,0.70000000000059781));
#3417=IFCAXIS2PLACEMENT3D(#3416,#5,#8);
#3418=IFCEXTRUDEDAREASOLID(#3415,#3417,#9,0.14000000000000065);
#3419=IFCSTYLEDITEM(#3418,(#272),$);
#3420=IFCSHAPEREPRESENTATION(#24,'Body','SweptSolid',(#3418));
#3421=IFCPRODUCTDEFINITIONSHAPE($,$,(#3420));
#3422=IFCBEAM('0ekhV2_H95TvLl4hLKomjo',#18,'VB30',$,'VB30 2384:VB30 2384',#3412,#3421,'612273');
#3423=IFCBEAMTYPE('0ekhV2_H95TvLl4hLKolME',#18,'VB30 2384:VB30 2384',$,$,(#3431),$,'567629',$,.NOTDEFINED.);
#3424=IFCPROPERTYSET('3M_jvPZU0eZrMQuDFW1VAr',#18,'Pset_BeamCommon',$,(#179,#180,#697));
#3425=IFCPROPERTYSET('0Rx3YYL4dBDOUtEn$PiodK',#18,'Pset_QuantityTakeOff',$,(#697));
#3426=IFCPROPERTYSINGLEVALUE('Reference',$,IFCLABEL('Viga C-25 - Se\X\E7\X\E3o Retangular 14 X 30'),$);
#3427=IFCPROPERTYSET('3ZtMj1klXMjYhQ1OmS8n7U',#18,'Pset_ReinforcementBarPitchOfBeam',$,(#3426));
#3428=IFCRELDEFINESBYPROPERTIES('3ed7cevkIgrinObPgolehC',#18,$,$,(#3422),#3424);
#3429=IFCRELDEFINESBYPROPERTIES('31q4e1S0JOwsXtXtunQ1ak',#18,$,$,(#3422),#3425);
#3430=IFCRELDEFINESBYPROPERTIES('3hIo5daO9ONuvnr7_WllQN',#18,$,$,(#3422),#3427);
#3431=IFCPROPERTYSET('1pdwR12xRJzITm_0W7MTwF',#18,'Pset_BeamCommon',$,(#180));
#3432=IFCAXIS2PLACEMENT3D(#3,$,$);
#3433=IFCLOCALPLACEMENT(#35,#3432);
#3434=IFCCARTESIANPOINT((0.,-5.4123372450476381E-16));
#3435=IFCAXIS2PLACEMENT2D(#3434,#11);
#3436=IFCRECTANGLEPROFILEDEF(.AREA.,'VB3 2351',#3435,0.30000000000000004,0.13999999999999957);
#3437=IFCCARTESIANPOINT((-15.079749696327012,8.5630455755574495,0.70000000000059781));
#3438=IFCAXIS2PLACEMENT3D(#3437,#5,#10);
#3439=IFCEXTRUDEDAREASOLID(#3436,#3438,#9,1.8599070026751239);
#3440=IFCSTYLEDITEM(#3439,(#272),$);
#3441=IFCSHAPEREPRESENTATION(#24,'Body','SweptSolid',(#3439));
#3442=IFCPRODUCTDEFINITIONSHAPE($,$,(#3441));
#3443=IFCBEAM('0ekhV2_H95TvLl4hLKomjn',#18,'VB3',$,'VB3 2351:VB3 2351',#3433,#3442,'612274');
#3444=IFCBEAMTYPE('0ekhV2_H95TvLl4hLKolM8',#18,'VB3 2351:VB3 2351',$,$,(#3452),$,'567627',$,.NOTDEFINED.);
#3445=IFCPROPERTYSET('2vQGJ29eDisHZAfe$R5PvJ',#18,'Pset_BeamCommon',$,(#179,#180,#697));
#3446=IFCPROPERTYSET('0yTwKQESAmmSt5MGqP8ekr',#18,'Pset_QuantityTakeOff',$,(#697));
#3447=IFCPROPERTYSINGLEVALUE('Reference',$,IFCLABEL('Viga C-25 - Se\X\E7\X\E3o Retangular 14 X 30'),$);
#3448=IFCPROPERTYSET('1WASRPgeBNtDQ0TBoV02VP',#18,'Pset_ReinforcementBarPitchOfBeam',$,(#3447));
#3449=IFCRELDEFINESBYPROPERTIES('2ZK62t$aVLg$BYbr_8GDnn',#18,$,$,(#3443),#3445);
#3450=IFCRELDEFINESBYPROPERTIES('0jolTMA_jEUGA53DwZc$jx',#18,$,$,(#3443),#3446);
#3451=IFCRELDEFINESBYPROPERTIES('31s5PfqR13hbaFW$cubztb',#18,$,$,(#3443),#3448);
#3452=IFCPROPERTYSET('0eqPhbRzTbiZW7gMRnwHGC',#18,'Pset_BeamCommon',$,(#180));
#3453=IFCAXIS2PLACEMENT3D(#3,$,$);
#3454=IFCLOCALPLACEMENT(#35,#3453);
#3455=IFCCARTESIANPOINT((1.1102230246251565E-16,0.));
#3456=IFCAXIS2PLACEMENT2D(#3455,#13);
#3457=IFCRECTANGLEPROFILEDEF(.AREA.,'VB29 2318',#3456,0.30000000000000004,2.8700000000000001);
#3458=IFCCARTESIANPOINT((-9.8204461961520106,2.9479490755574504,0.70000000000059781));
#3459=IFCAXIS2PLACEMENT3D(#3458,#5,#8);
#3460=IFCEXTRUDEDAREASOLID(#3457,#3459,#9,0.14000000000000065);
#3461=IFCSTYLEDITEM(#3460,(#272),$);
#3462=IFCSHAPEREPRESENTATION(#24,'Body','SweptSolid',(#3460));
#3463=IFCPRODUCTDEFINITIONSHAPE($,$,(#3462));
#3464=IFCBEAM('0ekhV2_H95TvLl4hLKomjm',#18,'VB29',$,'VB29 2318:VB29 2318',#3454,#3463,'612275');
#3465=IFCBEAMTYPE('0ekhV2_H95TvLl4hLKolMA',#18,'VB29 2318:VB29 2318',$,$,(#3473),$,'567625',$,.NOTDEFINED.);
#3466=IFCPROPERTYSET('02WKhiM0DYO2z7vQqorGQU',#18,'Pset_BeamCommon',$,(#179,#180,#697));
#3467=IFCPROPERTYSET('3qTGsDQN1iUC3sosXJx23b',#18,'Pset_QuantityTakeOff',$,(#697));
#3468=IFCPROPERTYSINGLEVALUE('Reference',$,IFCLABEL('Viga C-25 - Se\X\E7\X\E3o Retangular 14 X 30'),$);
#3469=IFCPROPERTYSET('0e15VjBoKZShp$zBvL_08i',#18,'Pset_ReinforcementBarPitchOfBeam',$,(#3468));
#3470=IFCRELDEFINESBYPROPERTIES('2aGCqhe$3rJ4dyOFjpXUoy',#18,$,$,(#3464),#3466);
#3471=IFCRELDEFINESBYPROPERTIES('3SlMFhxGYEztDKoHmz4$TL',#18,$,$,(#3464),#3467);
#3472=IFCRELDEFINESBYPROPERTIES('0YPOPD2DMtIrl_V5DKZlai',#18,$,$,(#3464),#3469);
#3473=IFCPROPERTYSET('2_ofLwIhO3q_aMZNDMEqNP',#18,'Pset_BeamCommon',$,(#180));
#3474=IFCAXIS2PLACEMENT3D(#3,$,$);
#3475=IFCLOCALPLACEMENT(#35,#3474);
#3476=IFCCARTESIANPOINT((0.,0.));
#3477=IFCAXIS2PLACEMENT2D(#3476,#13);
#3478=IFCRECTANGLEPROFILEDEF(.AREA.,'VB25 1790',#3477,0.30000000000000004,2.7200000000000002);
#3479=IFCCARTESIANPOINT((-9.8204461961520106,-2.847150924442551,0.70000000000059781));
#3480=IFCAXIS2PLACEMENT3D(#3479,#5,#8);
#3481=IFCEXTRUDEDAREASOLID(#3478,#3480,#9,0.14000000000000065);
#3482=IFCSTYLEDITEM(#3481,(#272),$);
#3483=IFCSHAPEREPRESENTATION(#24,'Body','SweptSolid',(#3481));
#3484=IFCPRODUCTDEFINITIONSHAPE($,$,(#3483));
#3485=IFCBEAM('0ekhV2_H95TvLl4hLKomjt',#18,'VB29',$,'VB25 1790:VB25 1790',#3475,#3484,'612276');
#3486=IFCBEAMTYPE('0ekhV2_H95TvLl4hLKolNe',#18,'VB25 1790:VB25 1790',$,$,(#3494),$,'567595',$,.NOTDEFINED.);
#3487=IFCPROPERTYSET('3H_V1AIk4Px5b_JXhn_Nmv',#18,'Pset_BeamCommon',$,(#179,#180,#697));
#3488=IFCPROPERTYSET('3NOeN58PK3i8qVkN$XvcSE',#18,'Pset_QuantityTakeOff',$,(#697));
#3489=IFCPROPERTYSINGLEVALUE('Reference',$,IFCLABEL('Viga C-25 - Se\X\E7\X\E3o Retangular 14 X 30'),$);
#3490=IFCPROPERTYSET('1Tc8OalejhqHIHHYQ174D_',#18,'Pset_ReinforcementBarPitchOfBeam',$,(#3489));
#3491=IFCRELDEFINESBYPROPERTIES('3WN0LFqOEVvuPjwo4Y6l2l',#18,$,$,(#3485),#3487);
#3492=IFCRELDEFINESBYPROPERTIES('16Ng7nZAM33dIrk1Twmnsj',#18,$,$,(#3485),#3488);
#3493=IFCRELDEFINESBYPROPERTIES('1Gal0Rame0Nm9iTozSq5Fe',#18,$,$,(#3485),#3490);
#3494=IFCPROPERTYSET('142kp81iEJR6_16LXz1_lU',#18,'Pset_BeamCommon',$,(#180));
#3495=IFCAXIS2PLACEMENT3D(#3,$,$);
#3496=IFCLOCALPLACEMENT(#35,#3495);
#3497=IFCCARTESIANPOINT((0.,0.));
#3498=IFCAXIS2PLACEMENT2D(#3497,#13);
#3499=IFCRECTANGLEPROFILEDEF(.AREA.,'VB29 2252',#3498,0.30000000000000004,1.3500000000000001);
#3500=IFCCARTESIANPOINT((-9.8204461961520106,0.90794907555745075,0.70000000000059781));
#3501=IFCAXIS2PLACEMENT3D(#3500,#5,#8);
#3502=IFCEXTRUDEDAREASOLID(#3499,#3501,#9,0.14000000000000065);
#3503=IFCSTYLEDITEM(#3502,(#272),$);
#3504=IFCSHAPEREPRESENTATION(#24,'Body','SweptSolid',(#3502));
#3505=IFCPRODUCTDEFINITIONSHAPE($,$,(#3504));
#3506=IFCBEAM('0ekhV2_H95TvLl4hLKomjs',#18,'VB29',$,'VB29 2252:VB29 2252',#3496,#3505,'612277');
#3507=IFCBEAMTYPE('0ekhV2_H95TvLl4hLKolM4',#18,'VB29 2252:VB29 2252',$,$,(#3515),$,'567623',$,.NOTDEFINED.);
#3508=IFCPROPERTYSET('0ImjMb9jRjRIeLYgWEzPDe',#18,'Pset_BeamCommon',$,(#179,#180,#697));
#3509=IFCPROPERTYSET('3lk68iqB9hHsTfWInCu5Rh',#18,'Pset_QuantityTakeOff',$,(#697));
#3510=IFCPROPERTYSINGLEVALUE('Reference',$,IFCLABEL('Viga C-25 - Se\X\E7\X\E3o Retangular 14 X 30'),$);
#3511=IFCPROPERTYSET('022Jq2wnklFIvkJjH5BinT',#18,'Pset_ReinforcementBarPitchOfBeam',$,(#3510));
#3512=IFCRELDEFINESBYPROPERTIES('3yzknZghrPzpgqvb$41GWH',#18,$,$,(#3506),#3508);
#3513=IFCRELDEFINESBYPROPERTIES('3aCLlPgHaq_ihjH4XLxJPr',#18,$,$,(#3506),#3509);
#3514=IFCRELDEFINESBYPROPERTIES('0$bybj8azNE_$CyH6o6xB7',#18,$,$,(#3506),#3511);
#3515=IFCPROPERTYSET('2EVesE7tB2af1OrRnXUKaR',#18,'Pset_BeamCommon',$,(#180));
#3516=IFCAXIS2PLACEMENT3D(#3,$,$);
#3517=IFCLOCALPLACEMENT(#35,#3516);
#3518=IFCCARTESIANPOINT((0.,0.));
#3519=IFCAXIS2PLACEMENT2D(#3518,#13);
#3520=IFCRECTANGLEPROFILEDEF(.AREA.,'VB29 2219',#3519,0.30000000000000004,1.4200999999999999);
#3521=IFCCARTESIANPOINT((-9.8204461961520106,-0.77710092444254952,0.70000000000059781));
#3522=IFCAXIS2PLACEMENT3D(#3521,#5,#8);
#3523=IFCEXTRUDEDAREASOLID(#3520,#3522,#9,0.14000000000000065);
#3524=IFCSTYLEDITEM(#3523,(#272),$);
#3525=IFCSHAPEREPRESENTATION(#24,'Body','SweptSolid',(#3523));
#3526=IFCPRODUCTDEFINITIONSHAPE($,$,(#3525));
#3527=IFCBEAM('0ekhV2_H95TvLl4hLKomjr',#18,'VB29',$,'VB29 2219:VB29 2219',#3517,#3526,'612278');
#3528=IFCBEAMTYPE('0ekhV2_H95TvLl4hLKolM6',#18,'VB29 2219:VB29 2219',$,$,(#3536),$,'567621',$,.NOTDEFINED.);
#3529=IFCPROPERTYSET('3hAt5qQSnort_FwiXzbyLx',#18,'Pset_BeamCommon',$,(#179,#180,#697));
#3530=IFCPROPERTYSET('1Y_8ooLlIheS0KYMY8Sdtd',#18,'Pset_QuantityTakeOff',$,(#697));
#3531=IFCPROPERTYSINGLEVALUE('Reference',$,IFCLABEL('Viga C-25 - Se\X\E7\X\E3o Retangular 14 X 30'),$);
#3532=IFCPROPERTYSET('2u1NcT9RDjamXW4QX7RBL_',#18,'Pset_ReinforcementBarPitchOfBeam',$,(#3531));
#3533=IFCRELDEFINESBYPROPERTIES('03URnD4fBEos2biSe7dLg6',#18,$,$,(#3527),#3529);
#3534=IFCRELDEFINESBYPROPERTIES('347jKpgu0EWvsbwLU4t$kT',#18,$,$,(#3527),#3530);
#3535=IFCRELDEFINESBYPROPERTIES('0LrW4XcYolpvZqqyPIPKW5',#18,$,$,(#3527),#3532);
#3536=IFCPROPERTYSET('3IzJ6ou0wBE$6XW7JJ6PTq',#18,'Pset_BeamCommon',$,(#180));
#3537=IFCAXIS2PLACEMENT3D(#3,$,$);
#3538=IFCLOCALPLACEMENT(#35,#3537);
#3539=IFCCARTESIANPOINT((-3.3306690738754696E-16,0.));
#3540=IFCAXIS2PLACEMENT2D(#3539,#13);
#3541=IFCRECTANGLEPROFILEDEF(.AREA.,'VB28 2186',#3540,0.30000000000000004,3.1001000016128515);
#3542=IFCCARTESIANPOINT((-13.219846196152009,3.0629990763638757,0.70000000000059781));
#3543=IFCAXIS2PLACEMENT3D(#3542,#5,#8);
#3544=IFCEXTRUDEDAREASOLID(#3541,#3543,#9,0.13999999999999849);
#3545=IFCSTYLEDITEM(#3544,(#272),$);
#3546=IFCSHAPEREPRESENTATION(#24,'Body','SweptSolid',(#3544));
#3547=IFCPRODUCTDEFINITIONSHAPE($,$,(#3546));
#3548=IFCBEAM('0ekhV2_H95TvLl4hLKomjq',#18,'VB28',$,'VB28 2186:VB28 2186',#3538,#3547,'612279');
#3549=IFCBEAMTYPE('0ekhV2_H95TvLl4hLKolM0',#18,'VB28 2186:VB28 2186',$,$,(#3557),$,'567619',$,.NOTDEFINED.);
#3550=IFCPROPERTYSET('0XxOZ2Su7I6hWKA$ZyhJM8',#18,'Pset_BeamCommon',$,(#179,#180,#697));
#3551=IFCPROPERTYSET('1zhYSE7SscLZ6WOpTXdOW1',#18,'Pset_QuantityTakeOff',$,(#697));
#3552=IFCPROPERTYSINGLEVALUE('Reference',$,IFCLABEL('Viga C-25 - Se\X\E7\X\E3o Retangular 14 X 30'),$);
#3553=IFCPROPERTYSET('1PFBGfreROe5yQEpJoJ3HL',#18,'Pset_ReinforcementBarPitchOfBeam',$,(#3552));
#3554=IFCRELDEFINESBYPROPERTIES('2bBBq7Dq2ExHfBEPAmnXJ7',#18,$,$,(#3548),#3550);
#3555=IFCRELDEFINESBYPROPERTIES('0qz_ITDoRlaXqIhpcWezzU',#18,$,$,(#3548),#3551);
#3556=IFCRELDEFINESBYPROPERTIES('3ipSF8jhByiouMh8bewHdm',#18,$,$,(#3548),#3553);
#3557=IFCPROPERTYSET('2jw3nY_YdRP2OLouH158oL',#18,'Pset_BeamCommon',$,(#180));
#3558=IFCAXIS2PLACEMENT3D(#3,$,$);
#3559=IFCLOCALPLACEMENT(#35,#3558);
#3560=IFCCARTESIANPOINT((0.,0.));
#3561=IFCAXIS2PLACEMENT2D(#3560,#13);
#3562=IFCRECTANGLEPROFILEDEF(.AREA.,'VB28 2153',#3561,0.30000000000000004,1.5000999999999989);
#3563=IFCCARTESIANPOINT((-13.219846196152009,11.98289907555745,0.70000000000059781));
#3564=IFCAXIS2PLACEMENT3D(#3563,#5,#8);
#3565=IFCEXTRUDEDAREASOLID(#3562,#3564,#9,0.13999999999999849);
#3566=IFCSTYLEDITEM(#3565,(#272),$);
#3567=IFCSHAPEREPRESENTATION(#24,'Body','SweptSolid',(#3565));
#3568=IFCPRODUCTDEFINITIONSHAPE($,$,(#3567));
#3569=IFCBEAM('0ekhV2_H95TvLl4hLKomjx',#18,'VB28',$,'VB28 2153:VB28 2153',#3559,#3568,'612280');
#3570=IFCBEAMTYPE('0ekhV2_H95TvLl4hLKolM2',#18,'VB28 2153:VB28 2153',$,$,(#3578),$,'567617',$,.NOTDEFINED.);
#3571=IFCPROPERTYSET('3ftAclqgByZxzoQAhmQcvu',#18,'Pset_BeamCommon',$,(#179,#180,#697));
#3572=IFCPROPERTYSET('2JmAsmO84cK4u48ZJnx2gP',#18,'Pset_QuantityTakeOff',$,(#697));
#3573=IFCPROPERTYSINGLEVALUE('Reference',$,IFCLABEL('Viga C-25 - Se\X\E7\X\E3o Retangular 14 X 30'),$);
#3574=IFCPROPERTYSET('2YpG1HjZXt_VwbXhGG3ss1',#18,'Pset_ReinforcementBarPitchOfBeam',$,(#3573));
#3575=IFCRELDEFINESBYPROPERTIES('0Gn9$keCtLMiruvPJsOxrY',#18,$,$,(#3569),#3571);
#3576=IFCRELDEFINESBYPROPERTIES('1b$9qPI1wjztHj7VyPQO3w',#18,$,$,(#3569),#3572);
#3577=IFCRELDEFINESBYPROPERTIES('1LhXHIlQZMfRY1WuC2EWqb',#18,$,$,(#3569),#3574);
#3578=IFCPROPERTYSET('0J7QqhSuQugo_5Z9AKvFdD',#18,'Pset_BeamCommon',$,(#180));
#3579=IFCAXIS2PLACEMENT3D(#3,$,$);
#3580=IFCLOCALPLACEMENT(#35,#3579);
#3581=IFCCARTESIANPOINT((0.,0.));
#3582=IFCAXIS2PLACEMENT2D(#3581,#13);
#3583=IFCRECTANGLEPROFILEDEF(.AREA.,'VB28 2120',#3582,0.30000000000000004,0.63820619277211332);
#3584=IFCCARTESIANPOINT((-13.219846196152009,6.6138521719435071,0.70000000000059781));
#3585=IFCAXIS2PLACEMENT3D(#3584,#5,#8);
#3586=IFCEXTRUDEDAREASOLID(#3583,#3585,#9,0.13999999999999849);
#3587=IFCSTYLEDITEM(#3586,(#272),$);
#3588=IFCSHAPEREPRESENTATION(#24,'Body','SweptSolid',(#3586));
#3589=IFCPRODUCTDEFINITIONSHAPE($,$,(#3588));
#3590=IFCBEAM('0ekhV2_H95TvLl4hLKomjw',#18,'VB28',$,'VB28 2120:VB28 2120',#3580,#3589,'612281');
#3591=IFCBEAMTYPE('0ekhV2_H95TvLl4hLKolNy',#18,'VB28 2120:VB28 2120',$,$,(#3599),$,'567615',$,.NOTDEFINED.);
#3592=IFCPROPERTYSET('3semk5OnqSnQvNqy2XFlCA',#18,'Pset_BeamCommon',$,(#179,#180,#697));
#3593=IFCPROPERTYSET('3MK9svxCgBZinMKWI6HpF3',#18,'Pset_QuantityTakeOff',$,(#697));
#3594=IFCPROPERTYSINGLEVALUE('Reference',$,IFCLABEL('Viga C-25 - Se\X\E7\X\E3o Retangular 14 X 30'),$);
#3595=IFCPROPERTYSET('1DbDHolAMmn3$k_KTIdESo',#18,'Pset_ReinforcementBarPitchOfBeam',$,(#3594));
#3596=IFCRELDEFINESBYPROPERTIES('1m7L1QBahIbyGQ2aX26Tml',#18,$,$,(#3590),#3592);
#3597=IFCRELDEFINESBYPROPERTIES('0afhSlOLjt7H887lndBkER',#18,$,$,(#3590),#3593);
#3598=IFCRELDEFINESBYPROPERTIES('3jouI7NFlQjbiYAIbfUBuO',#18,$,$,(#3590),#3595);
#3599=IFCPROPERTYSET('1yV8XBfXs91vRgMVa2RiwC',#18,'Pset_BeamCommon',$,(#180));
#3600=IFCAXIS2PLACEMENT3D(#3,$,$);
#3601=IFCLOCALPLACEMENT(#35,#3600);
#3602=IFCCARTESIANPOINT((-2.7755575615628914E-16,0.));
#3603=IFCAXIS2PLACEMENT2D(#3602,#13);
#3604=IFCRECTANGLEPROFILEDEF(.AREA.,'VB28 2087',#3603,0.30000000000000004,1.6817041654278424);
#3605=IFCCARTESIANPOINT((-13.219746196152011,5.4539011582713712,0.70000000000059781));
#3606=IFCAXIS2PLACEMENT3D(#3605,#5,#8);
#3607=IFCEXTRUDEDAREASOLID(#3604,#3606,#9,0.14000000000000065);
#3608=IFCSTYLEDITEM(#3607,(#272),$);
#3609=IFCSHAPEREPRESENTATION(#24,'Body','SweptSolid',(#3607));
#3610=IFCPRODUCTDEFINITIONSHAPE($,$,(#3609));
#3611=IFCBEAM('0ekhV2_H95TvLl4hLKomjv',#18,'VB28',$,'VB28 2087:VB28 2087',#3601,#3610,'612282');
#3612=IFCBEAMTYPE('0ekhV2_H95TvLl4hLKolN_',#18,'VB28 2087:VB28 2087',$,$,(#3620),$,'567613',$,.NOTDEFINED.);
#3613=IFCPROPERTYSET('1i3XAZ_5NWUmc4phyK4OXv',#18,'Pset_BeamCommon',$,(#179,#180,#697));
#3614=IFCPROPERTYSET('0GpF2Z5Z4oxcGW389GcLc4',#18,'Pset_QuantityTakeOff',$,(#697));
#3615=IFCPROPERTYSINGLEVALUE('Reference',$,IFCLABEL('Viga C-25 - Se\X\E7\X\E3o Retangular 14 X 30'),$);
#3616=IFCPROPERTYSET('0TS_yig7IgOUyg6IhjlzAm',#18,'Pset_ReinforcementBarPitchOfBeam',$,(#3615));
#3617=IFCRELDEFINESBYPROPERTIES('2UpuYF7Px2CqOUXyo$hKO2',#18,$,$,(#3611),#3613);
#3618=IFCRELDEFINESBYPROPERTIES('0kvLAnqgwMZKNl63Wh8LZe',#18,$,$,(#3611),#3614);
#3619=IFCRELDEFINESBYPROPERTIES('1eABmgLcwq4hDWi4bGI4XY',#18,$,$,(#3611),#3616);
#3620=IFCPROPERTYSET('3lU3to4U7Ghx$AaLL7krCs',#18,'Pset_BeamCommon',$,(#180));
#3621=IFCAXIS2PLACEMENT3D(#3,$,$);
#3622=IFCLOCALPLACEMENT(#35,#3621);
#3623=IFCCARTESIANPOINT((-5.5511151231257827E-16,0.));
#3624=IFCAXIS2PLACEMENT2D(#3623,#13);
#3625=IFCRECTANGLEPROFILEDEF(.AREA.,'VB28 2054',#3624,0.30000000000000004,2.4698999999999995);
#3626=IFCCARTESIANPOINT((-13.219846196152009,9.7978990755574511,0.70000000000059781));
#3627=IFCAXIS2PLACEMENT3D(#3626,#5,#8);
#3628=IFCEXTRUDEDAREASOLID(#3625,#3627,#9,0.13999999999999849);
#3629=IFCSTYLEDITEM(#3628,(#272),$);
#3630=IFCSHAPEREPRESENTATION(#24,'Body','SweptSolid',(#3628));
#3631=IFCPRODUCTDEFINITIONSHAPE($,$,(#3630));
#3632=IFCBEAM('0ekhV2_H95TvLl4hLKomju',#18,'VB28',$,'VB28 2054:VB28 2054',#3622,#3631,'612283');
#3633=IFCBEAMTYPE('0ekhV2_H95TvLl4hLKolNu',#18,'VB28 2054:VB28 2054',$,$,(#3641),$,'567611',$,.NOTDEFINED.);
#3634=IFCPROPERTYSET('0981IkglntpWceqEJ97xTx',#18,'Pset_BeamCommon',$,(#179,#180,#697));
#3635=IFCPROPERTYSET('3onPbptvJr74LXmGlyRB3H',#18,'Pset_QuantityTakeOff',$,(#697));
#3636=IFCPROPERTYSINGLEVALUE('Reference',$,IFCLABEL('Viga C-25 - Se\X\E7\X\E3o Retangular 14 X 30'),$);
#3637=IFCPROPERTYSET('3cqpVULj9mn9f4rrMWcSVv',#18,'Pset_ReinforcementBarPitchOfBeam',$,(#3636));
#3638=IFCRELDEFINESBYPROPERTIES('21w56_yYZwVbhY1mOkSdbx',#18,$,$,(#3632),#3634);
#3639=IFCRELDEFINESBYPROPERTIES('1F0Z9S_v1Ho8rB0l9oNhdx',#18,$,$,(#3632),#3635);
#3640=IFCRELDEFINESBYPROPERTIES('2VGYXqYd$9yimRahJUmlBu',#18,$,$,(#3632),#3637);
#3641=IFCPROPERTYSET('1JK9$OUBpZVueQMpEZGeJ2',#18,'Pset_BeamCommon',$,(#180));
#3642=IFCAXIS2PLACEMENT3D(#3,$,$);
#3643=IFCLOCALPLACEMENT(#35,#3642);
#3644=IFCCARTESIANPOINT((0.,0.));
#3645=IFCAXIS2PLACEMENT2D(#3644,#13);
#3646=IFCRECTANGLEPROFILEDEF(.AREA.,'VB28 2021',#3645,0.30000000000000004,1.7700000000000005);
#3647=IFCCARTESIANPOINT((-13.219846196152009,7.7479490755574494,0.70000000000059781));
#3648=IFCAXIS2PLACEMENT3D(#3647,#5,#8);
#3649=IFCEXTRUDEDAREASOLID(#3646,#3648,#9,0.13999999999999849);
#3650=IFCSTYLEDITEM(#3649,(#272),$);
#3651=IFCSHAPEREPRESENTATION(#24,'Body','SweptSolid',(#3649));
#3652=IFCPRODUCTDEFINITIONSHAPE($,$,(#3651));
#3653=IFCBEAM('0ekhV2_H95TvLl4hLKomj$',#18,'VB28',$,'VB28 2021:VB28 2021',#3643,#3652,'612284');
#3654=IFCBEAMTYPE('0ekhV2_H95TvLl4hLKolNw',#18,'VB28 2021:VB28 2021',$,$,(#3662),$,'567609',$,.NOTDEFINED.);
#3655=IFCPROPERTYSET('1w3ar40gOlUWD1_VKQyBIS',#18,'Pset_BeamCommon',$,(#179,#180,#697));
#3656=IFCPROPERTYSET('33Grm1YB5dR8_msrTG6rOz',#18,'Pset_QuantityTakeOff',$,(#697));
#3657=IFCPROPERTYSINGLEVALUE('Reference',$,IFCLABEL('Viga C-25 - Se\X\E7\X\E3o Retangular 14 X 30'),$);
#3658=IFCPROPERTYSET('0OAke8vlXw6nf$_N7ORBHY',#18,'Pset_ReinforcementBarPitchOfBeam',$,(#3657));
#3659=IFCRELDEFINESBYPROPERTIES('0airkstqwAYq8lPfzzZMFS',#18,$,$,(#3653),#3655);
#3660=IFCRELDEFINESBYPROPERTIES('3GXCVdExGxy2WYCGLsWL2k',#18,$,$,(#3653),#3656);
#3661=IFCRELDEFINESBYPROPERTIES('0N4dyqNv34Ug_VtaXCBDla',#18,$,$,(#3653),#3658);
#3662=IFCPROPERTYSET('1ZLoTp71ayJorlNyIeOARS',#18,'Pset_BeamCommon',$,(#180));
#3663=IFCAXIS2PLACEMENT3D(#3,$,$);
#3664=IFCLOCALPLACEMENT(#35,#3663);
#3665=IFCCARTESIANPOINT((0.,0.));
#3666=IFCAXIS2PLACEMENT2D(#3665,#13);
#3667=IFCRECTANGLEPROFILEDEF(.AREA.,'VB27 1988',#3666,0.30000000000000004,0.48999999999999999);
#3668=IFCCARTESIANPOINT((-12.770046196152011,-0.24205092444254989,0.70000000000059781));
#3669=IFCAXIS2PLACEMENT3D(#3668,#5,#8);
#3670=IFCEXTRUDEDAREASOLID(#3667,#3669,#9,0.13999999999999849);
#3671=IFCSTYLEDITEM(#3670,(#272),$);
#3672=IFCSHAPEREPRESENTATION(#24,'Body','SweptSolid',(#3670));
#3673=IFCPRODUCTDEFINITIONSHAPE($,$,(#3672));
#3674=IFCBEAM('0ekhV2_H95TvLl4hLKomj_',#18,'VB27',$,'VB27 1988:VB27 1988',#3664,#3673,'612285');
#3675=IFCBEAMTYPE('0ekhV2_H95TvLl4hLKolNq',#18,'VB27 1988:VB27 1988',$,$,(#3683),$,'567607',$,.NOTDEFINED.);
#3676=IFCPROPERTYSET('2RfTDSTwWBr8_$1JbFjvGi',#18,'Pset_BeamCommon',$,(#179,#180,#697));
#3677=IFCPROPERTYSET('1FvIMMAzsxm9O3lFQ8URB9',#18,'Pset_QuantityTakeOff',$,(#697));
#3678=IFCPROPERTYSINGLEVALUE('Reference',$,IFCLABEL('Viga C-25 - Se\X\E7\X\E3o Retangular 14 X 30'),$);
#3679=IFCPROPERTYSET('1AAnOUZZMbvI2pQP0cqi9S',#18,'Pset_ReinforcementBarPitchOfBeam',$,(#3678));
#3680=IFCRELDEFINESBYPROPERTIES('2ZnCfRgtBaOX0jNwl_JtZJ',#18,$,$,(#3674),#3676);
#3681=IFCRELDEFINESBYPROPERTIES('0qeT7pBCKxbYK8JT_G_XN1',#18,$,$,(#3674),#3677);
#3682=IFCRELDEFINESBYPROPERTIES('3w$5$UE4XxDLdv0t1QgO5Q',#18,$,$,(#3674),#3679);
#3683=IFCPROPERTYSET('3GUkzxKAfy2YICUoHaTCnu',#18,'Pset_BeamCommon',$,(#180));
#3684=IFCAXIS2PLACEMENT3D(#3,$,$);
#3685=IFCLOCALPLACEMENT(#35,#3684);
#3686=IFCCARTESIANPOINT((5.5511151231257827E-17,0.));
#3687=IFCAXIS2PLACEMENT2D(#3686,#13);
#3688=IFCRECTANGLEPROFILEDEF(.AREA.,'VB27 1955',#3687,0.30000000000000004,1.4399999999999999);
#3689=IFCCARTESIANPOINT((-12.770046196152011,0.72294907555744947,0.70000000000059781));
#3690=IFCAXIS2PLACEMENT3D(#3689,#5,#8);
#3691=IFCEXTRUDEDAREASOLID(#3688,#3690,#9,0.13999999999999849);
#3692=IFCSTYLEDITEM(#3691,(#272),$);
#3693=IFCSHAPEREPRESENTATION(#24,'Body','SweptSolid',(#3691));
#3694=IFCPRODUCTDEFINITIONSHAPE($,$,(#3693));
#3695=IFCBEAM('0ekhV2_H95TvLl4hLKomjz',#18,'VB27',$,'VB27 1955:VB27 1955',#3685,#3694,'612286');
#3696=IFCBEAMTYPE('0ekhV2_H95TvLl4hLKolNs',#18,'VB27 1955:VB27 1955',$,$,(#3704),$,'567605',$,.NOTDEFINED.);
#3697=IFCPROPERTYSET('3GwrUQgv9KVNvgSJQTxsUT',#18,'Pset_BeamCommon',$,(#179,#180,#697));
#3698=IFCPROPERTYSET('1Ze2IaNZa4natGOW8BjJ1b',#18,'Pset_QuantityTakeOff',$,(#697));
#3699=IFCPROPERTYSINGLEVALUE('Reference',$,IFCLABEL('Viga C-25 - Se\X\E7\X\E3o Retangular 14 X 30'),$);
#3700=IFCPROPERTYSET('3CCs0U1ZwkLSvSP6d0PJGQ',#18,'Pset_ReinforcementBarPitchOfBeam',$,(#3699));
#3701=IFCRELDEFINESBYPROPERTIES('0xeZmSxPMmJV_ozhVsnd4c',#18,$,$,(#3695),#3697);
#3702=IFCRELDEFINESBYPROPERTIES('1XcM3ZrkJFXAuxXQ97hd0z',#18,$,$,(#3695),#3698);
#3703=IFCRELDEFINESBYPROPERTIES('2ojZD5dhcY1gG8r5uZlPGW',#18,$,$,(#3695),#3700);
#3704=IFCPROPERTYSET('3IRSs6gqVs6bbpMPsZnEOU',#18,'Pset_BeamCommon',$,(#180));
#3705=IFCAXIS2PLACEMENT3D(#3,$,$);
#3706=IFCLOCALPLACEMENT(#35,#3705);
#3707=IFCCARTESIANPOINT((1.1102230246251565E-16,0.));
#3708=IFCAXIS2PLACEMENT2D(#3707,#13);
#3709=IFCRECTANGLEPROFILEDEF(.AREA.,'VB27 1922',#3708,0.30000000000000004,1.0701000000000003);
#3710=IFCCARTESIANPOINT((-12.770046196152011,-1.0221009244425481,0.70000000000059781));
#3711=IFCAXIS2PLACEMENT3D(#3710,#5,#8);
#3712=IFCEXTRUDEDAREASOLID(#3709,#3711,#9,0.13999999999999849);
#3713=IFCSTYLEDITEM(#3712,(#272),$);
#3714=IFCSHAPEREPRESENTATION(#24,'Body','SweptSolid',(#3712));
#3715=IFCPRODUCTDEFINITIONSHAPE($,$,(#3714));
#3716=IFCBEAM('0ekhV2_H95TvLl4hLKomjy',#18,'VB27',$,'VB27 1922:VB27 1922',#3706,#3715,'612287');
#3717=IFCBEAMTYPE('0ekhV2_H95TvLl4hLKolNm',#18,'VB27 1922:VB27 1922',$,$,(#3725),$,'567603',$,.NOTDEFINED.);
#3718=IFCPROPERTYSET('2A66WUOgXN$LmGAzJU6OZU',#18,'Pset_BeamCommon',$,(#179,#180,#697));
#3719=IFCPROPERTYSET('3oN98eAZwOhsDVf_Nq1yCI',#18,'Pset_QuantityTakeOff',$,(#697));
#3720=IFCPROPERTYSINGLEVALUE('Reference',$,IFCLABEL('Viga C-25 - Se\X\E7\X\E3o Retangular 14 X 30'),$);
#3721=IFCPROPERTYSET('1F94As_FTZH17yTxfnRW1L',#18,'Pset_ReinforcementBarPitchOfBeam',$,(#3720));
#3722=IFCRELDEFINESBYPROPERTIES('1SrQPXryh5qmSETV0gsFhf',#18,$,$,(#3716),#3718);
#3723=IFCRELDEFINESBYPROPERTIES('1qPlOJvpebEav8EgSQEeOb',#18,$,$,(#3716),#3719);
#3724=IFCRELDEFINESBYPROPERTIES('2nwFQeKyFqxHZNc883wJm4',#18,$,$,(#3716),#3721);
#3725=IFCPROPERTYSET('0NRpXnYA3Joy7UMOPZvpU5',#18,'Pset_BeamCommon',$,(#180));
#3726=IFCAXIS2PLACEMENT3D(#3,$,$);
#3727=IFCLOCALPLACEMENT(#35,#3726);
#3728=IFCCARTESIANPOINT((5.5511151231257827E-17,0.));
#3729=IFCAXIS2PLACEMENT2D(#3728,#13);
#3730=IFCRECTANGLEPROFILEDEF(.AREA.,'VB26 1889',#3729,0.30000000000000004,1.6700000000000002);
#3731=IFCCARTESIANPOINT((-14.420146196152011,0.60794907555744981,0.70000000000059781));
#3732=IFCAXIS2PLACEMENT3D(#3731,#5,#8);
#3733=IFCEXTRUDEDAREASOLID(#3730,#3732,#9,0.13999999999999849);
#3734=IFCSTYLEDITEM(#3733,(#272),$);
#3735=IFCSHAPEREPRESENTATION(#24,'Body','SweptSolid',(#3733));
#3736=IFCPRODUCTDEFINITIONSHAPE($,$,(#3735));
#3737=IFCBEAM('0ekhV2_H95TvLl4hLKomi3',#18,'VB26',$,'VB26 1889:VB26 1889',#3727,#3736,'612288');
#3738=IFCBEAMTYPE('0ekhV2_H95TvLl4hLKolNo',#18,'VB26 1889:VB26 1889',$,$,(#3746),$,'567601',$,.NOTDEFINED.);
#3739=IFCPROPERTYSET('2jviZG63U18agMWEfNDMt5',#18,'Pset_BeamCommon',$,(#179,#180,#697));
#3740=IFCPROPERTYSET('1IIvNbEzdog57mR3tvJrrf',#18,'Pset_QuantityTakeOff',$,(#697));
#3741=IFCPROPERTYSINGLEVALUE('Reference',$,IFCLABEL('Viga C-25 - Se\X\E7\X\E3o Retangular 14 X 30'),$);
#3742=IFCPROPERTYSET('2q2epWGoEch06TOhTi33y9',#18,'Pset_ReinforcementBarPitchOfBeam',$,(#3741));
#3743=IFCRELDEFINESBYPROPERTIES('1BvbSxF85T3bdDHpgnExQT',#18,$,$,(#3737),#3739);
#3744=IFCRELDEFINESBYPROPERTIES('1LFyTBraFl$Zd503ZvEQrj',#18,$,$,(#3737),#3740);
#3745=IFCRELDEFINESBYPROPERTIES('3Fs8Rxa_MYDgT1DLUdqSTZ',#18,$,$,(#3737),#3742);
#3746=IFCPROPERTYSET('2TZZnKaF3Oszy3j5UvHxpM',#18,'Pset_BeamCommon',$,(#180));
#3747=IFCAXIS2PLACEMENT3D(#3,$,$);
#3748=IFCLOCALPLACEMENT(#35,#3747);
#3749=IFCCARTESIANPOINT((-1.1102230246251565E-16,0.));
#3750=IFCAXIS2PLACEMENT2D(#3749,#13);
#3751=IFCRECTANGLEPROFILEDEF(.AREA.,'VB26 1856',#3750,0.30000000000000004,2.77);
#3752=IFCCARTESIANPOINT((-14.420146196152011,2.8979490755574489,0.70000000000059781));
#3753=IFCAXIS2PLACEMENT3D(#3752,#5,#8);
#3754=IFCEXTRUDEDAREASOLID(#3751,#3753,#9,0.13999999999999849);
#3755=IFCSTYLEDITEM(#3754,(#272),$);
#3756=IFCSHAPEREPRESENTATION(#24,'Body','SweptSolid',(#3754));
#3757=IFCPRODUCTDEFINITIONSHAPE($,$,(#3756));
#3758=IFCBEAM('0ekhV2_H95TvLl4hLKomi2',#18,'VB26',$,'VB26 1856:VB26 1856',#3748,#3757,'612289');
#3759=IFCBEAMTYPE('0ekhV2_H95TvLl4hLKolNi',#18,'VB26 1856:VB26 1856',$,$,(#3767),$,'567599',$,.NOTDEFINED.);
#3760=IFCPROPERTYSET('18QcIHk_2ewxXtRtWcWtSD',#18,'Pset_BeamCommon',$,(#179,#180,#697));
#3761=IFCPROPERTYSET('0AYkpuSodFVMEC2NbByNlO',#18,'Pset_QuantityTakeOff',$,(#697));
#3762=IFCPROPERTYSINGLEVALUE('Reference',$,IFCLABEL('Viga C-25 - Se\X\E7\X\E3o Retangular 14 X 30'),$);
#3763=IFCPROPERTYSET('38IT1na$X6X8hyMXJUfPWt',#18,'Pset_ReinforcementBarPitchOfBeam',$,(#3762));
#3764=IFCRELDEFINESBYPROPERTIES('1l$krSp92mmghi2S4AWDhL',#18,$,$,(#3758),#3760);
#3765=IFCRELDEFINESBYPROPERTIES('2foD$uM_g9en68bzV6ueGf',#18,$,$,(#3758),#3761);
#3766=IFCRELDEFINESBYPROPERTIES('0EkQBhDhwRim1oF41xEjHN',#18,$,$,(#3758),#3763);
#3767=IFCPROPERTYSET('3XX08nW7HtzJJatXXN92tK',#18,'Pset_BeamCommon',$,(#180));
#3768=IFCAXIS2PLACEMENT3D(#3,$,$);
#3769=IFCLOCALPLACEMENT(#35,#3768);
#3770=IFCCARTESIANPOINT((0.,0.));
#3771=IFCAXIS2PLACEMENT2D(#3770,#13);
#3772=IFCRECTANGLEPROFILEDEF(.AREA.,'VB26 1823',#3771,0.30000000000000004,1.8500000000000001);
#3773=IFCCARTESIANPOINT((-14.420146196152011,5.6079490755574497,0.70000000000059781));
#3774=IFCAXIS2PLACEMENT3D(#3773,#5,#8);
#3775=IFCEXTRUDEDAREASOLID(#3772,#3774,#9,0.13999999999999849);
#3776=IFCSTYLEDITEM(#3775,(#272),$);
#3777=IFCSHAPEREPRESENTATION(#24,'Body','SweptSolid',(#3775));
#3778=IFCPRODUCTDEFINITIONSHAPE($,$,(#3777));
#3779=IFCBEAM('0ekhV2_H95TvLl4hLKomi1',#18,'VB26',$,'VB26 1823:VB26 1823',#3769,#3778,'612290');
#3780=IFCBEAMTYPE('0ekhV2_H95TvLl4hLKolNk',#18,'VB26 1823:VB26 1823',$,$,(#3788),$,'567597',$,.NOTDEFINED.);
#3781=IFCPROPERTYSET('0JpiMlmjxQGSpZI2enKdsQ',#18,'Pset_BeamCommon',$,(#179,#180,#697));
#3782=IFCPROPERTYSET('09FlLSDmhL0gW84QZsH3tv',#18,'Pset_QuantityTakeOff',$,(#697));
#3783=IFCPROPERTYSINGLEVALUE('Reference',$,IFCLABEL('Viga C-25 - Se\X\E7\X\E3o Retangular 14 X 30'),$);
#3784=IFCPROPERTYSET('2UvjGltqvAj3y_x3WugM0c',#18,'Pset_ReinforcementBarPitchOfBeam',$,(#3783));
#3785=IFCRELDEFINESBYPROPERTIES('0BZLJkqKpH92dS$RFZk8VV',#18,$,$,(#3779),#3781);
#3786=IFCRELDEFINESBYPROPERTIES('08RDwBLeRXPB6hTzcfHXzy',#18,$,$,(#3779),#3782);
#3787=IFCRELDEFINESBYPROPERTIES('1g3nSPchAVoppaM65qI$i7',#18,$,$,(#3779),#3784);
#3788=IFCPROPERTYSET('2_pdaHbpQnvOLwS81XjgT6',#18,'Pset_BeamCommon',$,(#180));
#3789=IFCAXIS2PLACEMENT3D(#3,$,$);
#3790=IFCLOCALPLACEMENT(#35,#3789);
#3791=IFCCARTESIANPOINT((0.,0.));
#3792=IFCAXIS2PLACEMENT2D(#3791,#13);
#3793=IFCRECTANGLEPROFILEDEF(.AREA.,'VB25 1790',#3792,0.30000000000000004,2.7200000000000002);
#3794=IFCCARTESIANPOINT((-14.420146196152011,-2.847150924442551,0.70000000000059781));
#3795=IFCAXIS2PLACEMENT3D(#3794,#5,#8);
#3796=IFCEXTRUDEDAREASOLID(#3793,#3795,#9,0.13999999999999849);
#3797=IFCSTYLEDITEM(#3796,(#272),$);
#3798=IFCSHAPEREPRESENTATION(#24,'Body','SweptSolid',(#3796));
#3799=IFCPRODUCTDEFINITIONSHAPE($,$,(#3798));
#3800=IFCBEAM('0ekhV2_H95TvLl4hLKomi0',#18,'VB25',$,'VB25 1790:VB25 1790',#3790,#3799,'612291');
#3801=IFCPROPERTYSET('0sJlRG$zOTYb3767J75PzW',#18,'Pset_BeamCommon',$,(#179,#180,#697));
#3802=IFCPROPERTYSET('2SPZtb2VxLL0qFSlk84yjj',#18,'Pset_QuantityTakeOff',$,(#697));
#3803=IFCPROPERTYSINGLEVALUE('Reference',$,IFCLABEL('Viga C-25 - Se\X\E7\X\E3o Retangular 14 X 30'),$);
#3804=IFCPROPERTYSET('1e3w9qrkuOSRM6Um4qDQrs',#18,'Pset_ReinforcementBarPitchOfBeam',$,(#3803));
#3805=IFCRELDEFINESBYPROPERTIES('3c0Qk2U$cSXuqD0WERkz3v',#18,$,$,(#3800),#3801);
#3806=IFCRELDEFINESBYPROPERTIES('3F53X28i8oc7SVxtc9sel4',#18,$,$,(#3800),#3802);
#3807=IFCRELDEFINESBYPROPERTIES('1PMc9jsrVhlYlPePK7sbDs',#18,$,$,(#3800),#3804);
#3808=IFCAXIS2PLACEMENT3D(#3,$,$);
#3809=IFCLOCALPLACEMENT(#35,#3808);
#3810=IFCCARTESIANPOINT((0.,0.));
#3811=IFCAXIS2PLACEMENT2D(#3810,#13);
#3812=IFCRECTANGLEPROFILEDEF(.AREA.,'VB25 1757',#3811,0.30000000000000004,3.1499999999999995);
#3813=IFCCARTESIANPOINT((-14.420146196152011,-8.1620509244425499,0.70000000000059781));
#3814=IFCAXIS2PLACEMENT3D(#3813,#5,#8);
#3815=IFCEXTRUDEDAREASOLID(#3812,#3814,#9,0.13999999999999849);
#3816=IFCSTYLEDITEM(#3815,(#272),$);
#3817=IFCSHAPEREPRESENTATION(#24,'Body','SweptSolid',(#3815));
#3818=IFCPRODUCTDEFINITIONSHAPE($,$,(#3817));
#3819=IFCBEAM('0ekhV2_H95TvLl4hLKomi7',#18,'VB25',$,'VB25 1757:VB25 1757',#3809,#3818,'612292');
#3820=IFCBEAMTYPE('0ekhV2_H95TvLl4hLKolNg',#18,'VB25 1757:VB25 1757',$,$,(#3828),$,'567593',$,.NOTDEFINED.);
#3821=IFCPROPERTYSET('3CGu4YUTNbO$6HShJv1Iem',#18,'Pset_BeamCommon',$,(#179,#180,#697));
#3822=IFCPROPERTYSET('3NoVA96qouD1X_feQ8panW',#18,'Pset_QuantityTakeOff',$,(#697));
#3823=IFCPROPERTYSINGLEVALUE('Reference',$,IFCLABEL('Viga C-25 - Se\X\E7\X\E3o Retangular 14 X 30'),$);
#3824=IFCPROPERTYSET('0oKU2kRY2O9_M12CdGbE5f',#18,'Pset_ReinforcementBarPitchOfBeam',$,(#3823));
#3825=IFCRELDEFINESBYPROPERTIES('3fdjfJU2GQ9FxI7jOlI4zD',#18,$,$,(#3819),#3821);
#3826=IFCRELDEFINESBYPROPERTIES('1qXxzieu5ZL6z6OA3puZBK',#18,$,$,(#3819),#3822);
#3827=IFCRELDEFINESBYPROPERTIES('2zgOVmnZjkt7QzhzhaRPH5',#18,$,$,(#3819),#3824);
#3828=IFCPROPERTYSET('0OYAnNt8c0u$xk6QFZsRi$',#18,'Pset_BeamCommon',$,(#180));
#3829=IFCAXIS2PLACEMENT3D(#3,$,$);
#3830=IFCLOCALPLACEMENT(#35,#3829);
#3831=IFCCARTESIANPOINT((0.,0.));
#3832=IFCAXIS2PLACEMENT2D(#3831,#13);
#3833=IFCRECTANGLEPROFILEDEF(.AREA.,'VB25 1724',#3832,0.30000000000000004,1.2505000000000006);
#3834=IFCCARTESIANPOINT((-14.420146196152011,-5.561800924442549,0.70000000000059781));
#3835=IFCAXIS2PLACEMENT3D(#3834,#5,#8);
#3836=IFCEXTRUDEDAREASOLID(#3833,#3835,#9,0.13999999999999849);
#3837=IFCSTYLEDITEM(#3836,(#272),$);
#3838=IFCSHAPEREPRESENTATION(#24,'Body','SweptSolid',(#3836));
#3839=IFCPRODUCTDEFINITIONSHAPE($,$,(#3838));
#3840=IFCBEAM('0ekhV2_H95TvLl4hLKomi6',#18,'VB25',$,'VB25 1724:VB25 1724',#3830,#3839,'612293');
#3841=IFCBEAMTYPE('0ekhV2_H95TvLl4hLKolNa',#18,'VB25 1724:VB25 1724',$,$,(#3849),$,'567591',$,.NOTDEFINED.);
#3842=IFCPROPERTYSET('3DP7MVQshLSkyaTccZyifU',#18,'Pset_BeamCommon',$,(#179,#180,#697));
#3843=IFCPROPERTYSET('0NStTAyylVZcoK$0v19tI8',#18,'Pset_QuantityTakeOff',$,(#697));
#3844=IFCPROPERTYSINGLEVALUE('Reference',$,IFCLABEL('Viga C-25 - Se\X\E7\X\E3o Retangular 14 X 30'),$);
#3845=IFCPROPERTYSET('0dsS3UplHQiCekkIYKuGz7',#18,'Pset_ReinforcementBarPitchOfBeam',$,(#3844));
#3846=IFCRELDEFINESBYPROPERTIES('3uUE5rRnNTRMuHFa8WUdcj',#18,$,$,(#3840),#3842);
#3847=IFCRELDEFINESBYPROPERTIES('1niNB3ASBvbOhvHObQtpXk',#18,$,$,(#3840),#3843);
#3848=IFCRELDEFINESBYPROPERTIES('3sbXCHtdph9o_tWzd92Wi8',#18,$,$,(#3840),#3845);
#3849=IFCPROPERTYSET('0Oa_MyVs2tD$lwVXI1ef7J',#18,'Pset_BeamCommon',$,(#180));
#3850=IFCAXIS2PLACEMENT3D(#3,$,$);
#3851=IFCLOCALPLACEMENT(#35,#3850);
#3852=IFCCARTESIANPOINT((0.,0.));
#3853=IFCAXIS2PLACEMENT2D(#3852,#13);
#3854=IFCRECTANGLEPROFILEDEF(.AREA.,'VB25 1691',#3853,0.30000000000000004,0.93009999999999993);
#3855=IFCCARTESIANPOINT((-14.420146196152011,-1.0921009244425495,0.70000000000059781));
#3856=IFCAXIS2PLACEMENT3D(#3855,#5,#8);
#3857=IFCEXTRUDEDAREASOLID(#3854,#3856,#9,0.13999999999999849);
#3858=IFCSTYLEDITEM(#3857,(#272),$);
#3859=IFCSHAPEREPRESENTATION(#24,'Body','SweptSolid',(#3857));
#3860=IFCPRODUCTDEFINITIONSHAPE($,$,(#3859));
#3861=IFCBEAM('0ekhV2_H95TvLl4hLKomi5',#18,'VB25',$,'VB25 1691:VB25 1691',#3851,#3860,'612294');
#3862=IFCBEAMTYPE('0ekhV2_H95TvLl4hLKolNc',#18,'VB25 1691:VB25 1691',$,$,(#3870),$,'567589',$,.NOTDEFINED.);
#3863=IFCPROPERTYSET('1zf3goPixAsjvNlnRgc9_m',#18,'Pset_BeamCommon',$,(#179,#180,#697));
#3864=IFCPROPERTYSET('2kI4DTt4xXAATZeR1Mv0Sz',#18,'Pset_QuantityTakeOff',$,(#697));
#3865=IFCPROPERTYSINGLEVALUE('Reference',$,IFCLABEL('Viga C-25 - Se\X\E7\X\E3o Retangular 14 X 30'),$);
#3866=IFCPROPERTYSET('3nzsnfc_RD630Y5Tph9wBv',#18,'Pset_ReinforcementBarPitchOfBeam',$,(#3865));
#3867=IFCRELDEFINESBYPROPERTIES('0koEZfcGPKly0ZPDsgbwOn',#18,$,$,(#3861),#3863);
#3868=IFCRELDEFINESBYPROPERTIES('2QYtysaVbOJgRTM2drMuut',#18,$,$,(#3861),#3864);
#3869=IFCRELDEFINESBYPROPERTIES('0GsWpFh8r9DolLLnbDT_6f',#18,$,$,(#3861),#3866);
#3870=IFCPROPERTYSET('0ThvyB9yQQEuyFwm7ipoCW',#18,'Pset_BeamCommon',$,(#180));
#3871=IFCAXIS2PLACEMENT3D(#3,$,$);
#3872=IFCLOCALPLACEMENT(#35,#3871);
#3873=IFCCARTESIANPOINT((-2.7755575615628914E-16,0.));
#3874=IFCAXIS2PLACEMENT2D(#3873,#13);
#3875=IFCRECTANGLEPROFILEDEF(.AREA.,'VB25 1658',#3874,0.30000000000000004,0.49939999999999962);
#3876=IFCCARTESIANPOINT((-14.420146196152011,-4.7568509244425501,0.70000000000059781));
#3877=IFCAXIS2PLACEMENT3D(#3876,#5,#8);
#3878=IFCEXTRUDEDAREASOLID(#3875,#3877,#9,0.13999999999999849);
#3879=IFCSTYLEDITEM(#3878,(#272),$);
#3880=IFCSHAPEREPRESENTATION(#24,'Body','SweptSolid',(#3878));
#3881=IFCPRODUCTDEFINITIONSHAPE($,$,(#3880));
#3882=IFCBEAM('0ekhV2_H95TvLl4hLKomi4',#18,'VB25',$,'VB25 1658:VB25 1658',#3872,#3881,'612295');
#3883=IFCBEAMTYPE('0ekhV2_H95TvLl4hLKolNW',#18,'VB25 1658:VB25 1658',$,$,(#3891),$,'567587',$,.NOTDEFINED.);
#3884=IFCPROPERTYSET('0LkcKsSGlVqvQlBuI$jZN8',#18,'Pset_BeamCommon',$,(#179,#180,#697));
#3885=IFCPROPERTYSET('1qGSfOOVpXW6jSO2TTOzH1',#18,'Pset_QuantityTakeOff',$,(#697));
#3886=IFCPROPERTYSINGLEVALUE('Reference',$,IFCLABEL('Viga C-25 - Se\X\E7\X\E3o Retangular 14 X 30'),$);
#3887=IFCPROPERTYSET('1E$GBSsRRa3XSz9eZ1qU4R',#18,'Pset_ReinforcementBarPitchOfBeam',$,(#3886));
#3888=IFCRELDEFINESBYPROPERTIES('1sxHPPIhjS963aHW2ml6ct',#18,$,$,(#3882),#3884);
#3889=IFCRELDEFINESBYPROPERTIES('2sGOK9dKRtBqfa27PyR0cd',#18,$,$,(#3882),#3885);
#3890=IFCRELDEFINESBYPROPERTIES('0OQywVwPq9x184TPBVmLs4',#18,$,$,(#3882),#3887);
#3891=IFCPROPERTYSET('3DYR8n7T71uUyewBSiF3r5',#18,'Pset_BeamCommon',$,(#180));
#3892=IFCAXIS2PLACEMENT3D(#3,$,$);
#3893=IFCLOCALPLACEMENT(#35,#3892);
#3894=IFCCARTESIANPOINT((0.,0.));
#3895=IFCAXIS2PLACEMENT2D(#3894,#13);
#3896=IFCRECTANGLEPROFILEDEF(.AREA.,'VB24 1625',#3895,0.30000000000000004,2.2697999999999996);
#3897=IFCCARTESIANPOINT((-15.219746196152011,9.6979490755574496,0.70000000000059781));
#3898=IFCAXIS2PLACEMENT3D(#3897,#5,#8);
#3899=IFCEXTRUDEDAREASOLID(#3896,#3898,#9,0.13999999999999849);
#3900=IFCSTYLEDITEM(#3899,(#272),$);
#3901=IFCSHAPEREPRESENTATION(#24,'Body','SweptSolid',(#3899));
#3902=IFCPRODUCTDEFINITIONSHAPE($,$,(#3901));
#3903=IFCBEAM('0ekhV2_H95TvLl4hLKomiB',#18,'VB24',$,'VB24 1625:VB24 1625',#3893,#3902,'612296');
#3904=IFCBEAMTYPE('0ekhV2_H95TvLl4hLKolNY',#18,'VB24 1625:VB24 1625',$,$,(#3912),$,'567585',$,.NOTDEFINED.);
#3905=IFCPROPERTYSET('1XBlhjJKWirV4vHvK$ioSR',#18,'Pset_BeamCommon',$,(#179,#180,#697));
#3906=IFCPROPERTYSET('2McqdzD70KDAtxATTSRKEM',#18,'Pset_QuantityTakeOff',$,(#697));
#3907=IFCPROPERTYSINGLEVALUE('Reference',$,IFCLABEL('Viga C-25 - Se\X\E7\X\E3o Retangular 14 X 30'),$);
#3908=IFCPROPERTYSET('0ZUANk5E7EDbHBTqAinlka',#18,'Pset_ReinforcementBarPitchOfBeam',$,(#3907));
#3909=IFCRELDEFINESBYPROPERTIES('1Lpcuw57SrprD8JzyLUt91',#18,$,$,(#3903),#3905);
#3910=IFCRELDEFINESBYPROPERTIES('1POOalgJxi9H_2Gwpn4rgy',#18,$,$,(#3903),#3906);
#3911=IFCRELDEFINESBYPROPERTIES('3th4IIPa$IfldtrN74HYhc',#18,$,$,(#3903),#3908);
#3912=IFCPROPERTYSET('0w_VC38o7wAIUW9SipQQQb',#18,'Pset_BeamCommon',$,(#180));
#3913=IFCAXIS2PLACEMENT3D(#3,$,$);
#3914=IFCLOCALPLACEMENT(#35,#3913);
#3915=IFCCARTESIANPOINT((1.0547118733938987E-15,0.));
#3916=IFCAXIS2PLACEMENT2D(#3915,#13);
#3917=IFCRECTANGLEPROFILEDEF(.AREA.,'VB24 1592',#3916,0.30000000000000004,1.7002000000000002);
#3918=IFCCARTESIANPOINT((-15.219746196152011,7.7829490755574513,0.70000000000059781));
#3919=IFCAXIS2PLACEMENT3D(#3918,#5,#8);
#3920=IFCEXTRUDEDAREASOLID(#3917,#3919,#9,0.13999999999999849);
#3921=IFCSTYLEDITEM(#3920,(#272),$);
#3922=IFCSHAPEREPRESENTATION(#24,'Body','SweptSolid',(#3920));
#3923=IFCPRODUCTDEFINITIONSHAPE($,$,(#3922));
#3924=IFCBEAM('0ekhV2_H95TvLl4hLKomiA',#18,'VB24',$,'VB24 1592:VB24 1592',#3914,#3923,'612297');
#3925=IFCBEAMTYPE('0ekhV2_H95TvLl4hLKolNS',#18,'VB24 1592:VB24 1592',$,$,(#3933),$,'567583',$,.NOTDEFINED.);
#3926=IFCPROPERTYSET('2uZZ8Tfydw75tSUf9ttLJh',#18,'Pset_BeamCommon',$,(#179,#180,#697));
#3927=IFCPROPERTYSET('04ECH_OYy_AVwN4R4R3SC5',#18,'Pset_QuantityTakeOff',$,(#697));
#3928=IFCPROPERTYSINGLEVALUE('Reference',$,IFCLABEL('Viga C-25 - Se\X\E7\X\E3o Retangular 14 X 30'),$);
#3929=IFCPROPERTYSET('2m16qWu1AfwiULDWf4Tgaq',#18,'Pset_ReinforcementBarPitchOfBeam',$,(#3928));
#3930=IFCRELDEFINESBYPROPERTIES('3aeVMAcEYPrI9vxSRFvzyy',#18,$,$,(#3924),#3926);
#3931=IFCRELDEFINESBYPROPERTIES('2I0myh$pBC9P3IhFLBG99A',#18,$,$,(#3924),#3927);
#3932=IFCRELDEFINESBYPROPERTIES('0zVGIhDliSguTMXk9k15Oj',#18,$,$,(#3924),#3929);
#3933=IFCPROPERTYSET('1q$oCrW2rdSCYTh0Cq6afE',#18,'Pset_BeamCommon',$,(#180));
#3934=IFCAXIS2PLACEMENT3D(#3,$,$);
#3935=IFCLOCALPLACEMENT(#35,#3934);
#3936=IFCCARTESIANPOINT((0.,0.));
#3937=IFCAXIS2PLACEMENT2D(#3936,#13);
#3938=IFCRECTANGLEPROFILEDEF(.AREA.,'VB23 1559',#3937,0.30000000000000004,1.3);
#3939=IFCCARTESIANPOINT((-15.81974619615201,-5.8170509244425492,0.70000000000059781));
#3940=IFCAXIS2PLACEMENT3D(#3939,#5,#8);
#3941=IFCEXTRUDEDAREASOLID(#3938,#3940,#9,0.13999999999999849);
#3942=IFCSTYLEDITEM(#3941,(#272),$);
#3943=IFCSHAPEREPRESENTATION(#24,'Body','SweptSolid',(#3941));
#3944=IFCPRODUCTDEFINITIONSHAPE($,$,(#3943));
#3945=IFCBEAM('0ekhV2_H95TvLl4hLKomi9',#18,'VB23',$,'VB23 1559:VB23 1559',#3935,#3944,'612298');
#3946=IFCBEAMTYPE('0ekhV2_H95TvLl4hLKolNU',#18,'VB23 1559:VB23 1559',$,$,(#3954),$,'567581',$,.NOTDEFINED.);
#3947=IFCPROPERTYSET('3Qw7uNzaK53hqzv8eXkn4P',#18,'Pset_BeamCommon',$,(#179,#180,#697));
#3948=IFCPROPERTYSET('2H78xGdceT0d28jWzaxLGF',#18,'Pset_QuantityTakeOff',$,(#697));
#3949=IFCPROPERTYSINGLEVALUE('Reference',$,IFCLABEL('Viga C-25 - Se\X\E7\X\E3o Retangular 14 X 30'),$);
#3950=IFCPROPERTYSET('11vBzekWtU3Qt7yoYYJA0g',#18,'Pset_ReinforcementBarPitchOfBeam',$,(#3949));
#3951=IFCRELDEFINESBYPROPERTIES('1bdZX$W4pyUlJYl$mmg0sx',#18,$,$,(#3945),#3947);
#3952=IFCRELDEFINESBYPROPERTIES('0HOchO7IxF4i_87XFlRUIk',#18,$,$,(#3945),#3948);
#3953=IFCRELDEFINESBYPROPERTIES('2Ty0AEzlP4aul9BdJkiM0_',#18,$,$,(#3945),#3950);
#3954=IFCPROPERTYSET('38ToDiXL9h0W7rSwuJd_h4',#18,'Pset_BeamCommon',$,(#180));
#3955=IFCAXIS2PLACEMENT3D(#3,$,$);
#3956=IFCLOCALPLACEMENT(#35,#3955);
#3957=IFCCARTESIANPOINT((0.,0.));
#3958=IFCAXIS2PLACEMENT2D(#3957,#13);
#3959=IFCRECTANGLEPROFILEDEF(.AREA.,'VB23 1526',#3958,0.30000000000000004,3.1299999999999999);
#3960=IFCCARTESIANPOINT((-15.81974619615201,-8.1020509244425494,0.70000000000059781));
#3961=IFCAXIS2PLACEMENT3D(#3960,#5,#8);
#3962=IFCEXTRUDEDAREASOLID(#3959,#3961,#9,0.13999999999999849);
#3963=IFCSTYLEDITEM(#3962,(#272),$);
#3964=IFCSHAPEREPRESENTATION(#24,'Body','SweptSolid',(#3962));
#3965=IFCPRODUCTDEFINITIONSHAPE($,$,(#3964));
#3966=IFCBEAM('0ekhV2_H95TvLl4hLKomi8',#18,'VB23',$,'VB23 1526:VB23 1526',#3956,#3965,'612299');
#3967=IFCBEAMTYPE('0ekhV2_H95TvLl4hLKolNO',#18,'VB23 1526:VB23 1526',$,$,(#3975),$,'567579',$,.NOTDEFINED.);
#3968=IFCPROPERTYSET('3QAFTSXyLnTpqLflcXmk0a',#18,'Pset_BeamCommon',$,(#179,#180,#697));
#3969=IFCPROPERTYSET('2MxlTO8NBvlgBT6z$pqXAh',#18,'Pset_QuantityTakeOff',$,(#697));
#3970=IFCPROPERTYSINGLEVALUE('Reference',$,IFCLABEL('Viga C-25 - Se\X\E7\X\E3o Retangular 14 X 30'),$);
#3971=IFCPROPERTYSET('3ezBX1iazU7$S8fCBdtR6R',#18,'Pset_ReinforcementBarPitchOfBeam',$,(#3970));
#3972=IFCRELDEFINESBYPROPERTIES('3Lb_mv1YnsNABUQalieeSN',#18,$,$,(#3966),#3968);
#3973=IFCRELDEFINESBYPROPERTIES('07GZhJQmwYak6p5FdS53WS',#18,$,$,(#3966),#3969);
#3974=IFCRELDEFINESBYPROPERTIES('3pucgiP1u4zS2y6rd6x4Xl',#18,$,$,(#3966),#3971);
#3975=IFCPROPERTYSET('2pFo9BpEJD0zWfIm5oROT0',#18,'Pset_BeamCommon',$,(#180));
#3976=IFCAXIS2PLACEMENT3D(#3,$,$);
#3977=IFCLOCALPLACEMENT(#35,#3976);
#3978=IFCCARTESIANPOINT((0.,0.));
#3979=IFCAXIS2PLACEMENT2D(#3978,#13);
#3980=IFCRECTANGLEPROFILEDEF(.AREA.,'VB22 1493',#3979,0.30000000000000004,1.6005);
#3981=IFCCARTESIANPOINT((-17.419646196152012,-5.6668009244425486,0.70000000000059781));
#3982=IFCAXIS2PLACEMENT3D(#3981,#5,#8);
#3983=IFCEXTRUDEDAREASOLID(#3980,#3982,#9,0.13999999999999849);
#3984=IFCSTYLEDITEM(#3983,(#272),$);
#3985=IFCSHAPEREPRESENTATION(#24,'Body','SweptSolid',(#3983));
#3986=IFCPRODUCTDEFINITIONSHAPE($,$,(#3985));
#3987=IFCBEAM('0ekhV2_H95TvLl4hLKomiF',#18,'VB22',$,'VB22 1493:VB22 1493',#3977,#3986,'612300');
#3988=IFCBEAMTYPE('0ekhV2_H95TvLl4hLKolNQ',#18,'VB22 1493:VB22 1493',$,$,(#3996),$,'567577',$,.NOTDEFINED.);
#3989=IFCPROPERTYSET('2xLivbwGxuvj0IxOcP4E50',#18,'Pset_BeamCommon',$,(#179,#180,#697));
#3990=IFCPROPERTYSET('0xwh28S8dohb9_CT$5zyPP',#18,'Pset_QuantityTakeOff',$,(#697));
#3991=IFCPROPERTYSINGLEVALUE('Reference',$,IFCLABEL('Viga C-25 - Se\X\E7\X\E3o Retangular 14 X 30'),$);
#3992=IFCPROPERTYSET('0eNETgnCe8hixqhvOyTEd0',#18,'Pset_ReinforcementBarPitchOfBeam',$,(#3991));
#3993=IFCRELDEFINESBYPROPERTIES('24JGWbvtE0bwQZWa40T83X',#18,$,$,(#3987),#3989);
#3994=IFCRELDEFINESBYPROPERTIES('2IlP1$ygJSEpKm3ieaU_EZ',#18,$,$,(#3987),#3990);
#3995=IFCRELDEFINESBYPROPERTIES('2tgCPY0HzAOQovrJlP2qHv',#18,$,$,(#3987),#3992);
#3996=IFCPROPERTYSET('3HI7OEaaUXIzoOOhhIHEBf',#18,'Pset_BeamCommon',$,(#180));
#3997=IFCAXIS2PLACEMENT3D(#3,$,$);
#3998=IFCLOCALPLACEMENT(#35,#3997);
#3999=IFCCARTESIANPOINT((0.,0.));
#4000=IFCAXIS2PLACEMENT2D(#3999,#13);
#4001=IFCRECTANGLEPROFILEDEF(.AREA.,'VB21 1460',#4000,0.30000000000000004,0.69059999999999899);
#4002=IFCCARTESIANPOINT((-18.521546196152013,-9.4617509244425531,0.70000000000059781));
#4003=IFCAXIS2PLACEMENT3D(#4002,#5,#8);
#4004=IFCEXTRUDEDAREASOLID(#4001,#4003,#9,0.13999999999999849);
#4005=IFCSTYLEDITEM(#4004,(#272),$);
#4006=IFCSHAPEREPRESENTATION(#24,'Body','SweptSolid',(#4004));
#4007=IFCPRODUCTDEFINITIONSHAPE($,$,(#4006));
#4008=IFCBEAM('0ekhV2_H95TvLl4hLKomiE',#18,'VB21',$,'VB21 1460:VB21 1460',#3998,#4007,'612301');
#4009=IFCBEAMTYPE('0ekhV2_H95TvLl4hLKolNK',#18,'VB21 1460:VB21 1460',$,$,(#4017),$,'567575',$,.NOTDEFINED.);
#4010=IFCPROPERTYSET('1aEhLvTqcvnJoBnRJIReA2',#18,'Pset_BeamCommon',$,(#179,#180,#697));
#4011=IFCPROPERTYSET('2ciIrD2zuiQv2ekuuk6Z3q',#18,'Pset_QuantityTakeOff',$,(#697));
#4012=IFCPROPERTYSINGLEVALUE('Reference',$,IFCLABEL('Viga C-25 - Se\X\E7\X\E3o Retangular 14 X 30'),$);
#4013=IFCPROPERTYSET('2RR7HzSh74lEm9GDKhoBb_',#18,'Pset_ReinforcementBarPitchOfBeam',$,(#4012));
#4014=IFCRELDEFINESBYPROPERTIES('1ABr9v58S2i7IZKHkB4uAr',#18,$,$,(#4008),#4010);
#4015=IFCRELDEFINESBYPROPERTIES('1eqUllQ6JV0w0kz47O97pM',#18,$,$,(#4008),#4011);
#4016=IFCRELDEFINESBYPROPERTIES('1W8SbExlwcsG0GR8N9elyQ',#18,$,$,(#4008),#4013);
#4017=IFCPROPERTYSET('2Uwhuc9ywzjunkiGQ2dRYR',#18,'Pset_BeamCommon',$,(#180));
#4018=IFCAXIS2PLACEMENT3D(#3,$,$);
#4019=IFCLOCALPLACEMENT(#35,#4018);
#4020=IFCCARTESIANPOINT((-1.1102230246251565E-16,0.));
#4021=IFCAXIS2PLACEMENT2D(#4020,#13);
#4022=IFCRECTANGLEPROFILEDEF(.AREA.,'VB20 1427',#4021,0.30000000000000004,3.6277999999999997);
#4023=IFCCARTESIANPOINT((-19.418346196152012,1.59674907555745,0.70000000000059781));
#4024=IFCAXIS2PLACEMENT3D(#4023,#5,#8);
#4025=IFCEXTRUDEDAREASOLID(#4022,#4024,#9,0.19000000000000011);
#4026=IFCSTYLEDITEM(#4025,(#272),$);
#4027=IFCSHAPEREPRESENTATION(#24,'Body','SweptSolid',(#4025));
#4028=IFCPRODUCTDEFINITIONSHAPE($,$,(#4027));
#4029=IFCBEAM('0ekhV2_H95TvLl4hLKomiD',#18,'VB20',$,'VB20 1427:VB20 1427',#4019,#4028,'612302');
#4030=IFCBEAMTYPE('0ekhV2_H95TvLl4hLKolNM',#18,'VB20 1427:VB20 1427',$,$,(#4038),$,'567573',$,.NOTDEFINED.);
#4031=IFCPROPERTYSET('3sDlwwZVYrGX_dC9qg5_pt',#18,'Pset_BeamCommon',$,(#179,#180,#3234));
#4032=IFCPROPERTYSET('2ipKQbHfqbTTlyPpYfnfcT',#18,'Pset_QuantityTakeOff',$,(#3234));
#4033=IFCPROPERTYSINGLEVALUE('Reference',$,IFCLABEL('Viga C-25 - Se\X\E7\X\E3o Retangular 19 X 30'),$);
#4034=IFCPROPERTYSET('0ShzE84YTqJqtmZxFLs_Ub',#18,'Pset_ReinforcementBarPitchOfBeam',$,(#4033));
#4035=IFCRELDEFINESBYPROPERTIES('2tEKefDQdL2EiCLhJv2KTk',#18,$,$,(#4029),#4031);
#4036=IFCRELDEFINESBYPROPERTIES('2lc6jVNSIZiLUcxx6LfGYa',#18,$,$,(#4029),#4032);
#4037=IFCRELDEFINESBYPROPERTIES('0SruJMUA_Jj_UdLT9UtGfz',#18,$,$,(#4029),#4034);
#4038=IFCPROPERTYSET('04FXU_0Vvr_Plao7MmbB_b',#18,'Pset_BeamCommon',$,(#180));
#4039=IFCAXIS2PLACEMENT3D(#3,$,$);
#4040=IFCLOCALPLACEMENT(#35,#4039);
#4041=IFCCARTESIANPOINT((0.,0.));
#4042=IFCAXIS2PLACEMENT2D(#4041,#13);
#4043=IFCRECTANGLEPROFILEDEF(.AREA.,'VB20 1394',#4042,0.30000000000000004,3.3223000000000003);
#4044=IFCCARTESIANPOINT((-19.418346196152012,5.0717990755574496,0.70000000000059781));
#4045=IFCAXIS2PLACEMENT3D(#4044,#5,#8);
#4046=IFCEXTRUDEDAREASOLID(#4043,#4045,#9,0.19000000000000011);
#4047=IFCSTYLEDITEM(#4046,(#272),$);
#4048=IFCSHAPEREPRESENTATION(#24,'Body','SweptSolid',(#4046));
#4049=IFCPRODUCTDEFINITIONSHAPE($,$,(#4048));
#4050=IFCBEAM('0ekhV2_H95TvLl4hLKomiC',#18,'VB20',$,'VB20 1394:VB20 1394',#4040,#4049,'612303');
#4051=IFCBEAMTYPE('0ekhV2_H95TvLl4hLKolNG',#18,'VB20 1394:VB20 1394',$,$,(#4059),$,'567571',$,.NOTDEFINED.);
#4052=IFCPROPERTYSET('1onAnoWVKpeo1kqdMALdVo',#18,'Pset_BeamCommon',$,(#179,#180,#3234));
#4053=IFCPROPERTYSET('19LGMGZLCw1L6Xyp3ZP0bY',#18,'Pset_QuantityTakeOff',$,(#3234));
#4054=IFCPROPERTYSINGLEVALUE('Reference',$,IFCLABEL('Viga C-25 - Se\X\E7\X\E3o Retangular 19 X 30'),$);
#4055=IFCPROPERTYSET('3oEg9lAeb335ktih_nOcqI',#18,'Pset_ReinforcementBarPitchOfBeam',$,(#4054));
#4056=IFCRELDEFINESBYPROPERTIES('0iYURCSYzecYKXUC413OcJ',#18,$,$,(#4050),#4052);
#4057=IFCRELDEFINESBYPROPERTIES('18bNayKySf6YTVBGoK$y6R',#18,$,$,(#4050),#4053);
#4058=IFCRELDEFINESBYPROPERTIES('0MtK$VuxOn$PxdrpwsaLhT',#18,$,$,(#4050),#4055);
#4059=IFCPROPERTYSET('1h6H1h_3wIqOH0KzRKvvIk',#18,'Pset_BeamCommon',$,(#180));
#4060=IFCAXIS2PLACEMENT3D(#3,$,$);
#4061=IFCLOCALPLACEMENT(#35,#4060);
#4062=IFCCARTESIANPOINT((0.,0.));
#4063=IFCAXIS2PLACEMENT2D(#4062,#11);
#4064=IFCRECTANGLEPROFILEDEF(.AREA.,'VB2 1361',#4063,0.30000000000000004,0.40000000000000002);
#4065=IFCCARTESIANPOINT((-15.07974619615201,11.032849075557449,0.70000000000059781));
#4066=IFCAXIS2PLACEMENT3D(#4065,#5,#10);
#4067=IFCEXTRUDEDAREASOLID(#4064,#4066,#9,1.9999000000000002);
#4068=IFCSTYLEDITEM(#4067,(#272),$);
#4069=IFCSHAPEREPRESENTATION(#24,'Body','SweptSolid',(#4067));
#4070=IFCPRODUCTDEFINITIONSHAPE($,$,(#4069));
#4071=IFCBEAM('0ekhV2_H95TvLl4hLKomiJ',#18,'VB2',$,'VB2 1361:VB2 1361',#4061,#4070,'612304');
#4072=IFCBEAMTYPE('0ekhV2_H95TvLl4hLKolNI',#18,'VB2 1361:VB2 1361',$,$,(#4081),$,'567569',$,.NOTDEFINED.);
#4073=IFCPROPERTYSINGLEVALUE('Reference',$,IFCIDENTIFIER('Viga C-25 - Se\X\E7\X\E3o Retangular 40 X 30'),$);
#4074=IFCPROPERTYSET('1GJMCLUSA_CmQq9Wv5gEfB',#18,'Pset_BeamCommon',$,(#179,#180,#4073));
#4075=IFCPROPERTYSET('0wwQV7FWgPPaLFGzQvf$bo',#18,'Pset_QuantityTakeOff',$,(#4073));
#4076=IFCPROPERTYSINGLEVALUE('Reference',$,IFCLABEL('Viga C-25 - Se\X\E7\X\E3o Retangular 40 X 30'),$);
#4077=IFCPROPERTYSET('22mngpcr4oa7psDb66H5Ll',#18,'Pset_ReinforcementBarPitchOfBeam',$,(#4076));
#4078=IFCRELDEFINESBYPROPERTIES('0vFlAJj8HjMWLd6maEkPC7',#18,$,$,(#4071),#4074);
#4079=IFCRELDEFINESBYPROPERTIES('18A3NHGza4oe2ZDyJa0Zgk',#18,$,$,(#4071),#4075);
#4080=IFCRELDEFINESBYPROPERTIES('3OS5U7VFsSXLFpeFbXPOso',#18,$,$,(#4071),#4077);
#4081=IFCPROPERTYSET('3bjx1xTI_EOWTIgdsNPdxv',#18,'Pset_BeamCommon',$,(#180));
#4082=IFCAXIS2PLACEMENT3D(#3,$,$);
#4083=IFCLOCALPLACEMENT(#35,#4082);
#4084=IFCCARTESIANPOINT((0.,0.));
#4085=IFCAXIS2PLACEMENT2D(#4084,#13);
#4086=IFCRECTANGLEPROFILEDEF(.AREA.,'VB19 1328',#4085,0.30000000000000004,2.5194000000000001);
#4087=IFCCARTESIANPOINT((-19.418346196152012,-7.7967509244425504,0.70000000000059781));
#4088=IFCAXIS2PLACEMENT3D(#4087,#5,#8);
#4089=IFCEXTRUDEDAREASOLID(#4086,#4088,#9,0.13999999999999849);
#4090=IFCSTYLEDITEM(#4089,(#272),$);
#4091=IFCSHAPEREPRESENTATION(#24,'Body','SweptSolid',(#4089));
#4092=IFCPRODUCTDEFINITIONSHAPE($,$,(#4091));
#4093=IFCBEAM('0ekhV2_H95TvLl4hLKomiI',#18,'VB19',$,'VB19 1328:VB19 1328',#4083,#4092,'612305');
#4094=IFCBEAMTYPE('0ekhV2_H95TvLl4hLKolNC',#18,'VB19 1328:VB19 1328',$,$,(#4102),$,'567567',$,.NOTDEFINED.);
#4095=IFCPROPERTYSET('2uxrIWMqUo3c6SmfRPjp0r',#18,'Pset_BeamCommon',$,(#179,#180,#697));
#4096=IFCPROPERTYSET('1ZyBWvAo5ZNZcMJhfpNWw1',#18,'Pset_QuantityTakeOff',$,(#697));
#4097=IFCPROPERTYSINGLEVALUE('Reference',$,IFCLABEL('Viga C-25 - Se\X\E7\X\E3o Retangular 14 X 30'),$);
#4098=IFCPROPERTYSET('2FwvybKPRuX4VvYbeBlwi3',#18,'Pset_ReinforcementBarPitchOfBeam',$,(#4097));
#4099=IFCRELDEFINESBYPROPERTIES('28MuRMJhnvXQEfvJJZ_VbA',#18,$,$,(#4093),#4095);
#4100=IFCRELDEFINESBYPROPERTIES('0bIJiztD27grpGFC7FVE48',#18,$,$,(#4093),#4096);
#4101=IFCRELDEFINESBYPROPERTIES('08q5kuqHah_9BS4K_pttgE',#18,$,$,(#4093),#4098);
#4102=IFCPROPERTYSET('3OSxFen5Ai25nHe_G8QBfQ',#18,'Pset_BeamCommon',$,(#180));
#4103=IFCAXIS2PLACEMENT3D(#3,$,$);
#4104=IFCLOCALPLACEMENT(#35,#4103);
#4105=IFCCARTESIANPOINT((0.,0.));
#4106=IFCAXIS2PLACEMENT2D(#4105,#13);
#4107=IFCRECTANGLEPROFILEDEF(.AREA.,'VB19 1295',#4106,0.30000000000000004,4.0899000000000001);
#4108=IFCCARTESIANPOINT((-19.418346196152012,-2.6621009244425498,0.70000000000059781));
#4109=IFCAXIS2PLACEMENT3D(#4108,#5,#8);
#4110=IFCEXTRUDEDAREASOLID(#4107,#4109,#9,0.19000000000000011);
#4111=IFCSTYLEDITEM(#4110,(#272),$);
#4112=IFCSHAPEREPRESENTATION(#24,'Body','SweptSolid',(#4110));
#4113=IFCPRODUCTDEFINITIONSHAPE($,$,(#4112));
#4114=IFCBEAM('0ekhV2_H95TvLl4hLKomiH',#18,'VB19',$,'VB19 1295:VB19 1295',#4104,#4113,'612306');
#4115=IFCBEAMTYPE('0ekhV2_H95TvLl4hLKolNE',#18,'VB19 1295:VB19 1295',$,$,(#4123),$,'567565',$,.NOTDEFINED.);
#4116=IFCPROPERTYSET('3l_0TA92CRpE3e7Umd5h0H',#18,'Pset_BeamCommon',$,(#179,#180,#3234));
#4117=IFCPROPERTYSET('0qAzR6iUXDtxvjcJUibODd',#18,'Pset_QuantityTakeOff',$,(#3234));
#4118=IFCPROPERTYSINGLEVALUE('Reference',$,IFCLABEL('Viga C-25 - Se\X\E7\X\E3o Retangular 19 X 30'),$);
#4119=IFCPROPERTYSET('3owp7ofgE2HGSb$CZBGyR3',#18,'Pset_ReinforcementBarPitchOfBeam',$,(#4118));
#4120=IFCRELDEFINESBYPROPERTIES('3NyXel3Y3TrUz$2Zeg1iA4',#18,$,$,(#4114),#4116);
#4121=IFCRELDEFINESBYPROPERTIES('0NsLNNk7H9AOpp$vKXO6QR',#18,$,$,(#4114),#4117);
#4122=IFCRELDEFINESBYPROPERTIES('2JzDMT4pWt4zwag4YGLRb8',#18,$,$,(#4114),#4119);
#4123=IFCPROPERTYSET('39CFuayn7qFLtq_HprATTB',#18,'Pset_BeamCommon',$,(#180));
#4124=IFCAXIS2PLACEMENT3D(#3,$,$);
#4125=IFCLOCALPLACEMENT(#35,#4124);
#4126=IFCCARTESIANPOINT((0.,0.));
#4127=IFCAXIS2PLACEMENT2D(#4126,#13);
#4128=IFCRECTANGLEPROFILEDEF(.AREA.,'VB19 1262',#4127,0.30000000000000004,0.55060000000000042);
#4129=IFCCARTESIANPOINT((-19.420246196152011,-9.5317509244425498,0.70000000000059781));
#4130=IFCAXIS2PLACEMENT3D(#4129,#5,#8);
#4131=IFCEXTRUDEDAREASOLID(#4128,#4130,#9,0.13999999999999849);
#4132=IFCSTYLEDITEM(#4131,(#272),$);
#4133=IFCSHAPEREPRESENTATION(#24,'Body','SweptSolid',(#4131));
#4134=IFCPRODUCTDEFINITIONSHAPE($,$,(#4133));
#4135=IFCBEAM('0ekhV2_H95TvLl4hLKomiG',#18,'VB19',$,'VB19 1262:VB19 1262',#4125,#4134,'612307');
#4136=IFCBEAMTYPE('0ekhV2_H95TvLl4hLKolN8',#18,'VB19 1262:VB19 1262',$,$,(#4144),$,'567563',$,.NOTDEFINED.);
#4137=IFCPROPERTYSET('3Etge9D5wXYGBpdNA1wbhQ',#18,'Pset_BeamCommon',$,(#179,#180,#697));
#4138=IFCPROPERTYSET('1tL7$jCGjJP7aHYN66LxqE',#18,'Pset_QuantityTakeOff',$,(#697));
#4139=IFCPROPERTYSINGLEVALUE('Reference',$,IFCLABEL('Viga C-25 - Se\X\E7\X\E3o Retangular 14 X 30'),$);
#4140=IFCPROPERTYSET('2G7JH5zln5Z7faKU$efs5Z',#18,'Pset_ReinforcementBarPitchOfBeam',$,(#4139));
#4141=IFCRELDEFINESBYPROPERTIES('3eVgVMbkhpDo2ZhGqbJ8oK',#18,$,$,(#4135),#4137);
#4142=IFCRELDEFINESBYPROPERTIES('2y8G$t9k8Fr0uWIVrD2ip6',#18,$,$,(#4135),#4138);
#4143=IFCRELDEFINESBYPROPERTIES('2H$GGAPZ289vEgd665geWw',#18,$,$,(#4135),#4140);
#4144=IFCPROPERTYSET('3g$1TFLhQG35d6tgPPZTI2',#18,'Pset_BeamCommon',$,(#180));
#4145=IFCAXIS2PLACEMENT3D(#3,$,$);
#4146=IFCLOCALPLACEMENT(#35,#4145);
#4147=IFCCARTESIANPOINT((0.,0.));
#4148=IFCAXIS2PLACEMENT2D(#4147,#13);
#4149=IFCRECTANGLEPROFILEDEF(.AREA.,'VB19 1229',#4148,0.30000000000000004,1.6000000000000001);
#4150=IFCCARTESIANPOINT((-19.418346196152012,-5.8070509244425494,0.70000000000059781));
#4151=IFCAXIS2PLACEMENT3D(#4150,#5,#8);
#4152=IFCEXTRUDEDAREASOLID(#4149,#4151,#9,0.13999999999999849);
#4153=IFCSTYLEDITEM(#4152,(#272),$);
#4154=IFCSHAPEREPRESENTATION(#24,'Body','SweptSolid',(#4152));
#4155=IFCPRODUCTDEFINITIONSHAPE($,$,(#4154));
#4156=IFCBEAM('0ekhV2_H95TvLl4hLKomiN',#18,'VB19',$,'VB19 1229:VB19 1229',#4146,#4155,'612308');
#4157=IFCBEAMTYPE('0ekhV2_H95TvLl4hLKolNA',#18,'VB19 1229:VB19 1229',$,$,(#4165),$,'567561',$,.NOTDEFINED.);
#4158=IFCPROPERTYSET('1uzUMopigZfE6$$WOxVr9k',#18,'Pset_BeamCommon',$,(#179,#180,#697));
#4159=IFCPROPERTYSET('0oXpV8U7Tx6d0uDYBEBhPJ',#18,'Pset_QuantityTakeOff',$,(#697));
#4160=IFCPROPERTYSINGLEVALUE('Reference',$,IFCLABEL('Viga C-25 - Se\X\E7\X\E3o Retangular 14 X 30'),$);
#4161=IFCPROPERTYSET('26wp1YFicCPa4in6xUNL$M',#18,'Pset_ReinforcementBarPitchOfBeam',$,(#4160));
#4162=IFCRELDEFINESBYPROPERTIES('3$yWFfrwoCo_3S_5_O5AOb',#18,$,$,(#4156),#4158);
#4163=IFCRELDEFINESBYPROPERTIES('1Wh$yr$c09QdA_RCoNLG2Q',#18,$,$,(#4156),#4159);
#4164=IFCRELDEFINESBYPROPERTIES('0HAp10BfFYhkljnSo9dqhB',#18,$,$,(#4156),#4161);
#4165=IFCPROPERTYSET('3l4ReshtnsCCVC6zz7j6ZP',#18,'Pset_BeamCommon',$,(#180));
#4166=IFCAXIS2PLACEMENT3D(#3,$,$);
#4167=IFCLOCALPLACEMENT(#35,#4166);
#4168=IFCCARTESIANPOINT((0.,-5.4123372450476381E-16));
#4169=IFCAXIS2PLACEMENT2D(#4168,#11);
#4170=IFCRECTANGLEPROFILEDEF(.AREA.,'VB18 1196',#4169,0.30000000000000004,0.13999999999999957);
#4171=IFCCARTESIANPOINT((-14.350146196152011,-9.7370509244425456,0.70000000000059781));
#4172=IFCAXIS2PLACEMENT3D(#4171,#5,#10);
#4173=IFCEXTRUDEDAREASOLID(#4170,#4172,#9,1.5148000000000021);
#4174=IFCSTYLEDITEM(#4173,(#272),$);
#4175=IFCSHAPEREPRESENTATION(#24,'Body','SweptSolid',(#4173));
#4176=IFCPRODUCTDEFINITIONSHAPE($,$,(#4175));
#4177=IFCBEAM('0ekhV2_H95TvLl4hLKomiM',#18,'VB18',$,'VB18 1196:VB18 1196',#4167,#4176,'612309');
#4178=IFCBEAMTYPE('0ekhV2_H95TvLl4hLKolN4',#18,'VB18 1196:VB18 1196',$,$,(#4186),$,'567559',$,.NOTDEFINED.);
#4179=IFCPROPERTYSET('3uU4x8fjjuUVAKRTdGzxqV',#18,'Pset_BeamCommon',$,(#179,#180,#697));
#4180=IFCPROPERTYSET('251Fj4dPhN1GRxbsWHPqVJ',#18,'Pset_QuantityTakeOff',$,(#697));
#4181=IFCPROPERTYSINGLEVALUE('Reference',$,IFCLABEL('Viga C-25 - Se\X\E7\X\E3o Retangular 14 X 30'),$);
#4182=IFCPROPERTYSET('3VdYPImicjSK3O3IRYIAcn',#18,'Pset_ReinforcementBarPitchOfBeam',$,(#4181));
#4183=IFCRELDEFINESBYPROPERTIES('1NLFLviJ_S0ICjU7XWCZFq',#18,$,$,(#4177),#4179);
#4184=IFCRELDEFINESBYPROPERTIES('1NC09IjaJ3G_9QVvO8Vpet',#18,$,$,(#4177),#4180);
#4185=IFCRELDEFINESBYPROPERTIES('2K4UTibEwxtYLp34LVQo0n',#18,$,$,(#4177),#4182);
#4186=IFCPROPERTYSET('0B_z0BYjQVQMDFzpu_srvS',#18,'Pset_BeamCommon',$,(#180));
#4187=IFCAXIS2PLACEMENT3D(#3,$,$);
#4188=IFCLOCALPLACEMENT(#35,#4187);
#4189=IFCCARTESIANPOINT((0.,-5.4123372450476381E-16));
#4190=IFCAXIS2PLACEMENT2D(#4189,#11);
#4191=IFCRECTANGLEPROFILEDEF(.AREA.,'VB18 1163',#4190,0.30000000000000004,0.13999999999999957);
#4192=IFCCARTESIANPOINT((-15.67974619615201,-9.7370509244425456,0.70000000000059781));
#4193=IFCAXIS2PLACEMENT3D(#4192,#5,#10);
#4194=IFCEXTRUDEDAREASOLID(#4191,#4193,#9,1.329600000000001);
#4195=IFCSTYLEDITEM(#4194,(#272),$);
#4196=IFCSHAPEREPRESENTATION(#24,'Body','SweptSolid',(#4194));
#4197=IFCPRODUCTDEFINITIONSHAPE($,$,(#4196));
#4198=IFCBEAM('0ekhV2_H95TvLl4hLKomiL',#18,'VB18',$,'VB18 1163:VB18 1163',#4188,#4197,'612310');
#4199=IFCBEAMTYPE('0ekhV2_H95TvLl4hLKolN6',#18,'VB18 1163:VB18 1163',$,$,(#4207),$,'567557',$,.NOTDEFINED.);
#4200=IFCPROPERTYSET('3WMsFTysYzCAMGfmJj_mjy',#18,'Pset_BeamCommon',$,(#179,#180,#697));
#4201=IFCPROPERTYSET('24tzAPOlp$e27jToeFmbA7',#18,'Pset_QuantityTakeOff',$,(#697));
#4202=IFCPROPERTYSINGLEVALUE('Reference',$,IFCLABEL('Viga C-25 - Se\X\E7\X\E3o Retangular 14 X 30'),$);
#4203=IFCPROPERTYSET('1nXpMmvfjDBmiChaN2IgQt',#18,'Pset_ReinforcementBarPitchOfBeam',$,(#4202));
#4204=IFCRELDEFINESBYPROPERTIES('1xOZxoPCfspDA5_ZMEdbs0',#18,$,$,(#4198),#4200);
#4205=IFCRELDEFINESBYPROPERTIES('3eyWmCM5YMBhV4C4IMLoAb',#18,$,$,(#4198),#4201);
#4206=IFCRELDEFINESBYPROPERTIES('11QwZEOEnAjaKMxRDyasD7',#18,$,$,(#4198),#4203);
#4207=IFCPROPERTYSET('0a4m1QYDC0eDqx88V6rwIb',#18,'Pset_BeamCommon',$,(#180));
#4208=IFCAXIS2PLACEMENT3D(#3,$,$);
#4209=IFCLOCALPLACEMENT(#35,#4208);
#4210=IFCCARTESIANPOINT((0.,-5.4123372450476381E-16));
#4211=IFCAXIS2PLACEMENT2D(#4210,#11);
#4212=IFCRECTANGLEPROFILEDEF(.AREA.,'VB18 1130',#4211,0.30000000000000004,0.13999999999999957);
#4213=IFCCARTESIANPOINT((-12.83534619615201,-9.7370509244425456,0.70000000000059781));
#4214=IFCAXIS2PLACEMENT3D(#4213,#5,#10);
#4215=IFCEXTRUDEDAREASOLID(#4212,#4214,#9,4.9900000000000002);
#4216=IFCSTYLEDITEM(#4215,(#272),$);
#4217=IFCSHAPEREPRESENTATION(#24,'Body','SweptSolid',(#4215));
#4218=IFCPRODUCTDEFINITIONSHAPE($,$,(#4217));
#4219=IFCBEAM('0ekhV2_H95TvLl4hLKomiK',#18,'VB18',$,'VB18 1130:VB18 1130',#4209,#4218,'612311');
#4220=IFCBEAMTYPE('0ekhV2_H95TvLl4hLKolN0',#18,'VB18 1130:VB18 1130',$,$,(#4228),$,'567555',$,.NOTDEFINED.);
#4221=IFCPROPERTYSET('3J5OV1IkQ5PQFVaSIedcOo',#18,'Pset_BeamCommon',$,(#179,#180,#697));
#4222=IFCPROPERTYSET('0zEqCL_7d9dZwaPx6ho8Og',#18,'Pset_QuantityTakeOff',$,(#697));
#4223=IFCPROPERTYSINGLEVALUE('Reference',$,IFCLABEL('Viga C-25 - Se\X\E7\X\E3o Retangular 14 X 30'),$);
#4224=IFCPROPERTYSET('1YqHD87Smi0JlZurdl61$T',#18,'Pset_ReinforcementBarPitchOfBeam',$,(#4223));
#4225=IFCRELDEFINESBYPROPERTIES('2dCxcAzBbwjBJPYQ5y_I2_',#18,$,$,(#4219),#4221);
#4226=IFCRELDEFINESBYPROPERTIES('2pzRdug17pA3$1CreeCbaE',#18,$,$,(#4219),#4222);
#4227=IFCRELDEFINESBYPROPERTIES('3q5choYrnZQQrxngx9LU7H',#18,$,$,(#4219),#4224);
#4228=IFCPROPERTYSET('1XEkY5XWTCgehtnH0OeEym',#18,'Pset_BeamCommon',$,(#180));
#4229=IFCAXIS2PLACEMENT3D(#3,$,$);
#4230=IFCLOCALPLACEMENT(#35,#4229);
#4231=IFCCARTESIANPOINT((0.,-5.4123372450476381E-16));
#4232=IFCAXIS2PLACEMENT2D(#4231,#11);
#4233=IFCRECTANGLEPROFILEDEF(.AREA.,'VB17 1097',#4232,0.30000000000000004,0.13999999999999957);
#4234=IFCCARTESIANPOINT((-18.451546196152009,-9.7370509244425456,0.70000000000059781));
#4235=IFCAXIS2PLACEMENT3D(#4234,#5,#10);
#4236=IFCEXTRUDEDAREASOLID(#4233,#4235,#9,2.3718000000000021);
#4237=IFCSTYLEDITEM(#4236,(#272),$);
#4238=IFCSHAPEREPRESENTATION(#24,'Body','SweptSolid',(#4236));
#4239=IFCPRODUCTDEFINITIONSHAPE($,$,(#4238));
#4240=IFCBEAM('0ekhV2_H95TvLl4hLKomiR',#18,'VB17',$,'VB17 1097:VB17 1097',#4230,#4239,'612312');
#4241=IFCBEAMTYPE('0ekhV2_H95TvLl4hLKolN2',#18,'VB17 1097:VB17 1097',$,$,(#4249),$,'567553',$,.NOTDEFINED.);
#4242=IFCPROPERTYSET('1QzckyTDdx_hNR_vFJStqf',#18,'Pset_BeamCommon',$,(#179,#180,#697));
#4243=IFCPROPERTYSET('18VfNhqU3AYAJbhr$p3Os2',#18,'Pset_QuantityTakeOff',$,(#697));
#4244=IFCPROPERTYSINGLEVALUE('Reference',$,IFCLABEL('Viga C-25 - Se\X\E7\X\E3o Retangular 14 X 30'),$);
#4245=IFCPROPERTYSET('3n9PpNmx1zuy_dta3YBd1Z',#18,'Pset_ReinforcementBarPitchOfBeam',$,(#4244));
#4246=IFCRELDEFINESBYPROPERTIES('2wMw1BrYCifBresdM2lYwh',#18,$,$,(#4240),#4242);
#4247=IFCRELDEFINESBYPROPERTIES('33$y69JTSBqJ$bBZaea_S$',#18,$,$,(#4240),#4243);
#4248=IFCRELDEFINESBYPROPERTIES('1QGxn_Trf6GgsrLponBFx9',#18,$,$,(#4240),#4245);
#4249=IFCPROPERTYSET('1_shw2Q1frkhzKSTmlPyL_',#18,'Pset_BeamCommon',$,(#180));
#4250=IFCAXIS2PLACEMENT3D(#3,$,$);
#4251=IFCLOCALPLACEMENT(#35,#4250);
#4252=IFCCARTESIANPOINT((0.,-5.4123372450476381E-16));
#4253=IFCAXIS2PLACEMENT2D(#4252,#11);
#4254=IFCRECTANGLEPROFILEDEF(.AREA.,'VB16 1031',#4253,0.30000000000000004,0.13999999999999957);
#4255=IFCCARTESIANPOINT((-19.28024619615201,-9.7370509244425456,0.70000000000059781));
#4256=IFCAXIS2PLACEMENT3D(#4255,#5,#10);
#4257=IFCEXTRUDEDAREASOLID(#4254,#4256,#9,0.75870000000000082);
#4258=IFCSTYLEDITEM(#4257,(#272),$);
#4259=IFCSHAPEREPRESENTATION(#24,'Body','SweptSolid',(#4257));
#4260=IFCPRODUCTDEFINITIONSHAPE($,$,(#4259));
#4261=IFCBEAM('0ekhV2_H95TvLl4hLKomiQ',#18,'VB17',$,'VB16 1031:VB16 1031',#4251,#4260,'612313');
#4262=IFCBEAMTYPE('0ekhV2_H95TvLl4hLKolGy',#18,'VB16 1031:VB16 1031',$,$,(#4270),$,'567551',$,.NOTDEFINED.);
#4263=IFCPROPERTYSET('1sZp2$oLmbX_MwFEGv4vgc',#18,'Pset_BeamCommon',$,(#179,#180,#697));
#4264=IFCPROPERTYSET('2xR8OSYEB9u$Nl_uQYR9A6',#18,'Pset_QuantityTakeOff',$,(#697));
#4265=IFCPROPERTYSINGLEVALUE('Reference',$,IFCLABEL('Viga C-25 - Se\X\E7\X\E3o Retangular 14 X 30'),$);
#4266=IFCPROPERTYSET('1L2Ipds5X2DFZ15vY5OxT9',#18,'Pset_ReinforcementBarPitchOfBeam',$,(#4265));
#4267=IFCRELDEFINESBYPROPERTIES('0HgPnFes5ZTFarC7NTWb7u',#18,$,$,(#4261),#4263);
#4268=IFCRELDEFINESBYPROPERTIES('3SrQBzEkb7kaEGqCE$8YlZ',#18,$,$,(#4261),#4264);
#4269=IFCRELDEFINESBYPROPERTIES('3B01EGdX28LTHv$Ez5oLzh',#18,$,$,(#4261),#4266);
#4270=IFCPROPERTYSET('1EJpeiMk1EXT0cSKyslowP',#18,'Pset_BeamCommon',$,(#180));
#4271=IFCAXIS2PLACEMENT3D(#3,$,$);
#4272=IFCLOCALPLACEMENT(#35,#4271);
#4273=IFCCARTESIANPOINT((0.,-5.4123372450476381E-16));
#4274=IFCAXIS2PLACEMENT2D(#4273,#11);
#4275=IFCRECTANGLEPROFILEDEF(.AREA.,'VB16 1031',#4274,0.30000000000000004,0.13999999999999957);
#4276=IFCCARTESIANPOINT((-19.28024619615201,-9.1864509244425498,0.70000000000059781));
#4277=IFCAXIS2PLACEMENT3D(#4276,#5,#10);
#4278=IFCEXTRUDEDAREASOLID(#4275,#4277,#9,0.75870000000000082);
#4279=IFCSTYLEDITEM(#4278,(#272),$);
#4280=IFCSHAPEREPRESENTATION(#24,'Body','SweptSolid',(#4278));
#4281=IFCPRODUCTDEFINITIONSHAPE($,$,(#4280));
#4282=IFCBEAM('0ekhV2_H95TvLl4hLKomiP',#18,'VB16',$,'VB16 1031:VB16 1031',#4272,#4281,'612314');
#4283=IFCPROPERTYSET('3rJiFOLCaVgxr5XHrpXoED',#18,'Pset_BeamCommon',$,(#179,#180,#697));
#4284=IFCPROPERTYSET('1yJVDya$pIzD3CTLUAqk9x',#18,'Pset_QuantityTakeOff',$,(#697));
#4285=IFCPROPERTYSINGLEVALUE('Reference',$,IFCLABEL('Viga C-25 - Se\X\E7\X\E3o Retangular 14 X 30'),$);
#4286=IFCPROPERTYSET('3lZn_HTfAAPKqZrubcL1aU',#18,'Pset_ReinforcementBarPitchOfBeam',$,(#4285));
#4287=IFCRELDEFINESBYPROPERTIES('3aC7qAtrJtgeazrXk814SX',#18,$,$,(#4282),#4283);
#4288=IFCRELDEFINESBYPROPERTIES('28p6CSCHnkQy4RZ0G2ofVB',#18,$,$,(#4282),#4284);
#4289=IFCRELDEFINESBYPROPERTIES('3qYSF3_t56ai2eFlBZk$K1',#18,$,$,(#4282),#4286);
#4290=IFCAXIS2PLACEMENT3D(#3,$,$);
#4291=IFCLOCALPLACEMENT(#35,#4290);
#4292=IFCCARTESIANPOINT((0.,-5.4123372450476381E-16));
#4293=IFCAXIS2PLACEMENT2D(#4292,#11);
#4294=IFCRECTANGLEPROFILEDEF(.AREA.,'VB15 998',#4293,0.30000000000000004,0.13999999999999957);
#4295=IFCCARTESIANPOINT((-17.419646196152012,-6.5370509244425508,0.70000000000059781));
#4296=IFCAXIS2PLACEMENT3D(#4295,#5,#10);
#4297=IFCEXTRUDEDAREASOLID(#4294,#4296,#9,1.6699000000000015);
#4298=IFCSTYLEDITEM(#4297,(#272),$);
#4299=IFCSHAPEREPRESENTATION(#24,'Body','SweptSolid',(#4297));
#4300=IFCPRODUCTDEFINITIONSHAPE($,$,(#4299));
#4301=IFCBEAM('0ekhV2_H95TvLl4hLKomiO',#18,'VB15',$,'VB15 998:VB15 998',#4291,#4300,'612315');
#4302=IFCBEAMTYPE('0ekhV2_H95TvLl4hLKolG_',#18,'VB15 998:VB15 998',$,$,(#4310),$,'567549',$,.NOTDEFINED.);
#4303=IFCPROPERTYSET('2rCGKNTy_29MICLHP0Sr08',#18,'Pset_BeamCommon',$,(#179,#180,#697));
#4304=IFCPROPERTYSET('1gfyo6qfA$qr0h5r3qBoqV',#18,'Pset_QuantityTakeOff',$,(#697));
#4305=IFCPROPERTYSINGLEVALUE('Reference',$,IFCLABEL('Viga C-25 - Se\X\E7\X\E3o Retangular 14 X 30'),$);
#4306=IFCPROPERTYSET('2dj_U1WFfC6zZj7c8tqSzw',#18,'Pset_ReinforcementBarPitchOfBeam',$,(#4305));
#4307=IFCRELDEFINESBYPROPERTIES('1RgJfOggkrtqIRMJqsy4x0',#18,$,$,(#4301),#4303);
#4308=IFCRELDEFINESBYPROPERTIES('1Iv3h0adREoCAtQAcV_zf5',#18,$,$,(#4301),#4304);
#4309=IFCRELDEFINESBYPROPERTIES('32r2vA3h6G_4MhsElXbuFg',#18,$,$,(#4301),#4306);
#4310=IFCPROPERTYSET('057KmGAFsdek$HWj6xHUFf',#18,'Pset_BeamCommon',$,(#180));
#4311=IFCAXIS2PLACEMENT3D(#3,$,$);
#4312=IFCLOCALPLACEMENT(#35,#4311);
#4313=IFCCARTESIANPOINT((0.,-5.4123372450476381E-16));
#4314=IFCAXIS2PLACEMENT2D(#4313,#11);
#4315=IFCRECTANGLEPROFILEDEF(.AREA.,'VB15 965',#4314,0.30000000000000004,0.13999999999999957);
#4316=IFCCARTESIANPOINT((-15.81974619615201,-6.5370509244425508,0.70000000000059781));
#4317=IFCAXIS2PLACEMENT3D(#4316,#5,#10);
#4318=IFCEXTRUDEDAREASOLID(#4315,#4317,#9,1.4000000000000024);
#4319=IFCSTYLEDITEM(#4318,(#272),$);
#4320=IFCSHAPEREPRESENTATION(#24,'Body','SweptSolid',(#4318));
#4321=IFCPRODUCTDEFINITIONSHAPE($,$,(#4320));
#4322=IFCBEAM('0ekhV2_H95TvLl4hLKomiV',#18,'VB15',$,'VB15 965:VB15 965',#4312,#4321,'612316');
#4323=IFCBEAMTYPE('0ekhV2_H95TvLl4hLKolGu',#18,'VB15 965:VB15 965',$,$,(#4331),$,'567547',$,.NOTDEFINED.);
#4324=IFCPROPERTYSET('12jMTPoLkJZ$8ItWp6FDnZ',#18,'Pset_BeamCommon',$,(#179,#180,#697));
#4325=IFCPROPERTYSET('049bovnnfWFirWnIpc6Omr',#18,'Pset_QuantityTakeOff',$,(#697));
#4326=IFCPROPERTYSINGLEVALUE('Reference',$,IFCLABEL('Viga C-25 - Se\X\E7\X\E3o Retangular 14 X 30'),$);
#4327=IFCPROPERTYSET('0tJZBRI6SrRc2$$pRP7YAV',#18,'Pset_ReinforcementBarPitchOfBeam',$,(#4326));
#4328=IFCRELDEFINESBYPROPERTIES('1nA44qSGKeZGxb4RG7MGDu',#18,$,$,(#4322),#4324);
#4329=IFCRELDEFINESBYPROPERTIES('2$lPKRO_hEE7j7IUuLiqDn',#18,$,$,(#4322),#4325);
#4330=IFCRELDEFINESBYPROPERTIES('0aNyub_zBVjzt1u0jJpHE4',#18,$,$,(#4322),#4327);
#4331=IFCPROPERTYSET('3bj3ow1Wk6DY3OIMS7QGYN',#18,'Pset_BeamCommon',$,(#180));
#4332=IFCAXIS2PLACEMENT3D(#3,$,$);
#4333=IFCLOCALPLACEMENT(#35,#4332);
#4334=IFCCARTESIANPOINT((0.,-5.4123372450476381E-16));
#4335=IFCAXIS2PLACEMENT2D(#4334,#11);
#4336=IFCRECTANGLEPROFILEDEF(.AREA.,'VB15 932',#4335,0.30000000000000004,0.13999999999999957);
#4337=IFCCARTESIANPOINT((-19.278346196152011,-6.5370509244425508,0.70000000000059781));
#4338=IFCAXIS2PLACEMENT3D(#4337,#5,#10);
#4339=IFCEXTRUDEDAREASOLID(#4336,#4338,#9,1.928699999999999);
#4340=IFCSTYLEDITEM(#4339,(#272),$);
#4341=IFCSHAPEREPRESENTATION(#24,'Body','SweptSolid',(#4339));
#4342=IFCPRODUCTDEFINITIONSHAPE($,$,(#4341));
#4343=IFCBEAM('0ekhV2_H95TvLl4hLKomiU',#18,'VB15',$,'VB15 932:VB15 932',#4333,#4342,'612317');
#4344=IFCBEAMTYPE('0ekhV2_H95TvLl4hLKolGw',#18,'VB15 932:VB15 932',$,$,(#4352),$,'567545',$,.NOTDEFINED.);
#4345=IFCPROPERTYSET('0NM8jUW9QnRJizLgUy8QJ8',#18,'Pset_BeamCommon',$,(#179,#180,#697));
#4346=IFCPROPERTYSET('04oU7rnXE2LlPGXEDEeNwH',#18,'Pset_QuantityTakeOff',$,(#697));
#4347=IFCPROPERTYSINGLEVALUE('Reference',$,IFCLABEL('Viga C-25 - Se\X\E7\X\E3o Retangular 14 X 30'),$);
#4348=IFCPROPERTYSET('1iD42a67XaVg$lWb3hLEwk',#18,'Pset_ReinforcementBarPitchOfBeam',$,(#4347));
#4349=IFCRELDEFINESBYPROPERTIES('0PZS$KrrAtkHHr5pZHCiwf',#18,$,$,(#4343),#4345);
#4350=IFCRELDEFINESBYPROPERTIES('2SOIM$_ybRdjBqLAiidDJs',#18,$,$,(#4343),#4346);
#4351=IFCRELDEFINESBYPROPERTIES('0Rx6hcVHvTLuTnk$3825NP',#18,$,$,(#4343),#4348);
#4352=IFCPROPERTYSET('3OaYj2_ar8uIS6lzOt8PQv',#18,'Pset_BeamCommon',$,(#180));
#4353=IFCAXIS2PLACEMENT3D(#3,$,$);
#4354=IFCLOCALPLACEMENT(#35,#4353);
#4355=IFCCARTESIANPOINT((0.,2.7061686225238191E-16));
#4356=IFCAXIS2PLACEMENT2D(#4355,#11);
#4357=IFCRECTANGLEPROFILEDEF(.AREA.,'VB14 899',#4356,0.30000000000000004,0.14000000000000012);
#4358=IFCCARTESIANPOINT((-9.6802461961520105,-4.4371509244425518,0.70000000000059781));
#4359=IFCAXIS2PLACEMENT3D(#4358,#5,#10);
#4360=IFCEXTRUDEDAREASOLID(#4357,#4359,#9,1.8349000000000009);
#4361=IFCSTYLEDITEM(#4360,(#272),$);
#4362=IFCSHAPEREPRESENTATION(#24,'Body','SweptSolid',(#4360));
#4363=IFCPRODUCTDEFINITIONSHAPE($,$,(#4362));
#4364=IFCBEAM('0ekhV2_H95TvLl4hLKomiT',#18,'VB14',$,'VB14 899:VB14 899',#4354,#4363,'612318');
#4365=IFCBEAMTYPE('0ekhV2_H95TvLl4hLKolGq',#18,'VB14 899:VB14 899',$,$,(#4373),$,'567543',$,.NOTDEFINED.);
#4366=IFCPROPERTYSET('1NWOGZW8HvcaKaYXKNQHVT',#18,'Pset_BeamCommon',$,(#179,#180,#697));
#4367=IFCPROPERTYSET('3yTTfm00E0UOPpNivsbIo1',#18,'Pset_QuantityTakeOff',$,(#697));
#4368=IFCPROPERTYSINGLEVALUE('Reference',$,IFCLABEL('Viga C-25 - Se\X\E7\X\E3o Retangular 14 X 30'),$);
#4369=IFCPROPERTYSET('1mSOCNlA8a9zf_kcgrNx8l',#18,'Pset_ReinforcementBarPitchOfBeam',$,(#4368));
#4370=IFCRELDEFINESBYPROPERTIES('0QF7IPN429_LwJoBvUBqp0',#18,$,$,(#4364),#4366);
#4371=IFCRELDEFINESBYPROPERTIES('06zhtBYOilb5_VQb9pLHXp',#18,$,$,(#4364),#4367);
#4372=IFCRELDEFINESBYPROPERTIES('0bZ2o03Po$4cnzwcTN5cQV',#18,$,$,(#4364),#4369);
#4373=IFCPROPERTYSET('0tTpn3WLeRD9fawHTtt2pw',#18,'Pset_BeamCommon',$,(#180));
#4374=IFCAXIS2PLACEMENT3D(#3,$,$);
#4375=IFCLOCALPLACEMENT(#35,#4374);
#4376=IFCCARTESIANPOINT((0.,2.7061686225238191E-16));
#4377=IFCAXIS2PLACEMENT2D(#4376,#11);
#4378=IFCRECTANGLEPROFILEDEF(.AREA.,'VB13 866',#4377,0.30000000000000004,0.14000000000000012);
#4379=IFCCARTESIANPOINT((-11.900246196152009,-4.4372509244425489,0.70000000000059781));
#4380=IFCAXIS2PLACEMENT3D(#4379,#5,#10);
#4381=IFCEXTRUDEDAREASOLID(#4378,#4380,#9,2.0799999999999992);
#4382=IFCSTYLEDITEM(#4381,(#272),$);
#4383=IFCSHAPEREPRESENTATION(#24,'Body','SweptSolid',(#4381));
#4384=IFCPRODUCTDEFINITIONSHAPE($,$,(#4383));
#4385=IFCBEAM('0ekhV2_H95TvLl4hLKomiS',#18,'VB13',$,'VB13 866:VB13 866',#4375,#4384,'612319');
#4386=IFCBEAMTYPE('0ekhV2_H95TvLl4hLKolGs',#18,'VB13 866:VB13 866',$,$,(#4394),$,'567541',$,.NOTDEFINED.);
#4387=IFCPROPERTYSET('2gat2Ivs1rNSmcgvgbwQTi',#18,'Pset_BeamCommon',$,(#179,#180,#697));
#4388=IFCPROPERTYSET('0Dd2Ktoh53Y68RsApO3PKy',#18,'Pset_QuantityTakeOff',$,(#697));
#4389=IFCPROPERTYSINGLEVALUE('Reference',$,IFCLABEL('Viga C-25 - Se\X\E7\X\E3o Retangular 14 X 30'),$);
#4390=IFCPROPERTYSET('1q9LY0da7AfSuo0Hg7b8qW',#18,'Pset_ReinforcementBarPitchOfBeam',$,(#4389));
#4391=IFCRELDEFINESBYPROPERTIES('0y1b6dPfmHg_3Pt4y$hzoP',#18,$,$,(#4385),#4387);
#4392=IFCRELDEFINESBYPROPERTIES('1fvz7reAQOFpULimKTnehS',#18,$,$,(#4385),#4388);
#4393=IFCRELDEFINESBYPROPERTIES('21IV9WNV$qdhXig7tOo$3d',#18,$,$,(#4385),#4390);
#4394=IFCPROPERTYSET('0_FA3nayaH2Q_i4s0ALVN9',#18,'Pset_BeamCommon',$,(#180));
#4395=IFCAXIS2PLACEMENT3D(#3,$,$);
#4396=IFCLOCALPLACEMENT(#35,#4395);
#4397=IFCCARTESIANPOINT((0.,2.7061686225238191E-16));
#4398=IFCAXIS2PLACEMENT2D(#4397,#11);
#4399=IFCRECTANGLEPROFILEDEF(.AREA.,'VB13 833',#4398,0.30000000000000004,0.14000000000000012);
#4400=IFCCARTESIANPOINT((-14.280146196152046,-4.4371509244425518,0.70000000000059781));
#4401=IFCAXIS2PLACEMENT3D(#4400,#5,#10);
#4402=IFCEXTRUDEDAREASOLID(#4399,#4401,#9,2.3799029434010186);
#4403=IFCSTYLEDITEM(#4402,(#272),$);
#4404=IFCSHAPEREPRESENTATION(#24,'Body','SweptSolid',(#4402));
#4405=IFCPRODUCTDEFINITIONSHAPE($,$,(#4404));
#4406=IFCBEAM('0ekhV2_H95TvLl4hLKomiZ',#18,'VB13',$,'VB13 833:VB13 833',#4396,#4405,'612320');
#4407=IFCBEAMTYPE('0ekhV2_H95TvLl4hLKolGm',#18,'VB13 833:VB13 833',$,$,(#4415),$,'567539',$,.NOTDEFINED.);
#4408=IFCPROPERTYSET('2xrVFe$9P_A8ecbCF7JK$Y',#18,'Pset_BeamCommon',$,(#179,#180,#697));
#4409=IFCPROPERTYSET('1IpXZpRzwYTW1$DjQhuC92',#18,'Pset_QuantityTakeOff',$,(#697));
#4410=IFCPROPERTYSINGLEVALUE('Reference',$,IFCLABEL('Viga C-25 - Se\X\E7\X\E3o Retangular 14 X 30'),$);
#4411=IFCPROPERTYSET('1JcHQZ8nWLQOAqmNqslScm',#18,'Pset_ReinforcementBarPitchOfBeam',$,(#4410));
#4412=IFCRELDEFINESBYPROPERTIES('19qzIsBHHAnqwPeo_xMqa$',#18,$,$,(#4406),#4408);
#4413=IFCRELDEFINESBYPROPERTIES('0QRXgygOCMP4EVT3Ofc66Z',#18,$,$,(#4406),#4409);
#4414=IFCRELDEFINESBYPROPERTIES('13rfGEsmyttDJuppKnQF8k',#18,$,$,(#4406),#4411);
#4415=IFCPROPERTYSET('1lWjJ6mYUizwCBkKm4RcuE',#18,'Pset_BeamCommon',$,(#180));
#4416=IFCAXIS2PLACEMENT3D(#3,$,$);
#4417=IFCLOCALPLACEMENT(#35,#4416);
#4418=IFCCARTESIANPOINT((0.,-2.7061686225238191E-16));
#4419=IFCAXIS2PLACEMENT2D(#4418,#11);
#4420=IFCRECTANGLEPROFILEDEF(.AREA.,'VB12 800',#4419,0.30000000000000004,0.14000000000000012);
#4421=IFCCARTESIANPOINT((-17.279646196152012,-4.9365509244425505,0.70000000000059781));
#4422=IFCAXIS2PLACEMENT3D(#4421,#5,#10);
#4423=IFCEXTRUDEDAREASOLID(#4420,#4422,#9,1.4599000000000018);
#4424=IFCSTYLEDITEM(#4423,(#272),$);
#4425=IFCSHAPEREPRESENTATION(#24,'Body','SweptSolid',(#4423));
#4426=IFCPRODUCTDEFINITIONSHAPE($,$,(#4425));
#4427=IFCBEAM('0ekhV2_H95TvLl4hLKomiY',#18,'VB12',$,'VB12 800:VB12 800',#4417,#4426,'612321');
#4428=IFCBEAMTYPE('0ekhV2_H95TvLl4hLKolGo',#18,'VB12 800:VB12 800',$,$,(#4436),$,'567537',$,.NOTDEFINED.);
#4429=IFCPROPERTYSET('3BJzc7qE3lhrUP1S4ZICrc',#18,'Pset_BeamCommon',$,(#179,#180,#697));
#4430=IFCPROPERTYSET('05Qsm6LVylEdUKpDq4mbTz',#18,'Pset_QuantityTakeOff',$,(#697));
#4431=IFCPROPERTYSINGLEVALUE('Reference',$,IFCLABEL('Viga C-25 - Se\X\E7\X\E3o Retangular 14 X 30'),$);
#4432=IFCPROPERTYSET('0tjKp19MEz71P3gFQhh1ja',#18,'Pset_ReinforcementBarPitchOfBeam',$,(#4431));
#4433=IFCRELDEFINESBYPROPERTIES('11OXQyRD2AKS88UpXuT$Xr',#18,$,$,(#4427),#4429);
#4434=IFCRELDEFINESBYPROPERTIES('0Sy9ZhX3evJ_TY$5fCQa4k',#18,$,$,(#4427),#4430);
#4435=IFCRELDEFINESBYPROPERTIES('2437wJePy7HjzWmKfRVcfl',#18,$,$,(#4427),#4432);
#4436=IFCPROPERTYSET('0kHFuncDDPGRZkOqANJZWt',#18,'Pset_BeamCommon',$,(#180));
#4437=IFCAXIS2PLACEMENT3D(#3,$,$);
#4438=IFCLOCALPLACEMENT(#35,#4437);
#4439=IFCCARTESIANPOINT((0.,-2.7061686225238191E-16));
#4440=IFCAXIS2PLACEMENT2D(#4439,#11);
#4441=IFCRECTANGLEPROFILEDEF(.AREA.,'VB12 767',#4440,0.30000000000000004,0.14000000000000012);
#4442=IFCCARTESIANPOINT((-15.67974619615201,-4.9365509244425505,0.70000000000059781));
#4443=IFCAXIS2PLACEMENT3D(#4442,#5,#10);
#4444=IFCEXTRUDEDAREASOLID(#4441,#4443,#9,1.2595999999999996);
#4445=IFCSTYLEDITEM(#4444,(#272),$);
#4446=IFCSHAPEREPRESENTATION(#24,'Body','SweptSolid',(#4444));
#4447=IFCPRODUCTDEFINITIONSHAPE($,$,(#4446));
#4448=IFCBEAM('0ekhV2_H95TvLl4hLKomiX',#18,'VB12',$,'VB12 767:VB12 767',#4438,#4447,'612322');
#4449=IFCBEAMTYPE('0ekhV2_H95TvLl4hLKolGi',#18,'VB12 767:VB12 767',$,$,(#4457),$,'567535',$,.NOTDEFINED.);
#4450=IFCPROPERTYSET('2GtqRDePeJTXWgftKfxAyi',#18,'Pset_BeamCommon',$,(#179,#180,#697));
#4451=IFCPROPERTYSET('0bn7L5sNiRTyRhISfGeKXT',#18,'Pset_QuantityTakeOff',$,(#697));
#4452=IFCPROPERTYSINGLEVALUE('Reference',$,IFCLABEL('Viga C-25 - Se\X\E7\X\E3o Retangular 14 X 30'),$);
#4453=IFCPROPERTYSET('1K0jwivRONgpyv0TXpLoM9',#18,'Pset_ReinforcementBarPitchOfBeam',$,(#4452));
#4454=IFCRELDEFINESBYPROPERTIES('0hqny8hcUVkrcwoAp1KvX8',#18,$,$,(#4448),#4450);
#4455=IFCRELDEFINESBYPROPERTIES('06OW6alaiHU1zab94hvVtf',#18,$,$,(#4448),#4451);
#4456=IFCRELDEFINESBYPROPERTIES('1f1z6v6l0NF3WTNTVq2LjX',#18,$,$,(#4448),#4453);
#4457=IFCPROPERTYSET('1_AyG4VhwS$XlUc9sdPBxv',#18,'Pset_BeamCommon',$,(#180));
#4458=IFCAXIS2PLACEMENT3D(#3,$,$);
#4459=IFCLOCALPLACEMENT(#35,#4458);
#4460=IFCCARTESIANPOINT((0.,-2.7061686225238191E-16));
#4461=IFCAXIS2PLACEMENT2D(#4460,#11);
#4462=IFCRECTANGLEPROFILEDEF(.AREA.,'VB12 734',#4461,0.30000000000000004,0.14000000000000012);
#4463=IFCCARTESIANPOINT((-19.22834619615201,-4.9365509244425505,0.70000000000059781));
#4464=IFCAXIS2PLACEMENT3D(#4463,#5,#10);
#4465=IFCEXTRUDEDAREASOLID(#4462,#4464,#9,1.8787000000000018);
#4466=IFCSTYLEDITEM(#4465,(#272),$);
#4467=IFCSHAPEREPRESENTATION(#24,'Body','SweptSolid',(#4465));
#4468=IFCPRODUCTDEFINITIONSHAPE($,$,(#4467));
#4469=IFCBEAM('0ekhV2_H95TvLl4hLKomiW',#18,'VB12',$,'VB12 734:VB12 734',#4459,#4468,'612323');
#4470=IFCBEAMTYPE('0ekhV2_H95TvLl4hLKolGk',#18,'VB12 734:VB12 734',$,$,(#4478),$,'567533',$,.NOTDEFINED.);
#4471=IFCPROPERTYSET('0CfL5QjX60Og6vmUOTSmye',#18,'Pset_BeamCommon',$,(#179,#180,#697));
#4472=IFCPROPERTYSET('2VUq4ZHAkU5qD4Xp3b8$UG',#18,'Pset_QuantityTakeOff',$,(#697));
#4473=IFCPROPERTYSINGLEVALUE('Reference',$,IFCLABEL('Viga C-25 - Se\X\E7\X\E3o Retangular 14 X 30'),$);
#4474=IFCPROPERTYSET('2bxtVDtbIIjGnR49dehfUB',#18,'Pset_ReinforcementBarPitchOfBeam',$,(#4473));
#4475=IFCRELDEFINESBYPROPERTIES('3x3b4KsRJWgETXQP6Q4_9U',#18,$,$,(#4469),#4471);
#4476=IFCRELDEFINESBYPROPERTIES('0_DnNCsCRKnBBYd1vfunui',#18,$,$,(#4469),#4472);
#4477=IFCRELDEFINESBYPROPERTIES('3$Jq$uIQq$jaa9xSF1r_o5',#18,$,$,(#4469),#4474);
#4478=IFCPROPERTYSET('0fJQUiKoo_92a5AEdVeSsH',#18,'Pset_BeamCommon',$,(#180));
#4479=IFCAXIS2PLACEMENT3D(#3,$,$);
#4480=IFCLOCALPLACEMENT(#35,#4479);
#4481=IFCCARTESIANPOINT((0.,0.));
#4482=IFCAXIS2PLACEMENT2D(#4481,#11);
#4483=IFCRECTANGLEPROFILEDEF(.AREA.,'VB11 701',#4482,0.30000000000000004,0.14000000000000012);
#4484=IFCCARTESIANPOINT((-14.28014619615201,-1.4871509244425505,0.70000000000059781));
#4485=IFCAXIS2PLACEMENT3D(#4484,#5,#10);
#4486=IFCEXTRUDEDAREASOLID(#4483,#4485,#9,1.5100999999999989);
#4487=IFCSTYLEDITEM(#4486,(#272),$);
#4488=IFCSHAPEREPRESENTATION(#24,'Body','SweptSolid',(#4486));
#4489=IFCPRODUCTDEFINITIONSHAPE($,$,(#4488));
#4490=IFCBEAM('0ekhV2_H95TvLl4hLKomid',#18,'VB11',$,'VB11 701:VB11 701',#4480,#4489,'612324');
#4491=IFCBEAMTYPE('0ekhV2_H95TvLl4hLKolGe',#18,'VB11 701:VB11 701',$,$,(#4499),$,'567531',$,.NOTDEFINED.);
#4492=IFCPROPERTYSET('1jV_3KjXxAb_H3vZgTgVMS',#18,'Pset_BeamCommon',$,(#179,#180,#697));
#4493=IFCPROPERTYSET('0HvojU_nqLWpFeahnegweH',#18,'Pset_QuantityTakeOff',$,(#697));
#4494=IFCPROPERTYSINGLEVALUE('Reference',$,IFCLABEL('Viga C-25 - Se\X\E7\X\E3o Retangular 14 X 30'),$);
#4495=IFCPROPERTYSET('3GQgX19jxbS8N24a54FLr9',#18,'Pset_ReinforcementBarPitchOfBeam',$,(#4494));
#4496=IFCRELDEFINESBYPROPERTIES('2Gu71HniYcsTLJ6Gd8yTXr',#18,$,$,(#4490),#4492);
#4497=IFCRELDEFINESBYPROPERTIES('3sGlUOXUWJDHeOuof9m1G8',#18,$,$,(#4490),#4493);
#4498=IFCRELDEFINESBYPROPERTIES('3lJnf6r4KJ7qyS44gNvH9Z',#18,$,$,(#4490),#4495);
#4499=IFCPROPERTYSET('0UmZUwuVUmdsbTaSIF4NvN',#18,'Pset_BeamCommon',$,(#180));
#4500=IFCAXIS2PLACEMENT3D(#3,$,$);
#4501=IFCLOCALPLACEMENT(#35,#4500);
#4502=IFCCARTESIANPOINT((0.,0.));
#4503=IFCAXIS2PLACEMENT2D(#4502,#11);
#4504=IFCRECTANGLEPROFILEDEF(.AREA.,'VB11 668',#4503,0.30000000000000004,0.14000000000000012);
#4505=IFCCARTESIANPOINT((-12.700046196152009,-1.4871509244425505,0.70000000000059781));
#4506=IFCAXIS2PLACEMENT3D(#4505,#5,#10);
#4507=IFCEXTRUDEDAREASOLID(#4504,#4506,#9,2.9496000000000007);
#4508=IFCSTYLEDITEM(#4507,(#272),$);
#4509=IFCSHAPEREPRESENTATION(#24,'Body','SweptSolid',(#4507));
#4510=IFCPRODUCTDEFINITIONSHAPE($,$,(#4509));
#4511=IFCBEAM('0ekhV2_H95TvLl4hLKomic',#18,'VB11',$,'VB11 668:VB11 668',#4501,#4510,'612325');
#4512=IFCBEAMTYPE('0ekhV2_H95TvLl4hLKolGg',#18,'VB11 668:VB11 668',$,$,(#4520),$,'567529',$,.NOTDEFINED.);
#4513=IFCPROPERTYSET('3ECiYsPbVWg_2TDHO9_O0B',#18,'Pset_BeamCommon',$,(#179,#180,#697));
#4514=IFCPROPERTYSET('1g_l5RLk$0zVMgq49C_IY4',#18,'Pset_QuantityTakeOff',$,(#697));
#4515=IFCPROPERTYSINGLEVALUE('Reference',$,IFCLABEL('Viga C-25 - Se\X\E7\X\E3o Retangular 14 X 30'),$);
#4516=IFCPROPERTYSET('3lxvR8CJlE6d4uTvIEeBRD',#18,'Pset_ReinforcementBarPitchOfBeam',$,(#4515));
#4517=IFCRELDEFINESBYPROPERTIES('0SXknkYb2tpefi5eYnwByX',#18,$,$,(#4511),#4513);
#4518=IFCRELDEFINESBYPROPERTIES('29isu1pAtFriuhZKJjw$UJ',#18,$,$,(#4511),#4514);
#4519=IFCRELDEFINESBYPROPERTIES('1zRtFFyVXa$TLC26_Bp7UE',#18,$,$,(#4511),#4516);
#4520=IFCPROPERTYSET('03TY39UqwkGcz1o9h6qBDT',#18,'Pset_BeamCommon',$,(#180));
#4521=IFCAXIS2PLACEMENT3D(#3,$,$);
#4522=IFCLOCALPLACEMENT(#35,#4521);
#4523=IFCCARTESIANPOINT((0.,0.));
#4524=IFCAXIS2PLACEMENT2D(#4523,#11);
#4525=IFCRECTANGLEPROFILEDEF(.AREA.,'VB10 635',#4524,0.30000000000000004,0.14000000000000001);
#4526=IFCCARTESIANPOINT((-12.700046196152009,0.0029490755574507321,0.70000000000059781));
#4527=IFCAXIS2PLACEMENT3D(#4526,#5,#10);
#4528=IFCEXTRUDEDAREASOLID(#4525,#4527,#9,2.8797999999999995);
#4529=IFCSTYLEDITEM(#4528,(#272),$);
#4530=IFCSHAPEREPRESENTATION(#24,'Body','SweptSolid',(#4528));
#4531=IFCPRODUCTDEFINITIONSHAPE($,$,(#4530));
#4532=IFCBEAM('0ekhV2_H95TvLl4hLKomib',#18,'VB10',$,'VB10 635:VB10 635',#4522,#4531,'612326');
#4533=IFCBEAMTYPE('0ekhV2_H95TvLl4hLKolGa',#18,'VB10 635:VB10 635',$,$,(#4541),$,'567527',$,.NOTDEFINED.);
#4534=IFCPROPERTYSET('3YtrDp2qpB8Y$teqE7k9$o',#18,'Pset_BeamCommon',$,(#179,#180,#697));
#4535=IFCPROPERTYSET('3NkZdSSekxRdp$RtR0JdCr',#18,'Pset_QuantityTakeOff',$,(#697));
#4536=IFCPROPERTYSINGLEVALUE('Reference',$,IFCLABEL('Viga C-25 - Se\X\E7\X\E3o Retangular 14 X 30'),$);
#4537=IFCPROPERTYSET('05_bFzh0Iwg_zxUa7yjjJa',#18,'Pset_ReinforcementBarPitchOfBeam',$,(#4536));
#4538=IFCRELDEFINESBYPROPERTIES('1ljs_HAfnJp4Xczl2_B7l_',#18,$,$,(#4532),#4534);
#4539=IFCRELDEFINESBYPROPERTIES('1$GCSZraVtJtLj61kVrQne',#18,$,$,(#4532),#4535);
#4540=IFCRELDEFINESBYPROPERTIES('3R8cEIvrcLK4CZdG696gbW',#18,$,$,(#4532),#4537);
#4541=IFCPROPERTYSET('3NEM8vKKgOdhg5OC4UvsSq',#18,'Pset_BeamCommon',$,(#180));
#4542=IFCAXIS2PLACEMENT3D(#3,$,$);
#4543=IFCLOCALPLACEMENT(#35,#4542);
#4544=IFCCARTESIANPOINT((0.,1.0824674490095276E-15));
#4545=IFCAXIS2PLACEMENT2D(#4544,#11);
#4546=IFCRECTANGLEPROFILEDEF(.AREA.,'VB1 602',#4545,0.30000000000000004,0.14000000000000065);
#4547=IFCCARTESIANPOINT((-13.049146196152009,12.86294907555745,0.70000000000059781));
#4548=IFCAXIS2PLACEMENT3D(#4547,#5,#10);
#4549=IFCEXTRUDEDAREASOLID(#4546,#4548,#9,3.2286999999999981);
#4550=IFCSTYLEDITEM(#4549,(#272),$);
#4551=IFCSHAPEREPRESENTATION(#24,'Body','SweptSolid',(#4549));
#4552=IFCPRODUCTDEFINITIONSHAPE($,$,(#4551));
#4553=IFCBEAM('0ekhV2_H95TvLl4hLKomia',#18,'VB1',$,'VB1 602:VB1 602',#4543,#4552,'612327');
#4554=IFCBEAMTYPE('0ekhV2_H95TvLl4hLKolGc',#18,'VB1 602:VB1 602',$,$,(#4562),$,'567525',$,.NOTDEFINED.);
#4555=IFCPROPERTYSET('2i3ME43ddgG4DQhq0X5N3L',#18,'Pset_BeamCommon',$,(#179,#180,#697));
#4556=IFCPROPERTYSET('3S57BDC4kN4$xzX088IYCi',#18,'Pset_QuantityTakeOff',$,(#697));
#4557=IFCPROPERTYSINGLEVALUE('Reference',$,IFCLABEL('Viga C-25 - Se\X\E7\X\E3o Retangular 14 X 30'),$);
#4558=IFCPROPERTYSET('0owhR92azSg_WkAEnmk5LV',#18,'Pset_ReinforcementBarPitchOfBeam',$,(#4557));
#4559=IFCRELDEFINESBYPROPERTIES('2YCedWvxZzd_DgGj4VyxkY',#18,$,$,(#4553),#4555);
#4560=IFCRELDEFINESBYPROPERTIES('1Fcr4Uxzvd3PSvVsnG_NCY',#18,$,$,(#4553),#4556);
#4561=IFCRELDEFINESBYPROPERTIES('08_hcFxKxLx4Aho8BzDc95',#18,$,$,(#4553),#4558);
#4562=IFCPROPERTYSET('3SbsU3mVSXWMTDDgooxNa7',#18,'Pset_BeamCommon',$,(#180));
#4563=IFCRELASSIGNSTOGROUP('0ekhV2_H95TvLl4hHKomqp',#18,$,$,(#177,#195,#222,#251,#276,#303,#324,#345,#374,#389,#416,#444,#459,#473,#540,#611,#674,#695,#725,#740,#767,#782,#809,#825,#852,#880,#895,#909,#923,#950,#966,#993,#1058,#1123,#1144,#1165,#1186,#1208,#1229,#1250,#1271,#1292,#1313,#1334,#1355,#1377,#1398,#1419,#1440,#1461,#1482,#1503,#1524,#1543,#1572,#1587,#1614,#1629,#1656,#1671,#1685,#1712,#1727,#1754,#1782,#1797,#1824,#1839,#1866,#1881,#1908,#1923,#1950,#1978,#1998,#2019,#2040,#2062,#2083,#2104,#2126,#2147,#2168,#2189,#2210,#2229,#2250,#2271,#2292,#2314,#2335,#2356,#2377,#2398,#2419,#2440,#2461,#2482,#2503,#2524,#2543,#2564,#2583,#2604,#2625,#2644,#2665,#2694,#2709,#2736,#2751,#2778,#2793,#2807,#2821,#2848,#2863,#2877,#2891,#2905,#2932,#2947,#2974,#3002,#3022,#3043,#3064,#3085,#3106,#3127,#3148,#3169,#3190,#3211,#3232,#3254,#3275,#3296,#3317,#3338,#3359,#3380,#3401,#3422,#3443,#3464,#3485,#3506,#3527,#3548,#3569,#3590,#3611,#3632,#3653,#3674,#3695,#3716,#3737,#3758,#3779,#3800,#3819,#3840,#3861,#3882,#3903,#3924,#3945,#3966,#3987,#4008,#4029,#4050,#4071,#4093,#4114,#4135,#4156,#4177,#4198,#4219,#4240,#4261,#4282,#4301,#4322,#4343,#4364,#4385,#4406,#4427,#4448,#4469,#4490,#4511,#4532,#4553),$,#76);
#4564=IFCPROPERTYSINGLEVALUE('AboveGround',$,IFCLOGICAL(.U.),$);
#4565=IFCPROPERTYSET('2FpkwSYp_WPXHXSnB$WXnQ',#18,'Pset_BuildingStoreyCommon',$,(#4564));
#4566=IFCRELDEFINESBYPROPERTIES('2lSNXjGSsDeAQi9xx0QS91',#18,$,$,(#36),#4565);
#4567=IFCRELCONTAINEDINSPATIALSTRUCTURE('1qv6ynVKX7xf87anO8vNi1',#18,$,$,(#2694,#2709,#2736,#2751,#2778,#2793,#2807,#2821,#2848,#2863,#2877,#2891,#2905,#2932,#2947,#2974,#3002,#3022,#3043,#3064,#3085,#3106,#3127,#3148,#3169,#3190,#3211,#3232,#3254,#3275,#3296,#3317,#3338,#3359,#3380,#3401,#3422,#3443,#3464,#3485,#3506,#3527,#3548,#3569,#3590,#3611,#3632,#3653,#3674,#3695,#3716,#3737,#3758,#3779,#3800,#3819,#3840,#3861,#3882,#3903,#3924,#3945,#3966,#3987,#4008,#4029,#4050,#4071,#4093,#4114,#4135,#4156,#4177,#4198,#4219,#4240,#4261,#4282,#4301,#4322,#4343,#4364,#4385,#4406,#4427,#4448,#4469,#4490,#4511,#4532,#4553),#36);
#4568=IFCPROPERTYSET('3576Evd4QlfmweffoB49IA',#18,'Pset_BuildingStoreyCommon',$,(#4564));
#4569=IFCRELDEFINESBYPROPERTIES('2hzJc2YJ3UrfiPBhHptKQu',#18,$,$,(#40),#4568);
#4570=IFCPROPERTYSET('39ddZN7rFdbp02jfS$JwKi',#18,'Pset_BuildingStoreyCommon',$,(#4564));
#4571=IFCRELDEFINESBYPROPERTIES('0z3r2HrxQsEFDK3DyhFl4a',#18,$,$,(#44),#4570);
#4572=IFCPROPERTYSET('3HtFYyL4EGneuNTNbSPvxh',#18,'Pset_BuildingStoreyCommon',$,(#4564));
#4573=IFCRELDEFINESBYPROPERTIES('3Olsbb_Ypf5RBmwXnxVRXa',#18,$,$,(#48),#4572);
#4574=IFCPROPERTYSET('3ish1x3$S2AmBVolPlzGFL',#18,'Pset_BuildingStoreyCommon',$,(#4564));
#4575=IFCRELDEFINESBYPROPERTIES('1AfXfc3awVG6p4Vq9GnTVj',#18,$,$,(#52),#4574);
#4576=IFCRELCONTAINEDINSPATIALSTRUCTURE('2AnbPH7xHFQBrrfOVw34p4',#18,$,$,(#1572,#1587,#1614,#1629,#1656,#1671,#1685,#1712,#1727,#1754,#1782,#1797,#1824,#1839,#1866,#1881,#1908,#1923,#1950,#1978,#1998,#2019,#2040,#2062,#2083,#2104,#2126,#2147,#2168,#2189,#2210,#2229,#2250,#2271,#2292,#2314,#2335,#2356,#2377,#2398,#2419,#2440,#2461,#2482,#2503,#2524,#2543,#2564,#2583,#2604,#2625,#2644,#2665),#52);
#4577=IFCPROPERTYSET('1tfRPqtIs0uzCGl8q1Us7p',#18,'Pset_BuildingStoreyCommon',$,(#4564));
#4578=IFCRELDEFINESBYPROPERTIES('17cJqwhPUxvMn5JGzWP6EC',#18,$,$,(#56),#4577);
#4579=IFCPROPERTYSET('2dP1hH$a8p$YoUCqOwxoxM',#18,'Pset_BuildingStoreyCommon',$,(#4564));
#4580=IFCRELDEFINESBYPROPERTIES('0M7_pLvWqSBN3nOxAc2q$q',#18,$,$,(#60),#4579);
#4581=IFCPROPERTYSET('2GztFxwiwGn$lvnVuNDODu',#18,'Pset_BuildingStoreyCommon',$,(#4564));
#4582=IFCRELDEFINESBYPROPERTIES('0NXyzmFHVNIvaZqLwzBlop',#18,$,$,(#64),#4581);
#4583=IFCPROPERTYSET('0S55REEJR9TjETkSwSgLtY',#18,'Pset_BuildingStoreyCommon',$,(#4564));
#4584=IFCRELDEFINESBYPROPERTIES('3fF1l7zfBXQXoaRUTSSvkm',#18,$,$,(#68),#4583);
#4585=IFCPROPERTYSET('27wG3CqADRmm4bmE72MuDb',#18,'Pset_BuildingStoreyCommon',$,(#4564));
#4586=IFCRELDEFINESBYPROPERTIES('0WJ4Qa1zwi8Gpju1QIBvbd',#18,$,$,(#72),#4585);
#4587=IFCRELCONTAINEDINSPATIALSTRUCTURE('2yt$ycS5r7TQaW_GpXXU$F',#18,$,$,(#177,#195,#222,#251,#276,#303,#324,#345,#374,#389,#416,#444,#459,#473,#540,#611,#674,#695,#725,#740,#767,#782,#809,#825,#852,#880,#895,#909,#923,#950,#966,#993,#1058,#1123,#1144,#1165,#1186,#1208,#1229,#1250,#1271,#1292,#1313,#1334,#1355,#1377,#1398,#1419,#1440,#1461,#1482,#1503,#1524,#1543),#72);
#4588=IFCRELAGGREGATES('315g9WYINlOAwD8h7Dohae',#18,$,$,#27,(#75));
#4589=IFCRELAGGREGATES('0ZA5Ak3anYQIsEzdqs1BgB',#18,$,$,#75,(#32));
#4590=IFCRELAGGREGATES('3mQBaTfuH9QBHDcYQBQvNl',#18,$,$,#32,(#36,#40,#44,#48,#52,#56,#60,#64,#68,#72));
#4591=IFCPROPERTYSINGLEVALUE('NumberOfStoreys',$,IFCINTEGER(3),$);
#4592=IFCPROPERTYSINGLEVALUE('IsLandmarked',$,IFCLOGICAL(.U.),$);
#4593=IFCPROPERTYSET('2sfh2nlcTl48WczameEQuV',#18,'Pset_BuildingCommon',$,(#4591,#4592));
#4594=IFCRELDEFINESBYPROPERTIES('2$CXzVlnlvT3jGg5GWG0EK',#18,$,$,(#32),#4593);
#4595=IFCRELASSOCIATESMATERIAL('2$rlTf69fiQLZJuOu9xuDe',#18,$,$,(#164,#177,#195,#215,#222,#244,#251,#367,#374,#389,#409,#416,#437,#444,#459,#473,#718,#725,#740,#760,#767,#782,#802,#809,#825,#845,#852,#873,#880,#895,#909,#923,#943,#950,#966,#986,#993,#1565,#1572,#1587,#1607,#1614,#1629,#1649,#1656,#1671,#1685,#1705,#1712,#1727,#1747,#1754,#1775,#1782,#1797,#1817,#1824,#1839,#1859,#1866,#1881,#1901,#1908,#1923,#1943,#1950,#1971,#1978,#2687,#2694,#2709,#2729,#2736,#2751,#2771,#2778,#2793,#2807,#2821,#2841,#2848,#2863,#2877,#2891,#2905,#2925,#2932,#2947,#2967,#2974,#2995,#3002),#165);
#4596=IFCRELASSOCIATESMATERIAL('0LSGusHGQQH6jJ40OuVN3c',#18,$,$,(#276,#303,#324,#345,#695,#1144,#1165,#1186,#1208,#1229,#1250,#1271,#1292,#1313,#1334,#1355,#1377,#1398,#1419,#1440,#1461,#1482,#1503,#1524,#1543,#1998,#2019,#2040,#2062,#2083,#2104,#2126,#2147,#2168,#2189,#2210,#2229,#2250,#2271,#2292,#2314,#2335,#2356,#2377,#2398,#2419,#2440,#2461,#2482,#2503,#2524,#2543,#2564,#2583,#2604,#2625,#2644,#2665,#3022,#3043,#3064,#3085,#3106,#3127,#3148,#3169,#3190,#3211,#3232,#3254,#3275,#3296,#3317,#3338,#3359,#3380,#3401,#3422,#3443,#3464,#3485,#3506,#3527,#3548,#3569,#3590,#3611,#3632,#3653,#3674,#3695,#3716,#3737,#3758,#3779,#3800,#3819,#3840,#3861,#3882,#3903,#3924,#3945,#3966,#3987,#4008,#4029,#4050,#4071,#4093,#4114,#4135,#4156,#4177,#4198,#4219,#4240,#4261,#4282,#4301,#4322,#4343,#4364,#4385,#4406,#4427,#4448,#4469,#4490,#4511,#4532,#4553),#278);
#4597=IFCRELASSOCIATESMATERIAL('3gPLILiPdJ67xp7Jwy4NXv',#18,$,$,(#540,#611,#674,#1058,#1123),#542);
#4598=IFCRELDEFINESBYTYPE('0Ryxp6c_Lrp5TiHvXgAYud',#18,$,$,(#177,#195),#164);
#4599=IFCRELDEFINESBYTYPE('0SgQYsoQ1e7QCOyDoj6sl0',#18,$,$,(#222),#215);
#4600=IFCRELDEFINESBYTYPE('3HvgbOnVedFRbI7NFj7Dze',#18,$,$,(#251),#244);
#4601=IFCRELDEFINESBYTYPE('2r2UKdn4XkANiOfOAfzFMm',#18,$,$,(#276),#277);
#4602=IFCRELDEFINESBYTYPE('0Ts8npFXXL6wjl99Jzh7Cz',#18,$,$,(#303),#304);
#4603=IFCRELDEFINESBYTYPE('29jQrS3gRG1ryiJ7q_pX0U',#18,$,$,(#324),#325);
#4604=IFCRELDEFINESBYTYPE('1gH7Bx6rEihpA0CbMcPG_2',#18,$,$,(#345),#346);
#4605=IFCRELDEFINESBYTYPE('3YVJKakYN2l8hKqVDpKkrA',#18,$,$,(#374,#389,#459,#473),#367);
#4606=IFCRELDEFINESBYTYPE('2HGXNTbb6I910ESsSWjDFD',#18,$,$,(#416),#409);
#4607=IFCRELDEFINESBYTYPE('1Gmo6lpjB9sUqsWcRO86FB',#18,$,$,(#444),#437);
#4608=IFCRELDEFINESBYTYPE('0ojsxak2fhc3PMK4okMNTU',#18,$,$,(#540,#611),#541);
#4609=IFCRELDEFINESBYTYPE('07UhBz30UX0U2H_80TsrmJ',#18,$,$,(#674),#675);
#4610=IFCRELDEFINESBYTYPE('1GJy0y6oH3VLgZ3DoXSKZn',#18,$,$,(#695),#696);
#4611=IFCRELDEFINESBYTYPE('0npCgQAK3D_4mdjz5UVMbm',#18,$,$,(#725,#740,#825,#895,#909,#923),#718);
#4612=IFCRELDEFINESBYTYPE('0lXOk$5WctOWqD6rVvF_kH',#18,$,$,(#767,#782,#966),#760);
#4613=IFCRELDEFINESBYTYPE('0TYIuuykWo5d$69Jtqr_YQ',#18,$,$,(#809),#802);
#4614=IFCRELDEFINESBYTYPE('2hwGX8awppL_iN9ZLPSRJb',#18,$,$,(#852),#845);
#4615=IFCRELDEFINESBYTYPE('1nJzlHT6mbULpDazDG5dew',#18,$,$,(#880),#873);
#4616=IFCRELDEFINESBYTYPE('26UIVSi8thgsZcIa$FDN3_',#18,$,$,(#950),#943);
#4617=IFCRELDEFINESBYTYPE('1Les6SM$OHwQyg1arae4dq',#18,$,$,(#993),#986);
#4618=IFCRELDEFINESBYTYPE('0xSs63k25j2OJY7no3nFNP',#18,$,$,(#1058),#1059);
#4619=IFCRELDEFINESBYTYPE('19MuARVjq3$2_rEp9Rl09m',#18,$,$,(#1123),#1124);
#4620=IFCRELDEFINESBYTYPE('0UD9r9EroWm4WsAiu1vEEI',#18,$,$,(#1144),#1145);
#4621=IFCRELDEFINESBYTYPE('3R4243$jzkQC_7ntKaN1a3',#18,$,$,(#1165),#1166);
#4622=IFCRELDEFINESBYTYPE('3yQ6twRuAsbEFOW5NYaFr1',#18,$,$,(#1186),#1187);
#4623=IFCRELDEFINESBYTYPE('0YdUV96libIknB4hCsTEp3',#18,$,$,(#1208,#2524),#1209);
#4624=IFCRELDEFINESBYTYPE('36tYH6imuZhsJoSwAjR4Yk',#18,$,$,(#1229,#2564),#1230);
#4625=IFCRELDEFINESBYTYPE('0c$r3KHCmCa6qoOYWT5Sgo',#18,$,$,(#1250),#1251);
#4626=IFCRELDEFINESBYTYPE('2GZ6G1WMsaLA5aIiNkDSlQ',#18,$,$,(#1271),#1272);
#4627=IFCRELDEFINESBYTYPE('0Sezkq279qAcGIAYcvYPXy',#18,$,$,(#1292),#1293);
#4628=IFCRELDEFINESBYTYPE('3gH_kadqEFfP40Tj5mVr8k',#18,$,$,(#1313),#1314);
#4629=IFCRELDEFINESBYTYPE('23OEAsTCBhjq_i402nXxAR',#18,$,$,(#1334,#2625),#1335);
#4630=IFCRELDEFINESBYTYPE('3hz37KzES7u_sHPPZJBBrv',#18,$,$,(#1355),#1356);
#4631=IFCRELDEFINESBYTYPE('214$8jK__TnXVPn41PFVBf',#18,$,$,(#1377),#1378);
#4632=IFCRELDEFINESBYTYPE('3UpDs_jb98CdHy$g0tuo2J',#18,$,$,(#1398),#1399);
#4633=IFCRELDEFINESBYTYPE('3UTehC_dJbFr_07jOTMSgA',#18,$,$,(#1419,#2210),#1420);
#4634=IFCRELDEFINESBYTYPE('0$$cYccQcPldRUn8UAq_Zd',#18,$,$,(#1440),#1441);
#4635=IFCRELDEFINESBYTYPE('1vixPrOAsD9npHYbHNEMYG',#18,$,$,(#1461,#1524),#1462);
#4636=IFCRELDEFINESBYTYPE('15uGiC31TGXimB56XwsbbX',#18,$,$,(#1482),#1483);
#4637=IFCRELDEFINESBYTYPE('17VTncFnu$SGJkzREGXrYM',#18,$,$,(#1503),#1504);
#4638=IFCRELDEFINESBYTYPE('3D95xQnZVBA$x4gw9UBjQC',#18,$,$,(#1543),#1544);
#4639=IFCRELDEFINESBYTYPE('3jehcOmljotWf$xnQIdDXH',#18,$,$,(#1572,#1587,#1839,#1881),#1565);
#4640=IFCRELDEFINESBYTYPE('0PQPocfNM4dkB2R4sCaNBC',#18,$,$,(#1614,#1629,#1671,#1685,#1727,#1797,#1923),#1607);
#4641=IFCRELDEFINESBYTYPE('0lx8Ru8X$QANuboaOzJ6vp',#18,$,$,(#1656),#1649);
#4642=IFCRELDEFINESBYTYPE('2zQqLng6QWFqVTN_Su55Hu',#18,$,$,(#1712),#1705);
#4643=IFCRELDEFINESBYTYPE('33GHeSyk0ciqDr8h2xE7IH',#18,$,$,(#1754),#1747);
#4644=IFCRELDEFINESBYTYPE('3PvQ0zRj5N3UQzg_iL$P17',#18,$,$,(#1782),#1775);
#4645=IFCRELDEFINESBYTYPE('2zovpD7jEnDdBOedbMdooP',#18,$,$,(#1824),#1817);
#4646=IFCRELDEFINESBYTYPE('1Sv55c$Wwiz3bHJdCkiWWG',#18,$,$,(#1866),#1859);
#4647=IFCRELDEFINESBYTYPE('2nwxWVUHNbs$Jcb8Jj3szJ',#18,$,$,(#1908),#1901);
#4648=IFCRELDEFINESBYTYPE('2Uczpe4ZmhS6M5jY4$lzvv',#18,$,$,(#1950),#1943);
#4649=IFCRELDEFINESBYTYPE('0$x1WCKGinDSHpyYql4CfJ',#18,$,$,(#1978),#1971);
#4650=IFCRELDEFINESBYTYPE('1KuX7496EefAwhn2OwJVeM',#18,$,$,(#1998),#1999);
#4651=IFCRELDEFINESBYTYPE('2qoWMrWRiFAEj_KcpszC_R',#18,$,$,(#2019),#2020);
#4652=IFCRELDEFINESBYTYPE('1rbmU7Cj8OLjvWFQ$GBZ5D',#18,$,$,(#2040),#2041);
#4653=IFCRELDEFINESBYTYPE('37MBha5bKZrlysOIzn0JsW',#18,$,$,(#2062),#2063);
#4654=IFCRELDEFINESBYTYPE('3KfUcDvcRzsY4IABHkBBiV',#18,$,$,(#2083),#2084);
#4655=IFCRELDEFINESBYTYPE('27Xa92rdHZN6LgY8P2sBT3',#18,$,$,(#2104),#2105);
#4656=IFCRELDEFINESBYTYPE('2dUN46mHX4ZcuqHGclVogE',#18,$,$,(#2126),#2127);
#4657=IFCRELDEFINESBYTYPE('0WsqjukwVB2cfH$i4Ghd7_',#18,$,$,(#2147),#2148);
#4658=IFCRELDEFINESBYTYPE('2TDpqjiTeJlkFyq8w5lJJ7',#18,$,$,(#2168),#2169);
#4659=IFCRELDEFINESBYTYPE('2$r8GARwodGPBpU_$_2PQ9',#18,$,$,(#2189),#2190);
#4660=IFCRELDEFINESBYTYPE('1lTvjVg0iWbB4iYRusM1Z5',#18,$,$,(#2229),#2230);
#4661=IFCRELDEFINESBYTYPE('3lCdjOvn$V7vK0DWZGYBvs',#18,$,$,(#2250),#2251);
#4662=IFCRELDEFINESBYTYPE('3pyOd8T3uH9BFbeE5KkS8c',#18,$,$,(#2271),#2272);
#4663=IFCRELDEFINESBYTYPE('13kjXmOmJjmoYdNTEbSkF2',#18,$,$,(#2292),#2293);
#4664=IFCRELDEFINESBYTYPE('1l7sxsF7O$W0d3iEahLxLE',#18,$,$,(#2314),#2315);
#4665=IFCRELDEFINESBYTYPE('1gSk4gtznRY14n75TKEpNn',#18,$,$,(#2335),#2336);
#4666=IFCRELDEFINESBYTYPE('30gp_PkUuFfxE5kRenWVGH',#18,$,$,(#2356),#2357);
#4667=IFCRELDEFINESBYTYPE('2zLokddTCnHy63Jc0gu83y',#18,$,$,(#2377),#2378);
#4668=IFCRELDEFINESBYTYPE('2QampuO2l$TekaqMbVCX7u',#18,$,$,(#2398),#2399);
#4669=IFCRELDEFINESBYTYPE('1FPVk7lkDSoH0MwhA5RKvk',#18,$,$,(#2419),#2420);
#4670=IFCRELDEFINESBYTYPE('01jMneKMOPOJSSYPNqg9IQ',#18,$,$,(#2440),#2441);
#4671=IFCRELDEFINESBYTYPE('3dAh6yr3uLUDk7XBV1AS73',#18,$,$,(#2461),#2462);
#4672=IFCRELDEFINESBYTYPE('3b6jkT9LhYi3N4Qjv3NBlu',#18,$,$,(#2482),#2483);
#4673=IFCRELDEFINESBYTYPE('1HrrnDxzPLv9F57szAct8L',#18,$,$,(#2503),#2504);
#4674=IFCRELDEFINESBYTYPE('20JxeBf64$I36Jo5kbei$j',#18,$,$,(#2543),#2544);
#4675=IFCRELDEFINESBYTYPE('25vaT8nd8qgegSi$g1sFHF',#18,$,$,(#2583),#2584);
#4676=IFCRELDEFINESBYTYPE('2N1d20aAbjU8xj92VG4XiT',#18,$,$,(#2604),#2605);
#4677=IFCRELDEFINESBYTYPE('0L_LWWQVxN9ly1rzcwvvel',#18,$,$,(#2644),#2645);
#4678=IFCRELDEFINESBYTYPE('1hGxuBxv6$K4ZuTO_9$yEs',#18,$,$,(#2665),#2666);
#4679=IFCRELDEFINESBYTYPE('0TxdyxqyGhP_BAlUj9SW7r',#18,$,$,(#2694,#2709,#2891,#2905),#2687);
#4680=IFCRELDEFINESBYTYPE('126a5NJcEymFJ3jl35gxt2',#18,$,$,(#2736,#2751,#2793,#2807,#2821,#2863,#2877,#2947),#2729);
#4681=IFCRELDEFINESBYTYPE('1mt0VF3Q9BH$KcNzDbJF6q',#18,$,$,(#2778),#2771);
#4682=IFCRELDEFINESBYTYPE('0bGa0tBxaqomJSOt9TsCLh',#18,$,$,(#2848),#2841);
#4683=IFCRELDEFINESBYTYPE('0yJGAe_LqNYhDULTXODSKV',#18,$,$,(#2932),#2925);
#4684=IFCRELDEFINESBYTYPE('1eKpgCabbSRwM83qDr99T2',#18,$,$,(#2974),#2967);
#4685=IFCRELDEFINESBYTYPE('3926p0KIt9mnThv2A6HDEA',#18,$,$,(#3002),#2995);
#4686=IFCRELDEFINESBYTYPE('2zu28KVKNBQtZAH6oPcL29',#18,$,$,(#3022),#3023);
#4687=IFCRELDEFINESBYTYPE('1krqU4ZeHB4Ki$YWs45RBt',#18,$,$,(#3043),#3044);
#4688=IFCRELDEFINESBYTYPE('2rawLGzcGr3mh4niYLeyG7',#18,$,$,(#3064),#3065);
#4689=IFCRELDEFINESBYTYPE('0coEENKs5Bio9GOKnt6XlB',#18,$,$,(#3085),#3086);
#4690=IFCRELDEFINESBYTYPE('2uClLgttvfYH1RqOC8r6_F',#18,$,$,(#3106),#3107);
#4691=IFCRELDEFINESBYTYPE('1Ps71gJlQ52O7Wf9Q6DDOF',#18,$,$,(#3127),#3128);
#4692=IFCRELDEFINESBYTYPE('08BlmzagkqGFbstWy7rxfQ',#18,$,$,(#3148),#3149);
#4693=IFCRELDEFINESBYTYPE('0fH2jKYsCzr4pqp8JGX3Pm',#18,$,$,(#3169),#3170);
#4694=IFCRELDEFINESBYTYPE('1T6bHDt_TeMBlJVg9HrdBx',#18,$,$,(#3190),#3191);
#4695=IFCRELDEFINESBYTYPE('3hHbsiMBBDo9dq_oMYnd$H',#18,$,$,(#3211),#3212);
#4696=IFCRELDEFINESBYTYPE('163G$xMNo0VxUnPcuyDbF8',#18,$,$,(#3232),#3233);
#4697=IFCRELDEFINESBYTYPE('2nLB_sB_2gYJFWQf2WgcMN',#18,$,$,(#3254),#3255);
#4698=IFCRELDEFINESBYTYPE('1Tl7bPAXIA63AMrTcYV6mX',#18,$,$,(#3275),#3276);
#4699=IFCRELDEFINESBYTYPE('0t9FK5U071E5uBNPNjT0eB',#18,$,$,(#3296),#3297);
#4700=IFCRELDEFINESBYTYPE('3asmPh_Heq9VSCKvKGtZjF',#18,$,$,(#3317),#3318);
#4701=IFCRELDEFINESBYTYPE('0MhpRT8xXx_3wWYEHbyo3C',#18,$,$,(#3338),#3339);
#4702=IFCRELDEFINESBYTYPE('1NHfcnoRzQyz6_tHpoZSDu',#18,$,$,(#3359),#3360);
#4703=IFCRELDEFINESBYTYPE('0NKEOyAMYrl67lArs9ocRS',#18,$,$,(#3380),#3381);
#4704=IFCRELDEFINESBYTYPE('2f55Hanf_39X59VT0Wek7f',#18,$,$,(#3401),#3402);
#4705=IFCRELDEFINESBYTYPE('2Su9yT01A0SnpOn2XkPIRl',#18,$,$,(#3422),#3423);
#4706=IFCRELDEFINESBYTYPE('1RVx4VdfIQKvNZfLQ251qL',#18,$,$,(#3443),#3444);
#4707=IFCRELDEFINESBYTYPE('1T_x5oM3NdcZCTGDKvuYlI',#18,$,$,(#3464),#3465);
#4708=IFCRELDEFINESBYTYPE('0FudNkgdsxhISmTgnTq6Eo',#18,$,$,(#3485,#3800),#3486);
#4709=IFCRELDEFINESBYTYPE('0JHuk6TuMPiLFY63UP4kEA',#18,$,$,(#3506),#3507);
#4710=IFCRELDEFINESBYTYPE('3MSUe4y1swKgajDMVvIK4c',#18,$,$,(#3527),#3528);
#4711=IFCRELDEFINESBYTYPE('3QmMNBdExDyW_18np6f4uT',#18,$,$,(#3548),#3549);
#4712=IFCRELDEFINESBYTYPE('2phH0vvMm1EwaodV9iHAVf',#18,$,$,(#3569),#3570);
#4713=IFCRELDEFINESBYTYPE('0M_9VI3s06eV2cbZ$AUvpo',#18,$,$,(#3590),#3591);
#4714=IFCRELDEFINESBYTYPE('1ZFrCEinEZTja5ViGwuwwt',#18,$,$,(#3611),#3612);
#4715=IFCRELDEFINESBYTYPE('3QlHxOxZrvwJ3LkicSKaF_',#18,$,$,(#3632),#3633);
#4716=IFCRELDEFINESBYTYPE('3uM0ZrFW1AojZlwZSTUNXj',#18,$,$,(#3653),#3654);
#4717=IFCRELDEFINESBYTYPE('12DSSEZbgZJgMWz5rxqzKN',#18,$,$,(#3674),#3675);
#4718=IFCRELDEFINESBYTYPE('20xqLMyYtjJIMAX0J9a_qa',#18,$,$,(#3695),#3696);
#4719=IFCRELDEFINESBYTYPE('0g62dSw9zVKHXs07_K0TsJ',#18,$,$,(#3716),#3717);
#4720=IFCRELDEFINESBYTYPE('3wZfXDw3bEjVeOgEbmAqaD',#18,$,$,(#3737),#3738);
#4721=IFCRELDEFINESBYTYPE('264RRguPYTr5QA6EURwQ9X',#18,$,$,(#3758),#3759);
#4722=IFCRELDEFINESBYTYPE('2amrd2HiDK4i7p6gRBHvD1',#18,$,$,(#3779),#3780);
#4723=IFCRELDEFINESBYTYPE('3BE6eW_n_ziyPiW86mUu8K',#18,$,$,(#3819),#3820);
#4724=IFCRELDEFINESBYTYPE('0CFAub0w2CnEYF$vKks6om',#18,$,$,(#3840),#3841);
#4725=IFCRELDEFINESBYTYPE('0n4d65IHZjQoKPOfN_inka',#18,$,$,(#3861),#3862);
#4726=IFCRELDEFINESBYTYPE('2JSr6I10wR41WNGG_wms58',#18,$,$,(#3882),#3883);
#4727=IFCRELDEFINESBYTYPE('0I_LR0z74nreMcpqAXWgp0',#18,$,$,(#3903),#3904);
#4728=IFCRELDEFINESBYTYPE('1ogzkbTSaG9nKuhM2Ut3Gx',#18,$,$,(#3924),#3925);
#4729=IFCRELDEFINESBYTYPE('1_Um4Zi$gJcdrHvNX4mqoC',#18,$,$,(#3945),#3946);
#4730=IFCRELDEFINESBYTYPE('04Oes1F$EkR_A3ek8bNSMn',#18,$,$,(#3966),#3967);
#4731=IFCRELDEFINESBYTYPE('1iVikPyt8lfywMt9O5GLgl',#18,$,$,(#3987),#3988);
#4732=IFCRELDEFINESBYTYPE('26wDZGBLbcqmq0F8kPn5lv',#18,$,$,(#4008),#4009);
#4733=IFCRELDEFINESBYTYPE('3KND4770dTpT9lot0jHg5s',#18,$,$,(#4029),#4030);
#4734=IFCRELDEFINESBYTYPE('0WxwLn5blTR0Z_89uvaPRt',#18,$,$,(#4050),#4051);
#4735=IFCRELDEFINESBYTYPE('3PNWhp2d441a28AJNZuHXo',#18,$,$,(#4071),#4072);
#4736=IFCRELDEFINESBYTYPE('2vzaV1B_7KnJKOaj3lwWt1',#18,$,$,(#4093),#4094);
#4737=IFCRELDEFINESBYTYPE('1ZiX34dQGZRChjF$1FaNki',#18,$,$,(#4114),#4115);
#4738=IFCRELDEFINESBYTYPE('3Nj16axiZRfWxIze3oV1JD',#18,$,$,(#4135),#4136);
#4739=IFCRELDEFINESBYTYPE('3QREH8lqoSyVHNjdjhsFAP',#18,$,$,(#4156),#4157);
#4740=IFCRELDEFINESBYTYPE('2kWHAtw_DJqlRZFWedx$Vj',#18,$,$,(#4177),#4178);
#4741=IFCRELDEFINESBYTYPE('1LYVlZX76Pd0dqPRQoqZNA',#18,$,$,(#4198),#4199);
#4742=IFCRELDEFINESBYTYPE('3SGWkdYQSuDLFzd9nSd89A',#18,$,$,(#4219),#4220);
#4743=IFCRELDEFINESBYTYPE('1JHWXjN_aNuBTs9pSW77HW',#18,$,$,(#4240),#4241);
#4744=IFCRELDEFINESBYTYPE('24ox6B$4wdktIR6Nh6BNrY',#18,$,$,(#4261,#4282),#4262);
#4745=IFCRELDEFINESBYTYPE('3mmrJJ13WqxTQo_3B45k5O',#18,$,$,(#4301),#4302);
#4746=IFCRELDEFINESBYTYPE('1Se2qCURJ2C7hUsIaWjpmX',#18,$,$,(#4322),#4323);
#4747=IFCRELDEFINESBYTYPE('0AJf325p3RfSGtuU5IX1Q$',#18,$,$,(#4343),#4344);
#4748=IFCRELDEFINESBYTYPE('0Yd4agylPZnINDHp7QQNGT',#18,$,$,(#4364),#4365);
#4749=IFCRELDEFINESBYTYPE('0fuqIww0Ds4PHLkAMoLIXa',#18,$,$,(#4385),#4386);
#4750=IFCRELDEFINESBYTYPE('1Y11PDrzxbVQ$B5SfBla6u',#18,$,$,(#4406),#4407);
#4751=IFCRELDEFINESBYTYPE('1fhA6iInIKXPUki1wDn$JX',#18,$,$,(#4427),#4428);
#4752=IFCRELDEFINESBYTYPE('0U6TuQI0Zfki_1a7Vzu3uu',#18,$,$,(#4448),#4449);
#4753=IFCRELDEFINESBYTYPE('0e5C9tYTqkIP$CHzub1xVY',#18,$,$,(#4469),#4470);
#4754=IFCRELDEFINESBYTYPE('0W5pKWMql6iEk97BNLa75N',#18,$,$,(#4490),#4491);
#4755=IFCRELDEFINESBYTYPE('0V_Uwelg$pJDciietmUcgy',#18,$,$,(#4511),#4512);
#4756=IFCRELDEFINESBYTYPE('2u5$Ns1I1_AU2vAkuSOLJ0',#18,$,$,(#4532),#4533);
#4757=IFCRELDEFINESBYTYPE('1c9oo3GSFcj0s1QXmh3CIo',#18,$,$,(#4553),#4554);
#4758=IFCPRESENTATIONLAYERASSIGNMENT('S-COLS-____-OTLN',$,(#161,#172,#190,#212,#217,#241,#246,#364,#369,#384,#406,#411,#434,#439,#454,#468,#715,#720,#735,#757,#762,#777,#799,#804,#820,#842,#847,#870,#875,#890,#904,#918,#940,#945,#961,#983,#988,#1562,#1567,#1582,#1604,#1609,#1624,#1646,#1651,#1666,#1680,#1702,#1707,#1722,#1744,#1749,#1772,#1777,#1792,#1814,#1819,#1834,#1856,#1861,#1876,#1898,#1903,#1918,#1940,#1945,#1968,#1973,#2684,#2689,#2704,#2726,#2731,#2746,#2768,#2773,#2788,#2802,#2816,#2838,#2843,#2858,#2872,#2886,#2900,#2922,#2927,#2942,#2964,#2969,#2992,#2997),$);
#4759=IFCPRESENTATIONLAYERASSIGNMENT('S-BEAM-____-OTLN',$,(#274,#301,#322,#343,#538,#609,#672,#693,#1056,#1121,#1142,#1163,#1184,#1206,#1227,#1248,#1269,#1290,#1311,#1332,#1353,#1375,#1396,#1417,#1438,#1459,#1480,#1501,#1522,#1541,#1996,#2017,#2038,#2060,#2081,#2102,#2124,#2145,#2166,#2187,#2208,#2227,#2248,#2269,#2290,#2312,#2333,#2354,#2375,#2396,#2417,#2438,#2459,#2480,#2501,#2522,#2541,#2562,#2581,#2602,#2623,#2642,#2663,#3020,#3041,#3062,#3083,#3104,#3125,#3146,#3167,#3188,#3209,#3230,#3252,#3273,#3294,#3315,#3336,#3357,#3378,#3399,#3420,#3441,#3462,#3483,#3504,#3525,#3546,#3567,#3588,#3609,#3630,#3651,#3672,#3693,#3714,#3735,#3756,#3777,#3798,#3817,#3838,#3859,#3880,#3901,#3922,#3943,#3964,#3985,#4006,#4027,#4048,#4069,#4091,#4112,#4133,#4154,#4175,#4196,#4217,#4238,#4259,#4280,#4299,#4320,#4341,#4362,#4383,#4404,#4425,#4446,#4467,#4488,#4509,#4530,#4551),$);
#4760=IFCUNITASSIGNMENT((#19,#154,#155));
ENDSEC;

END-ISO-10303-21;